freq_hz,freq_word,xr,xi,yr,yi,x_mag_db,y_mag_db
1.000000000000000000e+04,2.386090000000000000e+05,2.779472060501575470e-02,-1.448629498481750488e-01,-5.808434262871742249e-02,-7.429402321577072144e-02,-1.662384605407714844e+01,-2.050932693481445312e+01
1.000786523437500000e+04,2.388000000000000000e+05,3.953537344932556152e-02,1.423452347517013550e-01,8.520358055830001831e-02,4.074822738766670227e-02,-1.661041450500488281e+01,-2.049631881713867188e+01
1.001573730468750000e+04,2.389910000000000000e+05,1.392664611339569092e-01,5.075623095035552979e-02,8.286936581134796143e-02,-4.561954364180564880e-02,-1.658143424987792969e+01,-2.048250961303710938e+01
1.002361523437500000e+04,2.391810000000000000e+05,1.480270475149154663e-01,-1.670721831033006310e-04,6.200826540589332581e-02,-7.138261198997497559e-02,-1.659317398071289062e+01,-2.048638153076171875e+01
1.003149902343750000e+04,2.393480000000000000e+05,-1.455126255750656128e-01,2.293339557945728302e-02,-5.062130466103553772e-02,7.999551296234130859e-02,-1.663542938232421875e+01,-2.047604751586914062e+01
1.003938964843750000e+04,2.395390000000000000e+05,1.472101807594299316e-01,-1.106802187860012054e-02,5.657185614109039307e-02,-7.565113157033920288e-02,-1.661676216125488281e+01,-2.049466323852539062e+01
1.004728613281250000e+04,2.397300000000000000e+05,1.474084109067916870e-01,-1.226236578077077866e-02,5.590937286615371704e-02,-7.591776549816131592e-02,-1.659960556030273438e+01,-2.051129341125488281e+01
1.005518847656250000e+04,2.399210000000000000e+05,-1.090017855167388916e-01,9.598159044981002808e-02,5.900050018681213260e-05,9.323305636644363403e-02,-1.675844001770019531e+01,-2.060860061645507812e+01
1.006309765625000000e+04,2.401120000000000000e+05,8.761686086654663086e-02,-1.165079399943351746e-01,-1.919189654290676117e-02,-9.134876728057861328e-02,-1.672624397277832031e+01,-2.059835815429687500e+01
1.007101269531250000e+04,2.403030000000000000e+05,5.124824121594429016e-02,-1.342236995697021484e-01,-4.287179559469223022e-02,-8.154241740703582764e-02,-1.685240173339843750e+01,-2.071237754821777344e+01
1.007893457031250000e+04,2.404940000000000000e+05,3.572249412536621094e-02,-1.428445428609848022e-01,-5.377706512808799744e-02,-7.713342458009719849e-02,-1.663927459716796875e+01,-2.053472328186035156e+01
1.008686132812500000e+04,2.406850000000000000e+05,4.841537028551101685e-02,1.394806653261184692e-01,8.729165792465209961e-02,3.504198417067527771e-02,-1.661565399169921875e+01,-2.053165817260742188e+01
1.009479589843750000e+04,2.408760000000000000e+05,-3.607758507132530212e-02,1.363156735897064209e-01,5.025927349925041199e-02,7.550054788589477539e-02,-1.701505851745605469e+01,-2.084794044494628906e+01
1.010273535156250000e+04,2.410660000000000000e+05,-6.705944240093231201e-02,-1.300454884767532349e-01,-9.072932600975036621e-02,-2.222379855811595917e-02,-1.669407653808593750e+01,-2.059199333190917969e+01
1.011068164062500000e+04,2.412570000000000000e+05,7.281623035669326782e-02,-1.241061240434646606e-01,-2.897024154663085938e-02,-8.774691075086593628e-02,-1.683934593200683594e+01,-2.068603324890136719e+01
1.011863476562500000e+04,2.414480000000000000e+05,-1.152184531092643738e-01,-8.043879270553588867e-02,-8.792238682508468628e-02,2.108578197658061981e-02,-1.704527664184570312e+01,-2.087514495849609375e+01
1.012659375000000000e+04,2.416390000000000000e+05,-3.050912544131278992e-02,1.421682387590408325e-01,5.581415817141532898e-02,7.436776161193847656e-02,-1.674841308593750000e+01,-2.063195800781250000e+01
1.013455859375000000e+04,2.418300000000000000e+05,-1.020027846097946167e-01,1.057127863168716431e-01,8.299302309751510620e-03,9.326966851949691772e-02,-1.665953254699707031e+01,-2.057094192504882812e+01
1.014253027343750000e+04,2.420210000000000000e+05,5.415413901209831238e-02,-1.381688117980957031e-01,-4.416589066386222839e-02,-8.290445059537887573e-02,-1.657117652893066406e+01,-2.054345703125000000e+01
1.015050781250000000e+04,2.422120000000000000e+05,-9.859922528266906738e-02,1.086092293262481689e-01,1.113331224769353867e-02,9.257878363132476807e-02,-1.667202758789062500e+01,-2.060741424560546875e+01
1.015849121093750000e+04,2.423790000000000000e+05,1.983369234949350357e-03,-1.438626945018768311e-01,-6.856368482112884521e-02,-6.155993044376373291e-02,-1.684021186828613281e+01,-2.071061325073242188e+01
1.016648144531250000e+04,2.425700000000000000e+05,-1.363692581653594971e-01,3.391738235950469971e-02,-4.136234149336814880e-02,8.035878092050552368e-02,-1.704499816894531250e+01,-2.087864112854003906e+01
1.017447753906250000e+04,2.427610000000000000e+05,1.226898580789566040e-01,4.702714458107948303e-02,7.564040273427963257e-02,-3.907868638634681702e-02,-1.762849617004394531e+01,-2.139744949340820312e+01
1.018248046875000000e+04,2.429510000000000000e+05,1.277395486831665039e-01,2.570164948701858521e-02,6.734558939933776855e-02,-5.081942677497863770e-02,-1.770114326477050781e+01,-2.147639465332031250e+01
1.019048925781250000e+04,2.431420000000000000e+05,1.237581744790077209e-01,6.394296139478683472e-02,8.310236036777496338e-02,-3.258227184414863586e-02,-1.712091064453125000e+01,-2.098672103881835938e+01
1.019850488281250000e+04,2.433570000000000000e+05,-3.912524133920669556e-02,-1.276712715625762939e-01,-7.843931019306182861e-02,-3.579190373420715332e-02,-1.748830604553222656e+01,-2.128789901733398438e+01
1.020652636718750000e+04,2.435480000000000000e+05,5.503246188163757324e-02,-1.233014240860939026e-01,-3.606343269348144531e-02,-7.921141386032104492e-02,-1.739170074462890625e+01,-2.120616149902343750e+01
1.021455468750000000e+04,2.437390000000000000e+05,-1.272594183683395386e-01,-6.725136190652847290e-02,-8.544941991567611694e-02,3.306823596358299255e-02,-1.683658409118652344e+01,-2.075973510742187500e+01
1.022258886718750000e+04,2.439300000000000000e+05,-1.081433668732643127e-01,-9.857410937547683716e-02,-9.206189215183258057e-02,1.112683862447738647e-02,-1.669346046447753906e+01,-2.065542030334472656e+01
1.023062988281250000e+04,2.441210000000000000e+05,1.213729605078697205e-01,3.737649694085121155e-02,7.017337530851364136e-02,-4.266980662941932678e-02,-1.792408752441406250e+01,-2.171017074584960938e+01
1.023867675781250000e+04,2.443120000000000000e+05,7.959056645631790161e-02,1.070193946361541748e-01,8.560545742511749268e-02,7.129737176001071930e-03,-1.749877548217773438e+01,-2.131995010375976562e+01
1.024672949218750000e+04,2.445020000000000000e+05,1.116929426789283752e-01,5.967468768358230591e-02,7.676639407873153687e-02,-2.835714630782604218e-02,-1.794893646240234375e+01,-2.174106407165527344e+01
1.025478906250000000e+04,2.446930000000000000e+05,-3.390067070722579956e-02,1.112426072359085083e-01,3.919515758752822876e-02,6.457372754812240601e-02,-1.868889236450195312e+01,-2.243666076660156250e+01
1.026285546875000000e+04,2.448840000000000000e+05,-1.185660809278488159e-01,-3.142535686492919922e-02,-6.641550362110137939e-02,4.378714412450790405e-02,-1.822594261169433594e+01,-2.198710632324218750e+01
1.027092773437500000e+04,2.450750000000000000e+05,-9.256713092327117920e-04,1.186757311224937439e-01,5.695449560880661011e-02,5.181946232914924622e-02,-1.851249885559082031e+01,-2.227013397216796875e+01
1.027900585937500000e+04,2.452660000000000000e+05,-1.380772143602371216e-01,2.283358015120029449e-02,-4.669238626956939697e-02,7.588257640600204468e-02,-1.708038902282714844e+01,-2.100270080566406250e+01
1.028709082031250000e+04,2.454570000000000000e+05,9.811214357614517212e-02,7.783009856939315796e-02,7.968465983867645264e-02,-1.421938557177782059e-02,-1.804556655883789062e+01,-2.183636856079101562e+01
1.029518261718750000e+04,2.456480000000000000e+05,1.244854331016540527e-01,3.558343509212136269e-03,5.484762415289878845e-02,-5.849095806479454041e-02,-1.809408378601074219e+01,-2.191825866699218750e+01
1.030328027343750000e+04,2.458390000000000000e+05,-1.612444035708904266e-02,-1.083676442503929138e-01,-5.947567149996757507e-02,-3.929644450545310974e-02,-1.920690536499023438e+01,-2.294002342224121094e+01
1.031138378906250000e+04,2.460300000000000000e+05,-1.463161502033472061e-02,-1.240858957171440125e-01,-6.601984053850173950e-02,-4.576264694333076477e-02,-1.806558418273925781e+01,-2.190249252319335938e+01
1.031949414062500000e+04,2.462200000000000000e+05,1.307742744684219360e-01,3.564571216702461243e-02,7.204924523830413818e-02,-4.797715321183204651e-02,-1.735831069946289062e+01,-2.125349998474121094e+01
1.032761132812500000e+04,2.464350000000000000e+05,2.049751393496990204e-02,1.407247930765151978e-01,7.601146399974822998e-02,4.852529242634773254e-02,-1.694141197204589844e+01,-2.089778900146484375e+01
1.033573437500000000e+04,2.466260000000000000e+05,9.944685548543930054e-02,-1.093578711152076721e-01,-1.209921017289161682e-02,-9.215799719095230103e-02,-1.660571861267089844e+01,-2.063512039184570312e+01
1.034386425781250000e+04,2.468170000000000000e+05,-1.445394158363342285e-01,2.975318208336830139e-02,-4.445430263876914978e-02,8.140756189823150635e-02,-1.662004089355468750e+01,-2.065330886840820312e+01
1.035200000000000000e+04,2.470080000000000000e+05,7.532109320163726807e-02,-1.225556507706642151e-01,-2.784768864512443542e-02,-8.666518330574035645e-02,-1.684173202514648438e+01,-2.081636810302734375e+01
1.036014257812500000e+04,2.471990000000000000e+05,-5.449307337403297424e-02,-1.283078789710998535e-01,-8.447362482547760010e-02,-2.701989561319351196e-02,-1.711473274230957031e+01,-2.104253387451171875e+01
1.036829101562500000e+04,2.473900000000000000e+05,4.141266644001007080e-02,-1.240852177143096924e-01,-4.231277480721473694e-02,-7.211063057184219360e-02,-1.766695404052734375e+01,-2.155503273010253906e+01
1.037644628906250000e+04,2.475810000000000000e+05,-1.046849340200424194e-01,4.713365435600280762e-02,-2.215209603309631348e-02,7.067047059535980225e-02,-1.880067634582519531e+01,-2.260820770263671875e+01
1.038460839843750000e+04,2.477950000000000000e+05,1.235186159610748291e-01,-6.636555492877960205e-02,1.932907104492187500e-02,-8.672845363616943359e-02,-1.706389236450195312e+01,-2.102623748779296875e+01
1.039277636718750000e+04,2.479860000000000000e+05,1.353478729724884033e-01,-2.630455978214740753e-02,4.377943649888038635e-02,-7.591725140810012817e-02,-1.720995521545410156e+01,-2.114635086059570312e+01
1.040095019531250000e+04,2.481770000000000000e+05,-6.400395184755325317e-03,1.282468289136886597e-01,5.896244198083877563e-02,5.720110610127449036e-02,-1.782826423645019531e+01,-2.170790481567382812e+01
1.040913183593750000e+04,2.483680000000000000e+05,1.262357532978057861e-01,-1.531892456114292145e-02,4.562665522098541260e-02,-6.734224408864974976e-02,-1.791286277770996094e+01,-2.179353904724121094e+01
1.041731835937500000e+04,2.485590000000000000e+05,3.030675649642944336e-02,-1.364935934543609619e-01,-5.308373644948005676e-02,-7.109399884939193726e-02,-1.708875465393066406e+01,-2.103901672363281250e+01
1.042551269531250000e+04,2.487740000000000000e+05,6.972515955567359924e-03,1.466045677661895752e-01,7.315848767757415771e-02,5.556068196892738342e-02,-1.666723632812500000e+01,-2.073701095581054688e+01
1.043371289062500000e+04,2.489640000000000000e+05,-1.348987221717834473e-01,-2.673242986202239990e-02,-6.858620047569274902e-02,5.375038832426071167e-02,-1.723255920410156250e+01,-2.119577026367187500e+01
1.044191894531250000e+04,2.491550000000000000e+05,-1.280220896005630493e-01,-4.577248543500900269e-02,-7.514162361621856689e-02,4.249953478574752808e-02,-1.733185768127441406e+01,-2.127699279785156250e+01
1.045013281250000000e+04,2.493460000000000000e+05,-9.603419154882431030e-02,1.024296432733535767e-01,9.781424887478351593e-03,8.804190903902053833e-02,-1.705216598510742188e+01,-2.105293273925781250e+01
1.045835253906250000e+04,2.495370000000000000e+05,3.269952535629272461e-02,-1.421620696783065796e-01,-5.484732240438461304e-02,-7.292060554027557373e-02,-1.672042465209960938e+01,-2.079582214355468750e+01
1.046657812500000000e+04,2.497520000000000000e+05,8.526984602212905884e-02,1.208717674016952515e-01,9.158801287412643433e-02,7.382921408861875534e-03,-1.659934234619140625e+01,-2.073509979248046875e+01
1.047481054687500000e+04,2.499430000000000000e+05,8.170172572135925293e-02,1.182388067245483398e-01,8.969648927450180054e-02,8.815995417535305023e-03,-1.684962463378906250e+01,-2.090273857116699219e+01
1.048304980468750000e+04,2.501340000000000000e+05,-8.573219925165176392e-02,1.142013445496559143e-01,2.010478451848030090e-02,8.749909698963165283e-02,-1.690541076660156250e+01,-2.093649101257324219e+01
1.049129492187500000e+04,2.503250000000000000e+05,-1.321481019258499146e-01,5.448510870337486267e-02,-2.750565297901630402e-02,8.549594879150390625e-02,-1.689694404602050781e+01,-2.093335342407226562e+01
1.049954687500000000e+04,2.505390000000000000e+05,-9.905101358890533447e-02,-1.049256026744842529e-01,-9.034142643213272095e-02,4.991770721971988678e-03,-1.681509208679199219e+01,-2.086902236938476562e+01
1.050780566406250000e+04,2.507300000000000000e+05,-1.119008734822273254e-01,-8.844275027513504028e-02,-8.776059746742248535e-02,1.766853965818881989e-02,-1.691565132141113281e+01,-2.096145439147949219e+01
1.051607031250000000e+04,2.509210000000000000e+05,1.385693252086639404e-01,4.838178679347038269e-02,7.833447307348251343e-02,-4.710794240236282349e-02,-1.666708755493164062e+01,-2.078030395507812500e+01
1.052434179687500000e+04,2.511120000000000000e+05,5.097365938127040863e-03,1.461044698953628540e-01,7.176718115806579590e-02,5.640572309494018555e-02,-1.670144653320312500e+01,-2.079243659973144531e+01
1.053262011718750000e+04,2.513270000000000000e+05,1.467929780483245850e-01,6.454121321439743042e-03,6.167244911193847656e-02,-6.755893677473068237e-02,-1.665750694274902344e+01,-2.077393722534179688e+01
1.054090429687500000e+04,2.515180000000000000e+05,-5.143942683935165405e-02,-1.370298266410827637e-01,-8.618872612714767456e-02,-3.030959330499172211e-02,-1.669116020202636719e+01,-2.078460693359375000e+01
1.054919531250000000e+04,2.517080000000000000e+05,6.601186841726303101e-02,-1.319621205329895020e-01,-3.685694560408592224e-02,-8.392214775085449219e-02,-1.662110137939453125e+01,-2.075650215148925781e+01
1.055749218750000000e+04,2.518990000000000000e+05,-1.175445243716239929e-01,8.851818740367889404e-02,-4.138355143368244171e-03,9.118538349866867065e-02,-1.664498329162597656e+01,-2.079255867004394531e+01
1.056579687500000000e+04,2.521140000000000000e+05,-1.240582689642906189e-01,-8.004780113697052002e-02,-8.711768686771392822e-02,2.763927355408668518e-02,-1.661581230163574219e+01,-2.078135681152343750e+01
1.057410742187500000e+04,2.523050000000000000e+05,-1.155168563127517700e-01,-9.116760641336441040e-02,-8.929293602705001831e-02,1.900410652160644531e-02,-1.664428329467773438e+01,-2.079126548767089844e+01
1.058242382812500000e+04,2.524960000000000000e+05,1.560700498521327972e-02,1.463117152452468872e-01,7.609350234270095825e-02,5.026045814156532288e-02,-1.664528083801269531e+01,-2.080068206787109375e+01
1.059074804687500000e+04,2.527110000000000000e+05,-1.106606647372245789e-01,9.695568680763244629e-02,2.363245235756039619e-03,9.128174930810928345e-02,-1.664618682861328125e+01,-2.078941154479980469e+01
1.059907812500000000e+04,2.529010000000000000e+05,-2.611435763537883759e-02,1.450866311788558960e-01,5.901573225855827332e-02,6.955706328153610229e-02,-1.662898635864257812e+01,-2.079822349548339844e+01
1.060741503906250000e+04,2.530920000000000000e+05,1.415884941816329956e-01,4.325815290212631226e-02,7.607502490282058716e-02,-5.029343441128730774e-02,-1.659187698364257812e+01,-2.080041694641113281e+01
1.061575781250000000e+04,2.533070000000000000e+05,-8.293000608682632446e-02,-1.222068220376968384e-01,-9.073260426521301270e-02,-8.400958031415939331e-03,-1.661306762695312500e+01,-2.080765914916992188e+01
1.062410742187500000e+04,2.534980000000000000e+05,1.830168999731540680e-02,1.466302573680877686e-01,7.698337733745574951e-02,4.853183776140213013e-02,-1.660839271545410156e+01,-2.081876373291015625e+01
1.063246386718750000e+04,2.536890000000000000e+05,3.949355334043502808e-02,1.423644125461578369e-01,8.323675394058227539e-02,3.673832863569259644e-02,-1.660998725891113281e+01,-2.082071304321289062e+01
1.064082714843750000e+04,2.539040000000000000e+05,-9.736619889736175537e-03,1.474803984165191650e-01,6.653030216693878174e-02,6.228606775403022766e-02,-1.660642433166503906e+01,-2.080616760253906250e+01
1.064919726562500000e+04,2.540950000000000000e+05,1.078058928251266479e-01,-1.015969440340995789e-01,-6.219925824552774429e-03,-9.093090891838073730e-02,-1.658683204650878906e+01,-2.080549621582031250e+01
1.065757324218750000e+04,2.543090000000000000e+05,-5.431488528847694397e-02,-1.374712586402893066e-01,-8.650150150060653687e-02,-2.751895412802696228e-02,-1.660579299926757812e+01,-2.084083175659179688e+01
1.066595605468750000e+04,2.545000000000000000e+05,1.182441227138042450e-02,-1.473532021045684814e-01,-6.540691107511520386e-02,-6.268278509378433228e-02,-1.660493278503417969e+01,-2.085805130004882812e+01
1.067434472656250000e+04,2.546910000000000000e+05,1.473339796066284180e-01,1.446712296456098557e-02,6.402307003736495972e-02,-6.430623680353164673e-02,-1.659226989746093750e+01,-2.084376144409179688e+01
1.068274121093750000e+04,2.549060000000000000e+05,-1.353830993175506592e-01,5.932998657226562500e-02,-2.420393377542495728e-02,8.737774193286895752e-02,-1.660575675964355469e+01,-2.085091018676757812e+01
1.069114355468750000e+04,2.550970000000000000e+05,1.438958793878555298e-01,-3.409845754504203796e-02,3.950325772166252136e-02,-8.159245550632476807e-02,-1.660176467895507812e+01,-2.085242462158203125e+01
1.069955273437500000e+04,2.553110000000000000e+05,-1.211870834231376648e-01,-8.464904874563217163e-02,-8.715479075908660889e-02,2.470381930470466614e-02,-1.660513305664062500e+01,-2.085855865478515625e+01
1.070796875000000000e+04,2.555020000000000000e+05,-8.736012876033782959e-02,1.196384355425834656e-01,2.295613661408424377e-02,8.754152059555053711e-02,-1.658661460876464844e+01,-2.086689376831054688e+01
1.071639062500000000e+04,2.556930000000000000e+05,-1.289889514446258545e-01,7.245253026485443115e-02,-1.530982647091150284e-02,8.915920555591583252e-02,-1.659803390502929688e+01,-2.087047386169433594e+01
1.072481933593750000e+04,2.559080000000000000e+05,-1.012223362922668457e-01,-1.077035218477249146e-01,-9.033960103988647461e-02,6.521896924823522568e-03,-1.660627746582031250e+01,-2.085985946655273438e+01
1.073325488281250000e+04,2.560990000000000000e+05,1.452719569206237793e-01,2.768619172275066376e-02,6.920866668224334717e-02,-5.840191990137100220e-02,-1.660141944885253906e+01,-2.086153030395507812e+01
1.074169726562500000e+04,2.563140000000000000e+05,-1.475508362054824829e-01,-6.900696549564599991e-03,-5.995798856019973755e-02,6.741522252559661865e-02,-1.661167716979980469e+01,-2.089387702941894531e+01
1.075014648437500000e+04,2.565040000000000000e+05,-3.520669415593147278e-02,1.435001194477081299e-01,5.455715954303741455e-02,7.187795639038085938e-02,-1.660910415649414062e+01,-2.089219665527343750e+01
1.075860156250000000e+04,2.567190000000000000e+05,5.650414898991584778e-02,1.364035457372665405e-01,8.626166731119155884e-02,2.535823360085487366e-02,-1.661570358276367188e+01,-2.092367362976074219e+01
1.076706445312500000e+04,2.569100000000000000e+05,-2.564825117588043213e-02,1.457187980413436890e-01,5.918835848569869995e-02,6.801238656044006348e-02,-1.659718513488769531e+01,-2.089965820312500000e+01
1.077553320312500000e+04,2.571250000000000000e+05,-1.421512514352798462e-01,4.070243984460830688e-02,-3.532470017671585083e-02,8.317233622074127197e-02,-1.660276794433593750e+01,-2.088018608093261719e+01
1.078400878906250000e+04,2.573160000000000000e+05,9.313152730464935303e-02,-1.147401630878448486e-01,-1.881543174386024475e-02,-8.802493661642074585e-02,-1.660771560668945312e+01,-2.091385841369628906e+01
1.079249121093750000e+04,2.575070000000000000e+05,-9.345915168523788452e-02,1.145895272493362427e-01,1.868529617786407471e-02,8.806587755680084229e-02,-1.660243225097656250e+01,-2.091260910034179688e+01
1.080097949218750000e+04,2.577210000000000000e+05,1.187158301472663879e-01,8.781585097312927246e-02,8.697138726711273193e-02,-2.294109389185905457e-02,-1.661442375183105469e+01,-2.092034530639648438e+01
1.080947558593750000e+04,2.579120000000000000e+05,8.754038065671920776e-02,-1.194160133600234985e-01,-2.300396934151649475e-02,-8.702141046524047852e-02,-1.659090232849121094e+01,-2.091412544250488281e+01
1.081797753906250000e+04,2.581270000000000000e+05,1.470182240009307861e-01,1.408809795975685120e-02,6.280317902565002441e-02,-6.441323459148406982e-02,-1.661287879943847656e+01,-2.091874122619628906e+01
1.082648632812500000e+04,2.583180000000000000e+05,6.119619123637676239e-03,1.476223468780517578e-01,7.237216830253601074e-02,5.330419540405273438e-02,-1.660950088500976562e+01,-2.092638778686523438e+01
1.083500195312500000e+04,2.585330000000000000e+05,-7.208057492971420288e-02,-1.287559270858764648e-01,-8.857532590627670288e-02,-1.471992209553718567e-02,-1.662067794799804688e+01,-2.093542861938476562e+01
1.084352441406250000e+04,2.587470000000000000e+05,-3.821563348174095154e-02,1.431831717491149902e-01,5.306585878133773804e-02,7.269730418920516968e-02,-1.658331108093261719e+01,-2.091467666625976562e+01
1.085205273437500000e+04,2.589380000000000000e+05,1.356139630079269409e-01,5.852454155683517456e-02,7.921622693538665771e-02,-4.202672466635704041e-02,-1.661219596862792969e+01,-2.094665336608886719e+01
1.086058886718750000e+04,2.591530000000000000e+05,1.242614239454269409e-01,7.997893542051315308e-02,8.514173328876495361e-02,-2.851324155926704407e-02,-1.660796356201171875e+01,-2.093550872802734375e+01
1.086913085937500000e+04,2.593440000000000000e+05,4.650169610977172852e-02,1.401381343603134155e-01,8.417966961860656738e-02,3.126931190490722656e-02,-1.661521530151367188e+01,-2.093450355529785156e+01
1.087768066406250000e+04,2.595590000000000000e+05,-8.836895972490310669e-02,1.185414716601371765e-01,2.253272198140621185e-02,8.662440627813339233e-02,-1.660326957702636719e+01,-2.096285629272460938e+01
1.088623632812500000e+04,2.597500000000000000e+05,8.072593808174133301e-02,-1.237728148698806763e-01,-2.794665470719337463e-02,-8.512090891599655151e-02,-1.660819244384765625e+01,-2.095469284057617188e+01
1.089479882812500000e+04,2.599640000000000000e+05,-1.123726367950439453e-01,9.568197280168533325e-02,2.894509816542267799e-03,8.921336382627487183e-02,-1.661889266967773438e+01,-2.098683166503906250e+01
1.090336816406250000e+04,2.601550000000000000e+05,-9.503522515296936035e-02,1.133550703525543213e-01,1.772714965045452118e-02,8.774992823600769043e-02,-1.659931564331054688e+01,-2.096134185791015625e+01
1.091194433593750000e+04,2.603700000000000000e+05,-1.120337843894958496e-01,9.609708935022354126e-02,3.249870380386710167e-03,8.934921026229858398e-02,-1.661818122863769531e+01,-2.097244453430175781e+01
1.092052734375000000e+04,2.605850000000000000e+05,-1.270254850387573242e-01,-7.570074498653411865e-02,-8.354311436414718628e-02,3.150095045566558838e-02,-1.660229110717773438e+01,-2.098445701599121094e+01
1.092911621093750000e+04,2.607760000000000000e+05,1.437322944402694702e-01,-3.325055167078971863e-02,3.832620382308959961e-02,-8.055769652128219604e-02,-1.662249755859375000e+01,-2.099172210693359375e+01
1.093771289062500000e+04,2.609900000000000000e+05,-9.494192153215408325e-02,1.129933819174766541e-01,1.764737442135810852e-02,8.755443245172500610e-02,-1.661912727355957031e+01,-2.098149108886718750e+01
1.094631542968750000e+04,2.611810000000000000e+05,1.449047178030014038e-01,2.810019999742507935e-02,6.803710758686065674e-02,-5.801099911332130432e-02,-1.661802482604980469e+01,-2.097218322753906250e+01
1.095492578125000000e+04,2.613960000000000000e+05,1.276539117097854614e-01,-7.421403378248214722e-02,1.305162068456411362e-02,-8.832438290119171143e-02,-1.661478805541992188e+01,-2.098457717895507812e+01
1.096354199218750000e+04,2.616110000000000000e+05,7.722763344645500183e-03,-1.475073844194412231e-01,-6.669900566339492798e-02,-5.900521576404571533e-02,-1.661183547973632812e+01,-2.100706291198730469e+01
1.097216601562500000e+04,2.618020000000000000e+05,1.473429650068283081e-01,-9.184184484183788300e-03,5.080316588282585144e-02,-7.303376495838165283e-02,-1.661657142639160156e+01,-2.101554870605468750e+01
1.098079589843750000e+04,2.620160000000000000e+05,4.033793881535530090e-02,1.420242786407470703e-01,8.210901170969009399e-02,3.420313820242881775e-02,-1.661582565307617188e+01,-2.101727676391601562e+01
1.098943261718750000e+04,2.622070000000000000e+05,-7.308673858642578125e-02,-1.279009133577346802e-01,-8.784651756286621094e-02,-1.316096074879169464e-02,-1.663533973693847656e+01,-2.102910804748535156e+01
1.099807617187500000e+04,2.624220000000000000e+05,-9.680373966693878174e-02,1.114485189318656921e-01,1.643700525164604187e-02,8.740456402301788330e-02,-1.661708068847656250e+01,-2.101838111877441406e+01
1.100672753906250000e+04,2.626370000000000000e+05,-3.206403926014900208e-02,1.439291536808013916e-01,5.601922422647476196e-02,6.891843676567077637e-02,-1.662666511535644531e+01,-2.103038406372070312e+01
1.101538476562500000e+04,2.628280000000000000e+05,-6.637561321258544922e-02,1.319647282361984253e-01,3.754344210028648376e-02,8.060275763273239136e-02,-1.661137008666992188e+01,-2.102025794982910156e+01
1.102404882812500000e+04,2.630420000000000000e+05,-1.453256309032440186e-01,-2.587102726101875305e-02,-6.644835323095321655e-02,5.901435762643814087e-02,-1.661765861511230469e+01,-2.102478408813476562e+01
1.103271972656250000e+04,2.632570000000000000e+05,1.167053803801536560e-01,-9.044636785984039307e-02,8.422396495006978512e-04,-8.879696577787399292e-02,-1.661529731750488281e+01,-2.103164672851562500e+01
1.104139746093750000e+04,2.634480000000000000e+05,-1.344134062528610229e-01,6.161307543516159058e-02,-2.116045728325843811e-02,8.645863831043243408e-02,-1.660287475585937500e+01,-2.101117897033691406e+01
1.105008203125000000e+04,2.636630000000000000e+05,1.440692842006683350e-01,3.119363635778427124e-02,6.822141259908676147e-02,-5.658587068319320679e-02,-1.662960243225097656e+01,-2.104791831970214844e+01
1.105877343750000000e+04,2.638780000000000000e+05,1.475892215967178345e-01,3.014001995325088501e-03,5.634749308228492737e-02,-6.839325278997421265e-02,-1.661709594726562500e+01,-2.104982185363769531e+01
1.106747167968750000e+04,2.640680000000000000e+05,1.461916714906692505e-01,-2.126652933657169342e-02,4.434750601649284363e-02,-7.676572352647781372e-02,-1.661060333251953125e+01,-2.104595184326171875e+01
1.107617675781250000e+04,2.642830000000000000e+05,5.787035450339317322e-02,1.358187347650527954e-01,8.536326885223388672e-02,2.305423840880393982e-02,-1.661629104614257812e+01,-2.106882858276367188e+01
1.108488867187500000e+04,2.644980000000000000e+05,-1.077225655317306519e-01,-1.012082993984222412e-01,-8.768323808908462524e-02,1.305244024842977524e-02,-1.660602760314941406e+01,-2.104648399353027344e+01
1.109360742187500000e+04,2.647130000000000000e+05,1.357056573033332825e-02,1.470190435647964478e-01,7.429783046245574951e-02,4.792091622948646545e-02,-1.661568260192871094e+01,-2.106983184814453125e+01
1.110233398437500000e+04,2.649040000000000000e+05,1.411497294902801514e-01,4.283209145069122314e-02,7.229534536600112915e-02,-5.068663507699966431e-02,-1.662384414672851562e+01,-2.108142089843750000e+01
1.111106640625000000e+04,2.651180000000000000e+05,1.464155763387680054e-01,2.031130343675613403e-02,6.361843645572662354e-02,-6.138441339135169983e-02,-1.660547256469726562e+01,-2.107051467895507812e+01
1.111980566406250000e+04,2.653330000000000000e+05,1.044723689556121826e-01,1.042113229632377625e-01,8.748784661293029785e-02,-1.066132728010416031e-02,-1.662052345275878906e+01,-2.109702682495117188e+01
1.112855175781250000e+04,2.655480000000000000e+05,-1.089931726455688477e-01,9.937908500432968140e-02,6.508019752800464630e-03,8.796665817499160767e-02,-1.662426567077636719e+01,-2.108993339538574219e+01
1.113730468750000000e+04,2.657390000000000000e+05,5.212273448705673218e-02,-1.382305324077606201e-01,-4.570767283439636230e-02,-7.550284266471862793e-02,-1.661056518554687500e+01,-2.108469772338867188e+01
1.114606542968750000e+04,2.659530000000000000e+05,-1.473058760166168213e-01,-8.192783221602439880e-03,-5.814821273088455200e-02,6.642302125692367554e-02,-1.662218475341796875e+01,-2.108282279968261719e+01
1.115483203125000000e+04,2.661680000000000000e+05,-1.983472518622875214e-02,1.464648544788360596e-01,6.146959960460662842e-02,6.325121968984603882e-02,-1.660640525817871094e+01,-2.109063339233398438e+01
1.116360546875000000e+04,2.663830000000000000e+05,-8.845043927431106567e-02,1.177763044834136963e-01,2.308900095522403717e-02,8.483481407165527344e-02,-1.663645553588867188e+01,-2.111817932128906250e+01
1.117238671875000000e+04,2.665740000000000000e+05,-1.373519897460937500e-01,-5.435310304164886475e-02,-7.615676522254943848e-02,4.452492669224739075e-02,-1.661148452758789062e+01,-2.108890724182128906e+01
1.118117382812500000e+04,2.667890000000000000e+05,1.474149078130722046e-01,8.627465926110744476e-03,5.809579044580459595e-02,-6.608819961547851562e-02,-1.661432075500488281e+01,-2.111103439331054688e+01
1.118996875000000000e+04,2.670030000000000000e+05,-1.038639470934867859e-01,-1.051213517785072327e-01,-8.748713135719299316e-02,1.041728071868419647e-02,-1.660782814025878906e+01,-2.109997558593750000e+01
1.119877050781250000e+04,2.672180000000000000e+05,-1.162942871451377869e-01,9.052465856075286865e-02,1.818720484152436256e-04,8.774571120738983154e-02,-1.663158607482910156e+01,-2.113546371459960938e+01
1.120757910156250000e+04,2.674330000000000000e+05,-8.799032866954803467e-02,1.184118464589118958e-01,2.345753461122512817e-02,8.458718657493591309e-02,-1.662267875671386719e+01,-2.113213539123535156e+01
1.121639453125000000e+04,2.676240000000000000e+05,-1.369273811578750610e-01,5.413132533431053162e-02,-2.438785880804061890e-02,8.400598913431167603e-02,-1.663954544067382812e+01,-2.116237831115722656e+01
1.122521679687500000e+04,2.678380000000000000e+05,-4.427251964807510376e-02,-1.406600624322891235e-01,-8.221802115440368652e-02,-3.040185943245887756e-02,-1.662634468078613281e+01,-2.114408302307128906e+01
1.123404589843750000e+04,2.680530000000000000e+05,1.148400679230690002e-01,9.264890849590301514e-02,8.534080535173416138e-02,-2.018142491579055786e-02,-1.662100410461425781e+01,-2.114054107666015625e+01
1.124288183593750000e+04,2.682680000000000000e+05,-1.342102587223052979e-01,-6.102019920945167542e-02,-7.757631689310073853e-02,4.092922434210777283e-02,-1.662823104858398438e+01,-2.113887977600097656e+01
1.125172460937500000e+04,2.684830000000000000e+05,-1.161053404211997986e-01,9.101299196481704712e-02,5.550823407247662544e-04,8.760711550712585449e-02,-1.662265014648437500e+01,-2.114904022216796875e+01
1.126057519531250000e+04,2.686970000000000000e+05,-1.190350279211997986e-01,8.688458055257797241e-02,-2.542545786127448082e-03,8.765043318271636963e-02,-1.663174819946289062e+01,-2.114126396179199219e+01
1.126943164062500000e+04,2.688880000000000000e+05,-1.360487788915634155e-01,-5.724347382783889771e-02,-7.602708786725997925e-02,4.310013353824615479e-02,-1.661820793151855469e+01,-2.117035102844238281e+01
1.127829589843750000e+04,2.691030000000000000e+05,1.094424650073051453e-01,-9.892024844884872437e-02,-6.809875834733247757e-03,-8.731757104396820068e-02,-1.662283897399902344e+01,-2.115163040161132812e+01
1.128716699218750000e+04,2.693180000000000000e+05,-4.943719878792762756e-02,1.390913724899291992e-01,4.729126766324043274e-02,7.344496250152587891e-02,-1.661734008789062500e+01,-2.117439651489257812e+01
1.129604492187500000e+04,2.695330000000000000e+05,1.472379863262176514e-01,4.668509587645530701e-03,5.553197115659713745e-02,-6.756234914064407349e-02,-1.663523864746093750e+01,-2.116425323486328125e+01
1.130492968750000000e+04,2.697470000000000000e+05,1.198140829801559448e-01,-8.620523661375045776e-02,2.940616803243756294e-03,-8.717042207717895508e-02,-1.661807441711425781e+01,-2.118767738342285156e+01
1.131382128906250000e+04,2.699620000000000000e+05,1.449657827615737915e-01,-2.541991509497165680e-02,4.044276475906372070e-02,-7.726114988327026367e-02,-1.664316558837890625e+01,-2.118906402587890625e+01
1.132272070312500000e+04,2.701770000000000000e+05,1.387095451354980469e-01,5.054993927478790283e-02,7.381152361631393433e-02,-4.666532203555107117e-02,-1.661630439758300781e+01,-2.117714881896972656e+01
1.133162597656250000e+04,2.703920000000000000e+05,-1.106484085321426392e-01,9.769538789987564087e-02,5.781391635537147522e-03,8.706303685903549194e-02,-1.661793518066406250e+01,-2.118421554565429688e+01
1.134053906250000000e+04,2.706060000000000000e+05,1.452094614505767822e-01,2.556752227246761322e-02,6.433627009391784668e-02,-5.892323330044746399e-02,-1.662750625610351562e+01,-2.118552398681640625e+01
1.134945898437500000e+04,2.707970000000000000e+05,5.873078107833862305e-02,-1.350246071815490723e-01,-4.218962416052818298e-02,-7.606435567140579224e-02,-1.663921737670898438e+01,-2.121148109436035156e+01
1.135838574218750000e+04,2.710120000000000000e+05,-6.434269249439239502e-03,-1.471973955631256104e-01,-7.123039662837982178e-02,-4.997932538390159607e-02,-1.663370895385742188e+01,-2.120806503295898438e+01
1.136732031250000000e+04,2.712270000000000000e+05,6.791149079799652100e-02,-1.307025402784347534e-01,-3.701746836304664612e-02,-7.876576483249664307e-02,-1.663637924194335938e+01,-2.120655250549316406e+01
1.137626074218750000e+04,2.714410000000000000e+05,1.472206115722656250e-01,-5.674099083989858627e-03,5.012725666165351868e-02,-7.107487320899963379e-02,-1.663418197631835938e+01,-2.121226501464843750e+01
1.138520898437500000e+04,2.716560000000000000e+05,-1.282139867544174194e-01,7.334858924150466919e-02,-1.188370026648044586e-02,8.640030026435852051e-02,-1.661168289184570312e+01,-2.118830108642578125e+01
1.139416406250000000e+04,2.718710000000000000e+05,1.470807641744613647e-01,2.459659706801176071e-03,5.395907536149024963e-02,-6.799343973398208618e-02,-1.664766693115234375e+01,-2.122934532165527344e+01
1.140312597656250000e+04,2.720860000000000000e+05,6.782178580760955811e-02,-1.308647692203521729e-01,-3.686643764376640320e-02,-7.846200466156005859e-02,-1.663032531738281250e+01,-2.124046516418457031e+01
1.141209570312500000e+04,2.723000000000000000e+05,-1.877708244137465954e-03,-1.476325690746307373e-01,-6.954218447208404541e-02,-5.171523988246917725e-02,-1.661565399169921875e+01,-2.124326515197753906e+01
1.142107128906250000e+04,2.725150000000000000e+05,8.621674776077270508e-02,-1.195369139313697815e-01,-2.507710084319114685e-02,-8.315004408359527588e-02,-1.663092041015625000e+01,-2.122467994689941406e+01
1.143005468750000000e+04,2.727300000000000000e+05,9.587372839450836182e-02,1.117052584886550903e-01,8.648096770048141479e-02,-5.010098218917846680e-03,-1.664144325256347656e+01,-2.124703979492187500e+01
1.143904492187500000e+04,2.729450000000000000e+05,-8.907703310251235962e-02,-1.173764765262603760e-01,-8.664499968290328979e-02,-1.137797007686458528e-04,-1.663301086425781250e+01,-2.124512100219726562e+01
1.144804296875000000e+04,2.731590000000000000e+05,-9.327986836433410645e-02,1.138767674565315247e-01,2.006464079022407532e-02,8.436650782823562622e-02,-1.664160156250000000e+01,-2.123764991760253906e+01
1.145704687500000000e+04,2.733740000000000000e+05,1.277646124362945557e-01,7.344720512628555298e-02,7.963839173316955566e-02,-3.356006741523742676e-02,-1.663174438476562500e+01,-2.126763534545898438e+01
1.146605859375000000e+04,2.735890000000000000e+05,1.348748616874217987e-02,1.467318832874298096e-01,7.340219616889953613e-02,4.584284871816635132e-02,-1.663297080993652344e+01,-2.125550270080566406e+01
1.147507714843750000e+04,2.738040000000000000e+05,-1.470366418361663818e-01,-1.099725998938083649e-02,-5.729322880506515503e-02,6.474260985851287842e-02,-1.662726211547851562e+01,-2.126440048217773438e+01
1.148410253906250000e+04,2.740180000000000000e+05,1.379141360521316528e-01,-5.186388269066810608e-02,2.463494241237640381e-02,-8.256957679986953735e-02,-1.663336753845214844e+01,-2.129326057434082031e+01
1.149313574218750000e+04,2.742330000000000000e+05,-1.464803218841552734e-01,-1.597189158201217651e-02,-5.924141407012939453e-02,6.287296116352081299e-02,-1.663308334350585938e+01,-2.127112388610839844e+01
1.150217578125000000e+04,2.744480000000000000e+05,5.640094634145498276e-03,1.474812477827072144e-01,7.076369971036911011e-02,4.955275356769561768e-02,-1.661891746520996094e+01,-2.127087783813476562e+01
1.151122265625000000e+04,2.746630000000000000e+05,-3.090637363493442535e-02,1.439978331327438354e-01,5.633476376533508301e-02,6.520445644855499268e-02,-1.663728904724121094e+01,-2.129290390014648438e+01
1.152027734375000000e+04,2.748770000000000000e+05,-1.473445892333984375e-01,-1.026992313563823700e-02,-5.677568539977073669e-02,6.494115293025970459e-02,-1.661226844787597656e+01,-2.128378295898437500e+01
1.152933789062500000e+04,2.750920000000000000e+05,7.396288216114044189e-02,-1.276150345802307129e-01,-3.319268673658370972e-02,-7.955825328826904297e-02,-1.662418746948242188e+01,-2.128936958312988281e+01
1.153840625000000000e+04,2.753070000000000000e+05,-2.786141820251941681e-02,1.443487107753753662e-01,5.766880139708518982e-02,6.376337260007858276e-02,-1.665288734436035156e+01,-2.131269836425781250e+01
1.154748242187500000e+04,2.755220000000000000e+05,1.354848742485046387e-01,5.806396529078483582e-02,7.490029931068420410e-02,-4.256461933255195618e-02,-1.662988853454589844e+01,-2.129490661621093750e+01
1.155656542968750000e+04,2.757600000000000000e+05,1.462836861610412598e-01,-1.770052500069141388e-02,4.325924813747406006e-02,-7.434484362602233887e-02,-1.663295745849609375e+01,-2.130855369567871094e+01
1.156565429687500000e+04,2.759750000000000000e+05,1.467705965042114258e-01,-1.384988892823457718e-02,4.525066912174224854e-02,-7.318224012851715088e-02,-1.662871932983398438e+01,-2.130576896667480469e+01
1.157475195312500000e+04,2.761900000000000000e+05,-4.826148506253957748e-03,1.470603942871093750e-01,6.674185395240783691e-02,5.385426804423332214e-02,-1.664541053771972656e+01,-2.133431625366210938e+01
1.158385546875000000e+04,2.764050000000000000e+05,-5.725526437163352966e-02,-1.357699036598205566e-01,-8.332825452089309692e-02,-2.093536034226417542e-02,-1.663307571411132812e+01,-2.131832504272460938e+01
1.159296679687500000e+04,2.766190000000000000e+05,-3.498406335711479187e-02,1.429959535598754883e-01,5.435199290513992310e-02,6.622925400733947754e-02,-1.664106559753417969e+01,-2.134277153015136719e+01
1.160208593750000000e+04,2.768340000000000000e+05,1.471289396286010742e-01,-1.189981400966644287e-02,4.586519300937652588e-02,-7.240881770849227905e-02,-1.661771965026855469e+01,-2.133910369873046875e+01
1.161121093750000000e+04,2.770490000000000000e+05,1.406027078628540039e-01,-4.428620636463165283e-02,2.861359156668186188e-02,-8.102463185787200928e-02,-1.662932586669921875e+01,-2.131724357604980469e+01
1.162034375000000000e+04,2.772630000000000000e+05,1.129102185368537903e-01,9.483944624662399292e-02,8.331745117902755737e-02,-1.935174688696861267e-02,-1.662675666809082031e+01,-2.135709381103515625e+01
1.162948437500000000e+04,2.774780000000000000e+05,-1.255209296941757202e-01,7.687294483184814453e-02,-8.121320977807044983e-03,8.527655899524688721e-02,-1.664242172241210938e+01,-2.134419441223144531e+01
1.163863085937500000e+04,2.777170000000000000e+05,1.394732892513275146e-01,-4.676554352045059204e-02,2.682559937238693237e-02,-8.097391575574874878e-02,-1.664746475219726562e+01,-2.138084220886230469e+01
1.164778613281250000e+04,2.779320000000000000e+05,-3.823015466332435608e-02,-1.422859132289886475e-01,-7.948191463947296143e-02,-3.180554881691932678e-02,-1.663403701782226562e+01,-2.134957122802734375e+01
1.165694726562500000e+04,2.781460000000000000e+05,-1.060401722788810730e-01,-1.022403538227081299e-01,-8.433862030506134033e-02,1.354613713920116425e-02,-1.663588142395019531e+01,-2.136885452270507812e+01
1.166611621093750000e+04,2.783610000000000000e+05,-1.415675580501556396e-01,4.032860696315765381e-02,-3.041333705186843872e-02,7.985395193099975586e-02,-1.664185714721679688e+01,-2.136580467224121094e+01
1.167529199218750000e+04,2.785760000000000000e+05,-8.344241231679916382e-02,-1.215124279260635376e-01,-8.553364872932434082e-02,-3.538378747180104256e-03,-1.662982177734375000e+01,-2.134983253479003906e+01
1.168447558593750000e+04,2.787910000000000000e+05,9.843516349792480469e-02,1.099135205149650574e-01,8.508819341659545898e-02,-7.400246337056159973e-03,-1.662132453918457031e+01,-2.136988830566406250e+01
1.169366601562500000e+04,2.790290000000000000e+05,2.805857919156551361e-02,-1.446604281663894653e-01,-5.739386752247810364e-02,-6.296535581350326538e-02,-1.663261604309082031e+01,-2.139141464233398438e+01
1.170286328125000000e+04,2.792440000000000000e+05,-1.202665120363235474e-01,-8.473275601863861084e-02,-8.101946115493774414e-02,2.655607834458351135e-02,-1.664669036865234375e+01,-2.138502502441406250e+01
1.171206835937500000e+04,2.794590000000000000e+05,-1.102214306592941284e-01,-9.767672419548034668e-02,-8.376131206750869751e-02,1.735367998480796814e-02,-1.663750267028808594e+01,-2.135660552978515625e+01
1.172128027343750000e+04,2.796730000000000000e+05,3.305950388312339783e-02,-1.435220092535018921e-01,-5.525893718004226685e-02,-6.504245847463607788e-02,-1.663710403442382812e+01,-2.137625694274902344e+01
1.173050000000000000e+04,2.798880000000000000e+05,1.397906243801116943e-01,4.653530195355415344e-02,7.008501887321472168e-02,-4.879250377416610718e-02,-1.663401031494140625e+01,-2.137116432189941406e+01
1.173972656250000000e+04,2.801270000000000000e+05,-1.470336169004440308e-01,9.430438280105590820e-03,-4.628609493374824524e-02,7.148731499910354614e-02,-1.663383865356445312e+01,-2.139492034912109375e+01
1.174895996093750000e+04,2.803420000000000000e+05,2.132720872759819031e-02,1.460064649581909180e-01,7.481631636619567871e-02,4.050919041037559509e-02,-1.662086868286132812e+01,-2.140353012084960938e+01
1.175820117187500000e+04,2.805560000000000000e+05,1.145448014140129089e-01,9.295201301574707031e-02,8.235608041286468506e-02,-2.103990875184535980e-02,-1.662329292297363281e+01,-2.141149902343750000e+01
1.176745019531250000e+04,2.807710000000000000e+05,5.815914273262023926e-02,1.352472603321075439e-01,8.252944052219390869e-02,1.965956576168537140e-02,-1.664054679870605469e+01,-2.142811775207519531e+01
1.177670605468750000e+04,2.810100000000000000e+05,-1.463873088359832764e-01,-1.450851187109947205e-02,-5.704098939895629883e-02,6.281588971614837646e-02,-1.664748001098632812e+01,-2.142697143554687500e+01
1.178596875000000000e+04,2.812240000000000000e+05,1.470561474561691284e-01,4.517017863690853119e-03,5.244584381580352783e-02,-6.659217178821563721e-02,-1.664624023437500000e+01,-2.143568038940429688e+01
1.179523925781250000e+04,2.814390000000000000e+05,-1.216379553079605103e-01,-8.289448171854019165e-02,-7.990495115518569946e-02,2.803717181086540222e-02,-1.664195442199707031e+01,-2.144427299499511719e+01
1.180451660156250000e+04,2.816780000000000000e+05,-1.465180367231369019e-01,1.485569961369037628e-02,-4.329907894134521484e-02,7.286448776721954346e-02,-1.663776016235351562e+01,-2.143630981445312500e+01
1.181380175781250000e+04,2.818930000000000000e+05,-1.432766169309616089e-01,-3.446755930781364441e-02,-6.508094072341918945e-02,5.426753684878349304e-02,-1.663216018676757812e+01,-2.143845558166503906e+01
1.182309375000000000e+04,2.821070000000000000e+05,-1.298764646053314209e-01,-6.954272836446762085e-02,-7.656899094581604004e-02,3.608901053667068481e-02,-1.663458442687988281e+01,-2.144770050048828125e+01
1.183239257812500000e+04,2.823220000000000000e+05,1.448154747486114502e-01,-2.688712626695632935e-02,3.710023313760757446e-02,-7.606161385774612427e-02,-1.663651466369628906e+01,-2.144977951049804688e+01
1.184170019531250000e+04,2.825610000000000000e+05,-1.018920093774795532e-01,1.066328659653663635e-01,1.429371722042560577e-02,8.344094455242156982e-02,-1.662489700317382812e+01,-2.144680786132812500e+01
1.185101367187500000e+04,2.827750000000000000e+05,1.196759045124053955e-01,8.570998907089233398e-02,8.037666231393814087e-02,-2.596394717693328857e-02,-1.664170646667480469e+01,-2.146634292602539062e+01
1.186033496093750000e+04,2.829900000000000000e+05,1.469231247901916504e-01,-7.857549935579299927e-03,4.633850231766700745e-02,-7.057452201843261719e-02,-1.664579200744628906e+01,-2.147031021118164062e+01
1.186966406250000000e+04,2.832290000000000000e+05,1.371884942054748535e-01,5.295895412564277649e-02,7.110081613063812256e-02,-4.545806348323822021e-02,-1.665037155151367188e+01,-2.147412490844726562e+01
1.187900000000000000e+04,2.834430000000000000e+05,-1.073427423834800720e-01,1.006267964839935303e-01,1.006766315549612045e-02,8.366589248180389404e-02,-1.664577865600585938e+01,-2.148659706115722656e+01
1.188834375000000000e+04,2.836580000000000000e+05,8.734117448329925537e-02,-1.184350326657295227e-01,-2.483324706554412842e-02,-8.073718845844268799e-02,-1.664435005187988281e+01,-2.146594810485839844e+01
1.189769433593750000e+04,2.838970000000000000e+05,-1.383986920118331909e-01,-4.956977814435958862e-02,-6.968542933464050293e-02,4.708418995141983032e-02,-1.665317916870117188e+01,-2.150397491455078125e+01
1.190705273437500000e+04,2.841120000000000000e+05,-1.458062827587127686e-01,1.816506311297416687e-02,-4.100101813673973083e-02,7.348320633172988892e-02,-1.665758514404296875e+01,-2.149913597106933594e+01
1.191641796875000000e+04,2.843260000000000000e+05,-1.261685341596603394e-01,-7.568344473838806152e-02,-7.747762650251388550e-02,3.248034045100212097e-02,-1.664612579345703125e+01,-2.151333236694335938e+01
1.192579101562500000e+04,2.845650000000000000e+05,-2.219842374324798584e-02,-1.458219587802886963e-01,-7.462326437234878540e-02,-3.925029560923576355e-02,-1.662404823303222656e+01,-2.148178291320800781e+01
1.193517089843750000e+04,2.847800000000000000e+05,1.889772899448871613e-02,1.461304575204849243e-01,7.373797893524169922e-02,4.067256301641464233e-02,-1.663315582275390625e+01,-2.149259185791015625e+01
1.194455859375000000e+04,2.850180000000000000e+05,2.786864340305328369e-02,-1.444239914417266846e-01,-5.710776895284652710e-02,-6.148288771510124207e-02,-1.664844131469726562e+01,-2.152338218688964844e+01
1.195395410156250000e+04,2.852330000000000000e+05,-1.349343359470367432e-01,-5.855720117688179016e-02,-7.245079427957534790e-02,4.244786128401756287e-02,-1.664818572998046875e+01,-2.151752853393554688e+01
1.196335644531250000e+04,2.854480000000000000e+05,-1.395338326692581177e-01,-4.725182428956031799e-02,-6.892827153205871582e-02,4.826966300606727600e-02,-1.663491821289062500e+01,-2.149901390075683594e+01
1.197276562500000000e+04,2.856860000000000000e+05,-8.539913594722747803e-02,-1.198199167847633362e-01,-8.382768183946609497e-02,-9.725101990625262260e-04,-1.664545631408691406e+01,-2.153166770935058594e+01
1.198218359375000000e+04,2.859010000000000000e+05,1.402526646852493286e-01,4.465825855731964111e-02,6.764051318168640137e-02,-4.954113066196441650e-02,-1.664237785339355469e+01,-2.153071594238281250e+01
1.199160742187500000e+04,2.861400000000000000e+05,-1.010280996561050415e-01,-1.068267822265625000e-01,-8.316512405872344971e-02,1.053242385387420654e-02,-1.665171623229980469e+01,-2.153207397460937500e+01
1.200104003906250000e+04,2.863550000000000000e+05,-1.089934855699539185e-01,9.888609498739242554e-02,9.173956699669361115e-03,8.328685164451599121e-02,-1.664380836486816406e+01,-2.153609466552734375e+01
1.201047949218750000e+04,2.865690000000000000e+05,5.679236724972724915e-02,1.355387121438980103e-01,8.154572546482086182e-02,1.924168691039085388e-02,-1.665624427795410156e+01,-2.153666305541992188e+01
1.201992578125000000e+04,2.868080000000000000e+05,-6.923671811819076538e-02,1.296619623899459839e-01,3.655159845948219299e-02,7.499942928552627563e-02,-1.665426635742187500e+01,-2.157332420349121094e+01
1.202938085937500000e+04,2.870230000000000000e+05,-7.151473313570022583e-02,-1.287069469690322876e-01,-8.322274684906005859e-02,-1.019830349832773209e-02,-1.663944053649902344e+01,-2.153042793273925781e+01
1.203884179687500000e+04,2.872610000000000000e+05,2.476721443235874176e-02,1.450823098421096802e-01,7.516880333423614502e-02,3.712473064661026001e-02,-1.664295578002929688e+01,-2.153131484985351562e+01
1.204831152343750000e+04,2.874760000000000000e+05,1.113281995058059692e-01,-9.593994915485382080e-02,-6.992171984165906906e-03,-8.325152099132537842e-02,-1.665577507019042969e+01,-2.156163024902343750e+01
1.205778808593750000e+04,2.877150000000000000e+05,-4.241788759827613831e-02,-1.406934857368469238e-01,-7.883360981941223145e-02,-2.733938582241535187e-02,-1.665668296813964844e+01,-2.157254791259765625e+01
1.206727246093750000e+04,2.879290000000000000e+05,2.874713577330112457e-02,-1.443100273609161377e-01,-5.677555501461029053e-02,-6.157367676496505737e-02,-1.664506530761718750e+01,-2.153985977172851562e+01
1.207676367187500000e+04,2.881680000000000000e+05,1.457484066486358643e-01,2.071262337267398834e-02,5.777708068490028381e-02,-6.009407341480255127e-02,-1.664108848571777344e+01,-2.158047103881835938e+01
1.208626269531250000e+04,2.883830000000000000e+05,-1.241899207234382629e-01,7.847346365451812744e-02,-5.120570305734872818e-03,8.307861536741256714e-02,-1.665923881530761719e+01,-2.159374618530273438e+01
1.209576855468750000e+04,2.886210000000000000e+05,1.367696970701217651e-01,-5.453065037727355957e-02,2.048731036484241486e-02,-8.063361048698425293e-02,-1.663949775695800781e+01,-2.159799194335937500e+01
1.210528320312500000e+04,2.888360000000000000e+05,7.393047958612442017e-02,-1.273280829191207886e-01,-3.391710296273231506e-02,-7.594498246908187866e-02,-1.663977622985839844e+01,-2.160018730163574219e+01
1.211480468750000000e+04,2.890750000000000000e+05,6.479346007108688354e-02,-1.323492377996444702e-01,-3.916990756988525391e-02,-7.347214967012405396e-02,-1.663249778747558594e+01,-2.159113883972167969e+01
1.212433300781250000e+04,2.892890000000000000e+05,1.261945664882659912e-01,7.620893418788909912e-02,7.656923681497573853e-02,-3.258934617042541504e-02,-1.662882995605468750e+01,-2.159585762023925781e+01
1.213387011718750000e+04,2.895280000000000000e+05,-1.443272531032562256e-01,-2.746875770390033722e-02,-6.034078821539878845e-02,5.714279040694236755e-02,-1.665850067138671875e+01,-2.160754013061523438e+01
1.214341406250000000e+04,2.897430000000000000e+05,6.727012991905212402e-02,1.308786720037460327e-01,8.199856430292129517e-02,1.227940618991851807e-02,-1.664451980590820312e+01,-2.162755775451660156e+01
1.215296484375000000e+04,2.899810000000000000e+05,1.420468091964721680e-01,-3.717633336782455444e-02,2.980838902294635773e-02,-7.733522355556488037e-02,-1.666363906860351562e+01,-2.163088989257812500e+01
1.216252441406250000e+04,2.902200000000000000e+05,1.394182890653610229e-01,-4.759244993329048157e-02,2.432966977357864380e-02,-7.942678034305572510e-02,-1.663490104675292969e+01,-2.161116600036621094e+01
1.217209082031250000e+04,2.904350000000000000e+05,1.169140860438346863e-01,8.960331976413726807e-02,7.973767071962356567e-02,-2.388221211731433868e-02,-1.663587188720703125e+01,-2.159363555908203125e+01
1.218166406250000000e+04,2.906730000000000000e+05,-8.474699407815933228e-02,1.202316507697105408e-01,2.704093419015407562e-02,7.826112210750579834e-02,-1.664788818359375000e+01,-2.163928222656250000e+01
1.219124609375000000e+04,2.908880000000000000e+05,1.401860564947128296e-01,-4.446527734398841858e-02,2.553988993167877197e-02,-7.881115376949310303e-02,-1.664957809448242188e+01,-2.163455200195312500e+01
1.220083496093750000e+04,2.911270000000000000e+05,-7.747733592987060547e-02,-1.252349913120269775e-01,-8.269299566745758057e-02,-5.585188977420330048e-03,-1.663809585571289062e+01,-2.163085937500000000e+01
1.221043164062500000e+04,2.913410000000000000e+05,-1.072726398706436157e-01,-1.001008450984954834e-01,-8.115600049495697021e-02,1.642082072794437408e-02,-1.667004394531250000e+01,-2.163932991027832031e+01
1.222003515625000000e+04,2.915800000000000000e+05,4.183277953416109085e-03,-1.469955444335937500e-01,-6.584937870502471924e-02,-5.012749135494232178e-02,-1.665040016174316406e+01,-2.164378738403320312e+01
1.222964746093750000e+04,2.918190000000000000e+05,1.364400535821914673e-01,5.519800260663032532e-02,6.998255848884582520e-02,-4.439399391412734985e-02,-1.664287185668945312e+01,-2.163145256042480469e+01
1.223926660156250000e+04,2.920330000000000000e+05,-1.220929920673370361e-01,-8.212823420763015747e-02,-7.744219154119491577e-02,2.880468219518661499e-02,-1.664507102966308594e+01,-2.165769767761230469e+01
1.224889355468750000e+04,2.922720000000000000e+05,-6.522873789072036743e-02,1.318906545639038086e-01,3.903923556208610535e-02,7.295315712690353394e-02,-1.664543342590332031e+01,-2.164548873901367188e+01
1.225852734375000000e+04,2.925110000000000000e+05,-2.261976338922977448e-02,1.451126486063003540e-01,5.915903300046920776e-02,5.759839713573455811e-02,-1.666163253784179688e+01,-2.166383552551269531e+01
1.226816992187500000e+04,2.927250000000000000e+05,-1.562457531690597534e-02,1.459187716245651245e-01,6.176079809665679932e-02,5.476714670658111572e-02,-1.666826629638671875e+01,-2.166608428955078125e+01
1.227781933593750000e+04,2.929640000000000000e+05,-8.743212372064590454e-02,-1.180975884199142456e-01,-8.242404460906982422e-02,1.505494234152138233e-03,-1.665718841552734375e+01,-2.167747306823730469e+01
1.228747656250000000e+04,2.931790000000000000e+05,1.206939518451690674e-01,8.468807488679885864e-02,7.791038602590560913e-02,-2.758657000958919525e-02,-1.662758445739746094e+01,-2.165512847900390625e+01
1.229714160156250000e+04,2.934170000000000000e+05,2.510758303105831146e-02,-1.447407305240631104e-01,-5.802448093891143799e-02,-5.848869681358337402e-02,-1.665943145751953125e+01,-2.168272972106933594e+01
1.230681347656250000e+04,2.936560000000000000e+05,-1.207190901041030884e-01,-8.368491381406784058e-02,-7.746946066617965698e-02,2.810548245906829834e-02,-1.666023635864257812e+01,-2.168038368225097656e+01
1.231649316406250000e+04,2.938710000000000000e+05,-6.097438931465148926e-02,-1.339694559574127197e-01,-8.085699379444122314e-02,-1.565891690552234650e-02,-1.664227294921875000e+01,-2.168574523925781250e+01
1.232618066406250000e+04,2.941090000000000000e+05,1.422252207994461060e-01,-3.623413294553756714e-02,2.922721952199935913e-02,-7.663114368915557861e-02,-1.666735649108886719e+01,-2.172206878662109375e+01
1.233587597656250000e+04,2.943480000000000000e+05,-1.410929858684539795e-01,4.105697199702262878e-02,-2.686571516096591949e-02,7.780551165342330933e-02,-1.665688896179199219e+01,-2.169060897827148438e+01
1.234557910156250000e+04,2.945870000000000000e+05,1.146423295140266418e-01,9.174932539463043213e-02,7.881004363298416138e-02,-2.265411615371704102e-02,-1.666335105895996094e+01,-2.172357368469238281e+01
1.235528906250000000e+04,2.948010000000000000e+05,7.878410816192626953e-02,-1.239480078220367432e-01,-3.088665567338466644e-02,-7.606792449951171875e-02,-1.666148948669433594e+01,-2.171319961547851562e+01
1.236500781250000000e+04,2.950400000000000000e+05,5.002639815211296082e-02,-1.379660665988922119e-01,-4.678665846586227417e-02,-6.730373948812484741e-02,-1.666809272766113281e+01,-2.172709274291992188e+01
1.237473339843750000e+04,2.952790000000000000e+05,1.386842727661132812e-01,-4.826250299811363220e-02,2.265692874789237976e-02,-7.880421727895736694e-02,-1.666299057006835938e+01,-2.172408294677734375e+01
1.238446679687500000e+04,2.954930000000000000e+05,-1.224927678704261780e-01,8.111596107482910156e-02,-2.452022163197398186e-03,8.197165280580520630e-02,-1.665862655639648438e+01,-2.172284126281738281e+01
1.239420800781250000e+04,2.957320000000000000e+05,1.416815221309661865e-01,3.814270347356796265e-02,6.300804018974304199e-02,-5.238344147801399231e-02,-1.666985893249511719e+01,-2.173015975952148438e+01
1.240395605468750000e+04,2.959700000000000000e+05,7.546195387840270996e-02,-1.260798126459121704e-01,-3.319383040070533752e-02,-7.505045086145401001e-02,-1.665734863281250000e+01,-2.171701049804687500e+01
1.241371289062500000e+04,2.962090000000000000e+05,9.866298735141754150e-02,-1.089224740862846375e-01,-1.784945093095302582e-02,-7.992646098136901855e-02,-1.665576553344726562e+01,-2.173481941223144531e+01
1.242347656250000000e+04,2.964240000000000000e+05,1.432419121265411377e-01,-3.349439054727554321e-02,3.072829358279705048e-02,-7.600317150354385376e-02,-1.664740371704101562e+01,-2.172584915161132812e+01
1.243324804687500000e+04,2.966620000000000000e+05,-1.197818741202354431e-01,8.457484841346740723e-02,1.608940510777756572e-04,8.170391619205474854e-02,-1.667549324035644531e+01,-2.175512504577636719e+01
1.244302734375000000e+04,2.969010000000000000e+05,1.001088023185729980e-01,-1.075601205229759216e-01,-1.689109764993190765e-02,-8.002203702926635742e-02,-1.665728187561035156e+01,-2.174649429321289062e+01
1.245281445312500000e+04,2.971400000000000000e+05,-6.790949404239654541e-02,-1.300798505544662476e-01,-8.092299103736877441e-02,-1.057234406471252441e-02,-1.666906166076660156e+01,-2.176506042480468750e+01
1.246260937500000000e+04,2.973780000000000000e+05,-1.228241622447967529e-01,-8.087856322526931763e-02,-7.578101009130477905e-02,2.990698814392089844e-02,-1.665001296997070312e+01,-2.178015708923339844e+01
1.247241210937500000e+04,2.975930000000000000e+05,5.830751731991767883e-03,-1.469625830650329590e-01,-6.485561281442642212e-02,-4.943496361374855042e-02,-1.664903259277343750e+01,-2.177173995971679688e+01
1.248222265625000000e+04,2.978320000000000000e+05,1.465875208377838135e-01,9.397217072546482086e-03,5.089929699897766113e-02,-6.358098983764648438e-02,-1.666024971008300781e+01,-2.178271484375000000e+01
1.249204003906250000e+04,2.980700000000000000e+05,-1.407741606235504150e-01,-4.158390313386917114e-02,-6.360087543725967407e-02,5.085436254739761353e-02,-1.666621589660644531e+01,-2.178405570983886719e+01
1.250186621093750000e+04,2.983090000000000000e+05,-6.733028590679168701e-02,1.307494789361953735e-01,3.797182068228721619e-02,7.200299203395843506e-02,-1.664967727661132812e+01,-2.178729629516601562e+01
1.251169921875000000e+04,2.985470000000000000e+05,8.928418159484863281e-02,1.168080940842628479e-01,8.132045716047286987e-02,-3.383379429578781128e-03,-1.665228652954101562e+01,-2.178849220275878906e+01
1.252154003906250000e+04,2.987860000000000000e+05,-6.549216061830520630e-02,1.313767731189727783e-01,3.884746879339218140e-02,7.145404815673828125e-02,-1.666571235656738281e+01,-2.179483032226562500e+01
1.253138867187500000e+04,2.990010000000000000e+05,-1.006643772125244141e-01,-1.069956123828887939e-01,-8.054672181606292725e-02,1.179348118603229523e-02,-1.665920829772949219e+01,-2.178692054748535156e+01
1.254124609375000000e+04,2.992390000000000000e+05,1.150486711412668228e-02,1.462797671556472778e-01,6.998080015182495117e-02,4.111054167151451111e-02,-1.666953277587890625e+01,-2.181286621093750000e+01
1.255111035156250000e+04,2.994780000000000000e+05,1.469041556119918823e-01,-7.458073378074914217e-05,4.607706516981124878e-02,-6.643635034561157227e-02,-1.665931701660156250e+01,-2.184629249572753906e+01
1.256098242187500000e+04,2.997170000000000000e+05,1.416348814964294434e-01,-3.921482339501380920e-02,2.686160244047641754e-02,-7.662948966026306152e-02,-1.665581512451171875e+01,-2.180875778198242188e+01
1.257086230468750000e+04,2.999550000000000000e+05,8.944115042686462402e-02,1.163018867373466492e-01,8.077898621559143066e-02,-3.855107817798852921e-03,-1.667039680480957031e+01,-2.184415054321289062e+01
1.258075000000000000e+04,3.001940000000000000e+05,-1.425447165966033936e-01,3.486557677388191223e-02,-2.916970662772655487e-02,7.558045536279678345e-02,-1.666863059997558594e+01,-2.182879257202148438e+01
1.259064453125000000e+04,3.004320000000000000e+05,1.269784122705459595e-01,-7.355240732431411743e-02,6.668831687420606613e-03,-8.074268698692321777e-02,-1.666885757446289062e+01,-2.182841110229492188e+01
1.260054785156250000e+04,3.006710000000000000e+05,-1.462085992097854614e-01,-1.317377202212810516e-02,-5.197633802890777588e-02,6.211498007178306580e-02,-1.666542434692382812e+01,-2.183108901977539062e+01
1.261045898437500000e+04,3.008860000000000000e+05,-1.018413379788398743e-01,1.054680496454238892e-01,1.570945419371128082e-02,7.919057458639144897e-02,-1.667659187316894531e+01,-2.185890007019042969e+01
1.262037792968750000e+04,3.011240000000000000e+05,-8.256538212299346924e-02,1.212545335292816162e-01,2.919004485011100769e-02,7.554455101490020752e-02,-1.667163658142089844e+01,-2.183159828186035156e+01
1.263030468750000000e+04,3.013630000000000000e+05,-6.057228147983551025e-02,-1.337059289216995239e-01,-7.949420064687728882e-02,-1.449812203645706177e-02,-1.666627693176269531e+01,-2.185118484497070312e+01
1.264023925781250000e+04,3.016020000000000000e+05,4.589257389307022095e-02,1.393306851387023926e-01,7.748559862375259399e-02,2.282965183258056641e-02,-1.667174530029296875e+01,-2.185405540466308594e+01
1.265018066406250000e+04,3.018400000000000000e+05,1.389083117246627808e-01,-4.837647452950477600e-02,2.174810878932476044e-02,-7.784829288721084595e-02,-1.664826965332031250e+01,-2.184864997863769531e+01
1.266013085937500000e+04,3.020790000000000000e+05,-3.203583136200904846e-02,-1.431983858346939087e-01,-7.478148490190505981e-02,-3.028090111911296844e-02,-1.666914176940917969e+01,-2.186472129821777344e+01
1.267008886718750000e+04,3.023170000000000000e+05,9.374804794788360596e-02,-1.131059676408767700e-01,-2.184247039258480072e-02,-7.746271044015884399e-02,-1.665915107727050781e+01,-2.188588142395019531e+01
1.268005468750000000e+04,3.025560000000000000e+05,9.612961858510971069e-02,1.109619066119194031e-01,8.021700382232666016e-02,-8.816408924758434296e-03,-1.666483116149902344e+01,-2.186252593994140625e+01
1.269002832031250000e+04,3.027950000000000000e+05,-1.149489954113960266e-01,-9.166295081377029419e-02,-7.739668339490890503e-02,2.326234243810176849e-02,-1.665237236022949219e+01,-2.184994697570800781e+01
1.270000976562500000e+04,3.030330000000000000e+05,8.580774813890457153e-02,1.190436407923698425e-01,8.050836622714996338e-02,-1.707386341877281666e-03,-1.666868019104003906e+01,-2.188122749328613281e+01
1.270999902343750000e+04,3.032720000000000000e+05,1.448417752981185913e-01,2.422003820538520813e-02,5.581137165427207947e-02,-5.780004337430000305e-02,-1.666235351562500000e+01,-2.190052986145019531e+01
1.271999609375000000e+04,3.035110000000000000e+05,1.219373345375061035e-01,8.165992796421051025e-02,7.473422586917877197e-02,-2.970610558986663818e-02,-1.666813659667968750e+01,-2.189253044128417969e+01
1.273000097656250000e+04,3.037490000000000000e+05,-1.434518396854400635e-01,3.253750503063201904e-02,-3.028760477900505066e-02,7.475198805332183838e-02,-1.664800643920898438e+01,-2.186739349365234375e+01
1.274001367187500000e+04,3.039880000000000000e+05,1.236514002084732056e-01,-7.905232906341552734e-02,2.766213845461606979e-03,-8.010806143283843994e-02,-1.666775703430175781e+01,-2.192129898071289062e+01
1.275003417968750000e+04,3.042260000000000000e+05,-1.400123685598373413e-01,-4.458662867546081543e-02,-6.338344514369964600e-02,4.910134151577949524e-02,-1.665718460083007812e+01,-2.191896820068359375e+01
1.276006250000000000e+04,3.044650000000000000e+05,-1.352817118167877197e-01,5.691267922520637512e-02,-1.633074507117271423e-02,7.859326899051666260e-02,-1.666750335693359375e+01,-2.190871810913085938e+01
1.277009960937500000e+04,3.047040000000000000e+05,-1.129068806767463684e-01,9.403944760560989380e-02,7.394565735012292862e-03,7.992205023765563965e-02,-1.665719604492187500e+01,-2.190964889526367188e+01
1.278014355468750000e+04,3.049420000000000000e+05,-5.326730757951736450e-02,-1.367887854576110840e-01,-7.789465039968490601e-02,-1.843876577913761139e-02,-1.666581344604492188e+01,-2.193306922912597656e+01
1.279019531250000000e+04,3.051810000000000000e+05,5.817429721355438232e-02,1.348434984683990479e-01,7.840741425752639771e-02,1.541959028691053391e-02,-1.666209793090820312e+01,-2.194806098937988281e+01
1.280025585937500000e+04,3.054190000000000000e+05,1.430764496326446533e-01,-3.271006047725677490e-02,2.919722348451614380e-02,-7.456511259078979492e-02,-1.666737747192382812e+01,-2.192976951599121094e+01
1.281032421875000000e+04,3.056580000000000000e+05,1.341710686683654785e-01,-5.911077186465263367e-02,1.461502909660339355e-02,-7.848346978425979614e-02,-1.667643165588378906e+01,-2.195638656616210938e+01
1.282040039062500000e+04,3.058970000000000000e+05,1.272056102752685547e-01,7.300651073455810547e-02,7.200555503368377686e-02,-3.475173935294151306e-02,-1.667335128784179688e+01,-2.194330406188964844e+01
1.283048339843750000e+04,3.061350000000000000e+05,-1.450790166854858398e-01,2.016108669340610504e-02,-3.550310060381889343e-02,7.160793989896774292e-02,-1.668483734130859375e+01,-2.194623756408691406e+01
1.284057617187500000e+04,3.063980000000000000e+05,1.431637704372406006e-01,3.243642300367355347e-02,5.830777809023857117e-02,-5.432148277759552002e-02,-1.666593360900878906e+01,-2.197183799743652344e+01
1.285067578125000000e+04,3.066360000000000000e+05,4.182721301913261414e-02,-1.404604315757751465e-01,-5.028152093291282654e-02,-6.174179166555404663e-02,-1.667993164062500000e+01,-2.197891426086425781e+01
1.286078320312500000e+04,3.068750000000000000e+05,7.393194828182458878e-03,-1.464796960353851318e-01,-6.362961977720260620e-02,-4.804443195462226868e-02,-1.667340087890625000e+01,-2.196748352050781250e+01
1.287089843750000000e+04,3.071140000000000000e+05,2.275968529284000397e-02,-1.444938927888870239e-01,-5.826064944267272949e-02,-5.440644174814224243e-02,-1.669657516479492188e+01,-2.196927833557128906e+01
1.288102246093750000e+04,3.073520000000000000e+05,1.148918196558952332e-01,9.155368059873580933e-02,7.599952816963195801e-02,-2.347375638782978058e-02,-1.665904235839843750e+01,-2.198805809020996094e+01
1.289115429687500000e+04,3.075910000000000000e+05,-1.339973211288452148e-01,-5.952994152903556824e-02,-6.761725991964340210e-02,4.200891777873039246e-02,-1.667579841613769531e+01,-2.198126983642578125e+01
1.290129394531250000e+04,3.078290000000000000e+05,-2.524208649992942810e-02,1.445505917072296143e-01,5.724427476525306702e-02,5.549740418791770935e-02,-1.666914749145507812e+01,-2.196756744384765625e+01
1.291144140625000000e+04,3.080680000000000000e+05,1.158318966627120972e-01,9.004893153905868530e-02,7.554805278778076172e-02,-2.469231374561786652e-02,-1.667040061950683594e+01,-2.199474143981933594e+01
1.292159667968750000e+04,3.083300000000000000e+05,-8.449387550354003906e-02,1.197046041488647461e-01,2.806679159402847290e-02,7.430461794137954712e-02,-1.668200111389160156e+01,-2.200044822692871094e+01
1.293175976562500000e+04,3.085690000000000000e+05,-7.489553838968276978e-02,-1.257807761430740356e-01,-7.926809042692184448e-02,-4.465213511139154434e-03,-1.668974876403808594e+01,-2.200427246093750000e+01
1.294193164062500000e+04,3.088080000000000000e+05,4.105914756655693054e-02,1.406606882810592651e-01,7.547137141227722168e-02,2.424194850027561188e-02,-1.668141937255859375e+01,-2.201791572570800781e+01
1.295211132812500000e+04,3.090460000000000000e+05,1.333380490541458130e-01,-6.090896576642990112e-02,1.329381391406059265e-02,-7.835949212312698364e-02,-1.667784881591796875e+01,-2.199493598937988281e+01
1.296229882812500000e+04,3.092850000000000000e+05,3.351210802793502808e-02,-1.429423242807388306e-01,-5.378446355462074280e-02,-5.814228206872940063e-02,-1.666440582275390625e+01,-2.202504348754882812e+01
1.297249414062500000e+04,3.095230000000000000e+05,1.391956210136413574e-01,-4.622340947389602661e-02,2.138711884617805481e-02,-7.638197392225265503e-02,-1.667318725585937500e+01,-2.201237869262695312e+01
1.298269726562500000e+04,3.097860000000000000e+05,-2.395913377404212952e-02,1.448250412940979004e-01,5.756530165672302246e-02,5.445026233792304993e-02,-1.666586303710937500e+01,-2.202137374877929688e+01
1.299290917968750000e+04,3.100250000000000000e+05,7.023923844099044800e-02,-1.285981088876724243e-01,-3.634740039706230164e-02,-7.032372802495956421e-02,-1.668147277832031250e+01,-2.202970695495605469e+01
1.300312890625000000e+04,3.102630000000000000e+05,-1.459861695766448975e-01,-1.331468299031257629e-02,-4.995039105415344238e-02,6.113703921437263489e-02,-1.667778778076171875e+01,-2.205318260192871094e+01
1.301335644531250000e+04,3.105020000000000000e+05,-1.413098722696304321e-01,3.950183838605880737e-02,-2.487473748624324799e-02,7.495208829641342163e-02,-1.666978645324707031e+01,-2.205054283142089844e+01
1.302359179687500000e+04,3.107640000000000000e+05,-9.077347069978713989e-02,-1.152741014957427979e-01,-7.877567410469055176e-02,5.833419505506753922e-03,-1.666997528076171875e+01,-2.204840850830078125e+01
1.303383593750000000e+04,3.110030000000000000e+05,1.385893672704696655e-01,4.762785881757736206e-02,6.286042183637619019e-02,-4.764832183718681335e-02,-1.668058204650878906e+01,-2.206084251403808594e+01
1.304408789062500000e+04,3.112410000000000000e+05,-1.465738415718078613e-01,4.954370670020580292e-03,-4.199112206697463989e-02,6.691557168960571289e-02,-1.667391014099121094e+01,-2.204749298095703125e+01
1.305434765625000000e+04,3.114800000000000000e+05,1.253061294555664062e-01,8.856652304530143738e-03,4.374397173523902893e-02,-5.419310182332992554e-02,-1.801891136169433594e+01,-2.314220046997070312e+01
1.306461523437500000e+04,3.117430000000000000e+05,8.237665146589279175e-02,-1.197900250554084778e-01,-2.868825383484363556e-02,-7.319872826337814331e-02,-1.674986267089843750e+01,-2.208936500549316406e+01
1.307489160156250000e+04,3.119810000000000000e+05,4.035247117280960083e-02,-1.285512447357177734e-01,-4.545516893267631531e-02,-5.816489830613136292e-02,-1.741033744812011719e+01,-2.263656997680664062e+01
1.308517578125000000e+04,3.122200000000000000e+05,4.659014567732810974e-02,1.168143004179000854e-01,6.764966249465942383e-02,1.552350260317325592e-02,-1.800897216796875000e+01,-2.317182350158691406e+01
1.309546777343750000e+04,3.124580000000000000e+05,-1.146002113819122314e-01,7.585149258375167847e-02,-1.253399183042347431e-03,7.498466223478317261e-02,-1.723844909667968750e+01,-2.249933624267578125e+01
1.310576757812500000e+04,3.127210000000000000e+05,9.911676496267318726e-02,8.781544119119644165e-02,7.036868482828140259e-02,-1.733827032148838043e-02,-1.756077194213867188e+01,-2.279644966125488281e+01
1.311607617187500000e+04,3.129590000000000000e+05,-9.669023752212524414e-02,8.765501528978347778e-02,9.492227807641029358e-03,7.092676311731338501e-02,-1.768724060058593750e+01,-2.290670013427734375e+01
1.312639257812500000e+04,3.131980000000000000e+05,-1.349893510341644287e-01,1.585963740944862366e-02,-3.440246731042861938e-02,6.551448255777359009e-02,-1.733447265625000000e+01,-2.261562156677246094e+01
1.313671777343750000e+04,3.134610000000000000e+05,1.184875494800508022e-03,1.288279294967651367e-01,5.869464576244354248e-02,3.967231139540672302e-02,-1.779943275451660156e+01,-2.299386787414550781e+01
1.314704980468750000e+04,3.136990000000000000e+05,-5.303898942656815052e-04,1.257520765066146851e-01,5.658419057726860046e-02,3.945405036211013794e-02,-1.800962066650390625e+01,-2.322539901733398438e+01
1.315739062500000000e+04,3.139380000000000000e+05,-6.652801483869552612e-02,-1.121423169970512390e-01,-7.117608934640884399e-02,-4.886157810688018799e-03,-1.769503021240234375e+01,-2.293289947509765625e+01
1.316774023437500000e+04,3.142000000000000000e+05,-8.875732123851776123e-02,9.104244410991668701e-02,1.353500783443450928e-02,6.857546418905258179e-02,-1.791381645202636719e+01,-2.311065292358398438e+01
1.317809667968750000e+04,3.144390000000000000e+05,-1.115679368376731873e-01,-6.530321389436721802e-02,-6.387399137020111084e-02,3.026494197547435760e-02,-1.776973915100097656e+01,-2.301390075683593750e+01
1.318846191406250000e+04,3.146770000000000000e+05,-1.054595857858657837e-01,-7.321631908416748047e-02,-6.540869921445846558e-02,2.494777552783489227e-02,-1.782980728149414062e+01,-2.309742927551269531e+01
1.319883593750000000e+04,3.149400000000000000e+05,1.316607147455215454e-01,1.779011264443397522e-02,4.813127219676971436e-02,-5.366919562220573425e-02,-1.753229904174804688e+01,-2.284247207641601562e+01
1.320921679687500000e+04,3.151790000000000000e+05,-1.322176605463027954e-01,3.001543879508972168e-02,-2.691221609711647034e-02,6.862261891365051270e-02,-1.735597038269042969e+01,-2.264933776855468750e+01
1.321960644531250000e+04,3.154410000000000000e+05,1.386932581663131714e-01,1.554979127831757069e-03,4.253615811467170715e-02,-6.155232712626457214e-02,-1.715834808349609375e+01,-2.251966094970703125e+01
1.323000488281250000e+04,3.156800000000000000e+05,3.797211125493049622e-02,-1.406756639480590820e-01,-5.116427689790725708e-02,-5.873523652553558350e-02,-1.673018836975097656e+01,-2.216982078552246094e+01
1.324041113281250000e+04,3.159180000000000000e+05,-3.215295262634754181e-03,1.387738287448883057e-01,6.124194338917732239e-02,4.362947866320610046e-02,-1.715151786804199219e+01,-2.247636032104492188e+01
1.325082519531250000e+04,3.161810000000000000e+05,-1.335705965757369995e-01,5.477042123675346375e-02,-1.542291697114706039e-02,7.578160613775253296e-02,-1.681083488464355469e+01,-2.223246765136718750e+01
1.326124804687500000e+04,3.164190000000000000e+05,-1.412487626075744629e-01,-1.527067041024565697e-03,-4.319775849580764771e-02,6.280761212110519409e-02,-1.699979972839355469e+01,-2.235760879516601562e+01
1.327167773437500000e+04,3.166820000000000000e+05,-5.998324602842330933e-02,1.335794329643249512e-01,4.159691184759140015e-02,6.604000926017761230e-02,-1.668745803833007812e+01,-2.215269470214843750e+01
1.328211718750000000e+04,3.169200000000000000e+05,-2.378628589212894440e-02,-1.418472379446029663e-01,-7.040311396121978760e-02,-3.175294399261474609e-02,-1.684314537048339844e+01,-2.224400520324707031e+01
1.329256445312500000e+04,3.171830000000000000e+05,1.437785029411315918e-01,2.439483813941478729e-02,5.328194424510002136e-02,-5.655906349420547485e-02,-1.672286224365234375e+01,-2.219114494323730469e+01
1.330301953125000000e+04,3.174210000000000000e+05,1.433479785919189453e-01,4.997895564883947372e-03,4.474940150976181030e-02,-6.247062981128692627e-02,-1.686689186096191406e+01,-2.228773498535156250e+01
1.331348339843750000e+04,3.176600000000000000e+05,-4.031155630946159363e-02,-1.390324383974075317e-01,-7.382326573133468628e-02,-2.321698516607284546e-02,-1.678711509704589844e+01,-2.222652626037597656e+01
1.332395507812500000e+04,3.179230000000000000e+05,-8.858405798673629761e-02,1.147492155432701111e-01,2.483926154673099518e-02,7.326529175043106079e-02,-1.677480506896972656e+01,-2.222950935363769531e+01
1.333443457031250000e+04,3.181610000000000000e+05,-8.770175278186798096e-02,1.165886074304580688e-01,2.601251006126403809e-02,7.323849946260452271e-02,-1.671936416625976562e+01,-2.218925094604492188e+01
1.334492285156250000e+04,3.184240000000000000e+05,3.589333966374397278e-02,1.412078887224197388e-01,7.335046678781509399e-02,2.557676844298839569e-02,-1.673090934753417969e+01,-2.219361305236816406e+01
1.335541894531250000e+04,3.186620000000000000e+05,-5.656736344099044800e-02,-1.344698369503021240e-01,-7.639873027801513672e-02,-1.416203286498785019e-02,-1.671987342834472656e+01,-2.219155120849609375e+01
1.336592382812500000e+04,3.189250000000000000e+05,-1.441532522439956665e-01,2.637825720012187958e-02,-3.037727810442447662e-02,7.151425629854202271e-02,-1.668047142028808594e+01,-2.219173812866210938e+01
1.337643750000000000e+04,3.191630000000000000e+05,1.173216328024864197e-01,8.740247786045074463e-02,7.294359058141708374e-02,-2.668282203376293182e-02,-1.669513893127441406e+01,-2.219485282897949219e+01
1.338695800781250000e+04,3.194260000000000000e+05,9.356459230184555054e-02,-1.124048382043838501e-01,-2.262164466083049774e-02,-7.399910688400268555e-02,-1.669805717468261719e+01,-2.222746658325195312e+01
1.339748828125000000e+04,3.196640000000000000e+05,-1.081318482756614685e-01,9.928331524133682251e-02,1.257767062634229660e-02,7.639499753713607788e-02,-1.666559410095214844e+01,-2.222254753112792969e+01
1.340802539062500000e+04,3.199270000000000000e+05,4.180541634559631348e-02,1.400349289178848267e-01,7.428901642560958862e-02,2.196712605655193329e-02,-1.670450019836425781e+01,-2.221746444702148438e+01
1.341857128906250000e+04,3.201890000000000000e+05,-3.006693907082080841e-02,1.433625966310501099e-01,5.466059967875480652e-02,5.473833531141281128e-02,-1.668433952331542969e+01,-2.223003578186035156e+01
1.342912597656250000e+04,3.204280000000000000e+05,-1.432044059038162231e-01,-2.865847945213317871e-02,-5.387330800294876099e-02,5.525711178779602051e-02,-1.671033287048339844e+01,-2.225068664550781250e+01
1.343968847656250000e+04,3.206900000000000000e+05,1.465099900960922241e-01,-4.053090233355760574e-03,4.058858752250671387e-02,-6.563485413789749146e-02,-1.667933273315429688e+01,-2.225091552734375000e+01
1.345025976562500000e+04,3.209290000000000000e+05,-6.315663456916809082e-02,-1.320439279079437256e-01,-7.659640163183212280e-02,-1.012801099568605423e-02,-1.669091987609863281e+01,-2.224055862426757812e+01
1.346083886718750000e+04,3.211910000000000000e+05,-1.408732235431671143e-01,-3.982274234294891357e-02,-5.803982913494110107e-02,5.080925673246383667e-02,-1.668955230712890625e+01,-2.225468444824218750e+01
1.347142675781250000e+04,3.214300000000000000e+05,-1.159691885113716125e-01,-8.954298496246337891e-02,-7.260981947183609009e-02,2.530451118946075439e-02,-1.668232727050781250e+01,-2.228228569030761719e+01
1.348202246093750000e+04,3.216930000000000000e+05,1.142252311110496521e-01,-9.182889759540557861e-02,-7.750358898192644119e-03,-7.658327370882034302e-02,-1.667966651916503906e+01,-2.227306747436523438e+01
1.349262695312500000e+04,3.219550000000000000e+05,-1.416009664535522461e-01,3.682915866374969482e-02,-2.440045028924942017e-02,7.299186289310455322e-02,-1.669439697265625000e+01,-2.227444076538085938e+01
1.350323925781250000e+04,3.221940000000000000e+05,3.618504386395215988e-03,1.464748829603195190e-01,6.545840948820114136e-02,4.029386490583419800e-02,-1.668208694458007812e+01,-2.228530120849609375e+01
1.351386035156250000e+04,3.224560000000000000e+05,3.925303742289543152e-02,1.410279572010040283e-01,7.322408258914947510e-02,2.292639203369617462e-02,-1.668984222412109375e+01,-2.230077552795410156e+01
1.352449023437500000e+04,3.226950000000000000e+05,-1.451216787099838257e-01,1.643346622586250305e-02,-3.406492993235588074e-02,6.862610578536987305e-02,-1.671001815795898438e+01,-2.231364822387695312e+01
1.353512792968750000e+04,3.229570000000000000e+05,5.006613209843635559e-02,-1.376895457506179810e-01,-4.621651396155357361e-02,-6.146743521094322205e-02,-1.668268394470214844e+01,-2.228103256225585938e+01
1.354577343750000000e+04,3.232200000000000000e+05,-1.145312786102294922e-01,9.089528024196624756e-02,7.404241245239973068e-03,7.625595480203628540e-02,-1.670005226135253906e+01,-2.231377029418945312e+01
1.355642871093750000e+04,3.234580000000000000e+05,1.020507290959358215e-01,1.052325814962387085e-01,7.532131671905517578e-02,-1.474611461162567139e-02,-1.667798995971679688e+01,-2.229829597473144531e+01
1.356709082031250000e+04,3.237210000000000000e+05,1.150584891438484192e-01,9.029648452997207642e-02,7.253755629062652588e-02,-2.512488886713981628e-02,-1.669750404357910156e+01,-2.229666709899902344e+01
1.357776269531250000e+04,3.239830000000000000e+05,-5.274396762251853943e-02,1.367970257997512817e-01,4.510178044438362122e-02,6.218362599611282349e-02,-1.667655372619628906e+01,-2.229076385498046875e+01
1.358844238281250000e+04,3.242220000000000000e+05,2.698707208037376404e-02,-1.436709612607955933e-01,-5.558339133858680725e-02,-5.281551182270050049e-02,-1.670202636718750000e+01,-2.230697250366210938e+01
1.359912988281250000e+04,3.244840000000000000e+05,-1.163891106843948364e-01,8.934443444013595581e-02,6.154035218060016632e-03,7.642449438571929932e-02,-1.666979026794433594e+01,-2.230727958679199219e+01
1.360982617187500000e+04,3.247470000000000000e+05,-8.136564493179321289e-02,1.219050958752632141e-01,3.034264035522937775e-02,7.044622302055358887e-02,-1.667940902709960938e+01,-2.230375480651855469e+01
1.362053125000000000e+04,3.250090000000000000e+05,-1.364249885082244873e-01,5.246426165103912354e-02,-1.552854012697935104e-02,7.478812336921691895e-02,-1.670311737060546875e+01,-2.234003829956054688e+01
1.363124414062500000e+04,3.252480000000000000e+05,2.660265192389488220e-02,-1.440223753452301025e-01,-5.561146140098571777e-02,-5.249875411391258240e-02,-1.668569755554199219e+01,-2.232936668395996094e+01
1.364196582031250000e+04,3.255100000000000000e+05,7.705472409725189209e-03,1.460011452436447144e-01,6.617265194654464722e-02,3.766085207462310791e-02,-1.670079421997070312e+01,-2.236784744262695312e+01
1.365269628906250000e+04,3.257730000000000000e+05,1.219308152794837952e-01,-8.085388690233230591e-02,-1.077549764886498451e-03,-7.616724818944931030e-02,-1.669495391845703125e+01,-2.236376571655273438e+01
1.366343457031250000e+04,3.260110000000000000e+05,8.958388119935989380e-02,-1.157857254147529602e-01,-2.542924694716930389e-02,-7.200877368450164795e-02,-1.668945312500000000e+01,-2.234189033508300781e+01
1.367418164062500000e+04,3.262740000000000000e+05,1.445783525705337524e-01,-2.286794036626815796e-02,3.083483874797821045e-02,-6.987332552671432495e-02,-1.669062042236328125e+01,-2.234103012084960938e+01
1.368493750000000000e+04,3.265360000000000000e+05,7.091700099408626556e-03,1.457178443670272827e-01,6.593916565179824829e-02,3.771065175533294678e-02,-1.671947097778320312e+01,-2.238819122314453125e+01
1.369570117187500000e+04,3.267990000000000000e+05,8.978857845067977905e-02,-1.153438761830329895e-01,-2.525762841105461121e-02,-7.169242948293685913e-02,-1.670272636413574219e+01,-2.238241195678710938e+01
1.370647363281250000e+04,3.270370000000000000e+05,-6.391858309507369995e-02,-1.315000355243682861e-01,-7.552594691514968872e-02,-8.805260062217712402e-03,-1.670036125183105469e+01,-2.237944412231445312e+01
1.371725390625000000e+04,3.273000000000000000e+05,1.043229177594184875e-01,-1.027357950806617737e-01,-1.574804820120334625e-02,-7.458256930112838745e-02,-1.668817329406738281e+01,-2.235782241821289062e+01
1.372804394531250000e+04,3.275620000000000000e+05,1.335724890232086182e-01,-5.983480066061019897e-02,1.128987409174442291e-02,-7.525779306888580322e-02,-1.669143867492675781e+01,-2.237231826782226562e+01
1.373884179687500000e+04,3.278250000000000000e+05,-9.018287807703018188e-02,1.159306913614273071e-01,2.539448067545890808e-02,7.155518233776092529e-02,-1.666091918945312500e+01,-2.239198875427246094e+01
1.374964746093750000e+04,3.280870000000000000e+05,1.460853964090347290e-01,-3.273066133260726929e-03,3.934659063816070557e-02,-6.486962735652923584e-02,-1.670568466186523438e+01,-2.239862442016601562e+01
1.376046289062500000e+04,3.283260000000000000e+05,1.375244259834289551e-01,-4.987397417426109314e-02,1.660871878266334534e-02,-7.416879385709762573e-02,-1.669578361511230469e+01,-2.238308143615722656e+01
1.377128613281250000e+04,3.285880000000000000e+05,1.434082835912704468e-01,2.786991931498050690e-02,5.203825607895851135e-02,-5.504266545176506042e-02,-1.670751380920410156e+01,-2.241264152526855469e+01
1.378211816406250000e+04,3.288510000000000000e+05,-7.698375731706619263e-02,1.244506686925888062e-01,3.299491852521896362e-02,6.841010600328445435e-02,-1.669292640686035156e+01,-2.238928985595703125e+01
1.379295800781250000e+04,3.291130000000000000e+05,1.172273829579353333e-01,-8.709468692541122437e-02,-5.713247228413820267e-03,-7.530130445957183838e-02,-1.671055030822753906e+01,-2.243902206420898438e+01
1.380380664062500000e+04,3.293760000000000000e+05,-7.290968298912048340e-02,-1.271553486585617065e-01,-7.562151551246643066e-02,-3.544917330145835876e-03,-1.667878723144531250e+01,-2.241756057739257812e+01
1.381466406250000000e+04,3.296380000000000000e+05,-1.052977144718170166e-01,-1.016487181186676025e-01,-7.363820075988769531e-02,1.789147779345512390e-02,-1.669179153442382812e+01,-2.240884780883789062e+01
1.382553027343750000e+04,3.299010000000000000e+05,1.039426922798156738e-01,-1.029467657208442688e-01,-1.610428653657436371e-02,-7.366463541984558105e-02,-1.669543075561523438e+01,-2.245206451416015625e+01
1.383640527343750000e+04,3.301390000000000000e+05,-6.578401476144790649e-02,1.306076049804687500e-01,3.877878189086914062e-02,6.481490284204483032e-02,-1.669872665405273438e+01,-2.243762207031250000e+01
1.384728808593750000e+04,3.304020000000000000e+05,1.457550227642059326e-01,-9.598637931048870087e-03,3.612824156880378723e-02,-6.633529067039489746e-02,-1.670873451232910156e+01,-2.243697166442871094e+01
1.385817968750000000e+04,3.306640000000000000e+05,2.163394354283809662e-02,-1.447314172983169556e-01,-5.695728212594985962e-02,-4.937097802758216858e-02,-1.669277572631835938e+01,-2.245527458190917969e+01
1.386908007812500000e+04,3.309270000000000000e+05,6.622496247291564941e-02,-1.303622126579284668e-01,-3.858809918165206909e-02,-6.477669626474380493e-02,-1.669991302490234375e+01,-2.245264816284179688e+01
1.387998828125000000e+04,3.311890000000000000e+05,1.194371432065963745e-01,8.424726873636245728e-02,6.986747682094573975e-02,-2.867283485829830170e-02,-1.670341110229492188e+01,-2.243851089477539062e+01
1.389090527343750000e+04,3.314520000000000000e+05,-7.829711586236953735e-02,-1.235189288854598999e-01,-7.538957148790359497e-02,1.241319114342331886e-04,-1.669842910766601562e+01,-2.245376396179199219e+01
1.390183203125000000e+04,3.317140000000000000e+05,-5.659786239266395569e-02,1.349781304597854614e-01,4.301543161273002625e-02,6.154723465442657471e-02,-1.669131469726562500e+01,-2.248844909667968750e+01
1.391276562500000000e+04,3.319770000000000000e+05,-9.426243603229522705e-03,1.459317356348037720e-01,6.092990562319755554e-02,4.415528103709220886e-02,-1.669892311096191406e+01,-2.247019195556640625e+01
1.392370898437500000e+04,3.322390000000000000e+05,-1.444296240806579590e-01,2.419842034578323364e-02,-2.910575270652770996e-02,6.928817927837371826e-02,-1.668664169311523438e+01,-2.248105621337890625e+01
1.393466113281250000e+04,3.325020000000000000e+05,1.202860400080680847e-01,-8.358214795589447021e-02,-3.230366157367825508e-03,-7.515902817249298096e-02,-1.668477439880371094e+01,-2.247236251831054688e+01
1.394562109375000000e+04,3.327640000000000000e+05,-1.265193074941635132e-01,-7.371619343757629395e-02,-6.641156226396560669e-02,3.482476994395256042e-02,-1.668750572204589844e+01,-2.250011634826660156e+01
1.395658984375000000e+04,3.330260000000000000e+05,-1.334995925426483154e-01,5.904284864664077759e-02,-1.078700553625822067e-02,7.420739531517028809e-02,-1.671453285217285156e+01,-2.250024414062500000e+01
1.396756738281250000e+04,3.332890000000000000e+05,-1.438616961240768433e-01,2.669552341103553772e-02,-2.768744528293609619e-02,6.968109309673309326e-02,-1.669406890869140625e+01,-2.250105285644531250e+01
1.397855371093750000e+04,3.335510000000000000e+05,-4.532796144485473633e-02,-1.391287147998809814e-01,-7.270043343305587769e-02,-1.826112344861030579e-02,-1.669354438781738281e+01,-2.250354766845703125e+01
1.398954882812500000e+04,3.338140000000000000e+05,1.090014874935150146e-01,9.754039347171783447e-02,7.203990966081619263e-02,-2.076841332018375397e-02,-1.669678497314453125e+01,-2.250180816650390625e+01
1.400055273437500000e+04,3.340760000000000000e+05,4.381043091416358948e-02,-1.395203024148941040e-01,-4.856692254543304443e-02,-5.687172338366508484e-02,-1.669885253906250000e+01,-2.252344322204589844e+01
1.401156445312500000e+04,3.343390000000000000e+05,-8.508832193911075592e-03,-1.460063159465789795e-01,-6.556305289268493652e-02,-3.608921542763710022e-02,-1.669784164428710938e+01,-2.251738548278808594e+01
1.402258496093750000e+04,3.346010000000000000e+05,1.146345064043998718e-01,-9.078979492187500000e-02,-8.275816217064857483e-03,-7.425941526889801025e-02,-1.669914054870605469e+01,-2.253136444091796875e+01
1.403361523437500000e+04,3.348640000000000000e+05,2.536937780678272247e-02,1.439583897590637207e-01,6.922211498022079468e-02,2.822673507034778595e-02,-1.670243835449218750e+01,-2.252708625793457031e+01
1.404465332031250000e+04,3.351260000000000000e+05,5.062289908528327942e-02,-1.373286247253417969e-01,-4.563671350479125977e-02,-5.902687460184097290e-02,-1.669143486022949219e+01,-2.254388046264648438e+01
1.405570019531250000e+04,3.353890000000000000e+05,-1.242318227887153625e-01,-7.640088349580764771e-02,-6.678508222103118896e-02,3.315636888146400452e-02,-1.672219467163085938e+01,-2.254957199096679688e+01
1.406675488281250000e+04,3.356510000000000000e+05,-7.672666013240814209e-02,-1.244688332080841064e-01,-7.453448325395584106e-02,-4.500864888541400433e-04,-1.670003128051757812e+01,-2.255269813537597656e+01
1.407781933593750000e+04,3.359140000000000000e+05,1.246027573943138123e-01,-7.709380239248275757e-02,4.863099893555045128e-04,-7.448834925889968872e-02,-1.668182182312011719e+01,-2.255804824829101562e+01
1.408889257812500000e+04,3.361760000000000000e+05,-7.283924520015716553e-02,1.271285861730575562e-01,3.505671024322509766e-02,6.589921563863754272e-02,-1.668223953247070312e+01,-2.254013824462890625e+01
1.409997363281250000e+04,3.364390000000000000e+05,-1.354758143424987793e-01,-5.463531985878944397e-02,-6.019520387053489685e-02,4.387726262211799622e-02,-1.670831871032714844e+01,-2.255810546875000000e+01
1.411106445312500000e+04,3.367010000000000000e+05,1.177421212196350098e-01,8.650390058755874634e-02,6.923444569110870361e-02,-2.761089801788330078e-02,-1.670680809020996094e+01,-2.255255699157714844e+01
1.412216308593750000e+04,3.369640000000000000e+05,-5.131585896015167236e-02,-1.363580971956253052e-01,-7.304625958204269409e-02,-1.465789508074522018e-02,-1.673114395141601562e+01,-2.255659294128417969e+01
1.413327148437500000e+04,3.372260000000000000e+05,1.125553809106349945e-02,-1.451150923967361450e-01,-5.983328074216842651e-02,-4.395026341080665588e-02,-1.673970031738281250e+01,-2.258718490600585938e+01
1.414438769531250000e+04,3.374880000000000000e+05,1.360067129135131836e-01,5.280448868870735168e-02,5.926251783967018127e-02,-4.440172761678695679e-02,-1.671903038024902344e+01,-2.260937500000000000e+01
1.415551367187500000e+04,3.377750000000000000e+05,-1.024122089147567749e-01,1.033825650811195374e-01,1.708160899579524994e-02,7.215115427970886230e-02,-1.674151611328125000e+01,-2.259829330444335938e+01
1.416664746093750000e+04,3.380370000000000000e+05,1.424308419227600098e-01,2.122552879154682159e-02,4.785558953881263733e-02,-5.610789358615875244e-02,-1.683252525329589844e+01,-2.264540672302246094e+01
1.417779003906250000e+04,3.383000000000000000e+05,-1.286706924438476562e-01,6.879176199436187744e-02,-4.987608175724744797e-03,7.401384413242340088e-02,-1.671855735778808594e+01,-2.259406280517578125e+01
1.418894140625000000e+04,3.385620000000000000e+05,-1.031352952122688293e-01,-1.010152697563171387e-01,-7.158417254686355591e-02,1.739634014666080475e-02,-1.681081962585449219e+01,-2.265446090698242188e+01
1.420010156250000000e+04,3.388250000000000000e+05,9.053993970155715942e-03,-1.443517953157424927e-01,-6.010934337973594666e-02,-4.273680225014686584e-02,-1.679450607299804688e+01,-2.264435577392578125e+01
1.421127148437500000e+04,3.390870000000000000e+05,1.841297931969165802e-02,1.408327668905258179e-01,6.598009914159774780e-02,3.012060932815074921e-02,-1.695231628417968750e+01,-2.278962707519531250e+01
1.422244921875000000e+04,3.393500000000000000e+05,-7.588933804072439671e-04,1.411310732364654541e-01,6.106823310256004333e-02,3.859007358551025391e-02,-1.700742149353027344e+01,-2.282452583312988281e+01
1.423363574218750000e+04,3.396360000000000000e+05,1.998452283442020416e-02,1.427791118621826172e-01,6.708780676126480103e-02,2.977340854704380035e-02,-1.682244682312011719e+01,-2.268634605407714844e+01
1.424483105468750000e+04,3.398980000000000000e+05,1.110203117132186890e-01,8.701957017183303833e-02,6.774275749921798706e-02,-2.422982081770896912e-02,-1.701192474365234375e+01,-2.285991859436035156e+01
1.425603515625000000e+04,3.401610000000000000e+05,-9.243202209472656250e-02,1.108572408556938171e-01,2.296215482056140900e-02,6.992973387241363525e-02,-1.681248092651367188e+01,-2.266206741333007812e+01
1.426724804687500000e+04,3.404230000000000000e+05,2.051678113639354706e-02,-1.396440714597702026e-01,-5.501429364085197449e-02,-4.704901948571205139e-02,-1.700679969787597656e+01,-2.280653381347656250e+01
1.427847070312500000e+04,3.406860000000000000e+05,-1.216714903712272644e-01,5.436350405216217041e-02,-9.837070479989051819e-03,6.774166971445083618e-02,-1.750573158264160156e+01,-2.329225349426269531e+01
1.428970117187500000e+04,3.409720000000000000e+05,-1.121954768896102905e-01,6.666703522205352783e-02,-1.928017009049654007e-03,6.712464988231658936e-02,-1.768726158142089844e+01,-2.345877647399902344e+01
1.430094042968750000e+04,3.412350000000000000e+05,6.320361793041229248e-02,1.222372055053710938e-01,6.995918601751327515e-02,5.604933481663465500e-03,-1.722697257995605469e+01,-2.307531738281250000e+01
1.431218945312500000e+04,3.414970000000000000e+05,-9.356194734573364258e-02,1.077247709035873413e-01,2.137283794581890106e-02,6.946387887001037598e-02,-1.691254997253417969e+01,-2.277199172973632812e+01
1.432344628906250000e+04,3.417600000000000000e+05,8.397995680570602417e-02,-1.146382614970207214e-01,-2.698791958391666412e-02,-6.713419407606124878e-02,-1.694765472412109375e+01,-2.281054496765136719e+01
1.433471289062500000e+04,3.420460000000000000e+05,1.202701479196548462e-01,3.350318968296051025e-02,4.790591821074485779e-02,-4.315708577632904053e-02,-1.807226943969726562e+01,-2.381166648864746094e+01
1.434598730468750000e+04,3.423080000000000000e+05,4.759722575545310974e-02,1.347116231918334961e-01,7.073812931776046753e-02,1.553558837622404099e-02,-1.690099334716796875e+01,-2.280234909057617188e+01
1.435727148437500000e+04,3.425710000000000000e+05,-1.218283176422119141e-01,5.593336001038551331e-02,-8.491985499858856201e-03,6.816385686397552490e-02,-1.745435523986816406e+01,-2.326202774047851562e+01
1.436856445312500000e+04,3.428570000000000000e+05,-9.328293055295944214e-02,-8.445119112730026245e-02,-6.248027831315994263e-02,1.733969338238239288e-02,-1.800417327880859375e+01,-2.376290893554687500e+01
1.437986621093750000e+04,3.431200000000000000e+05,-1.249653920531272888e-01,-1.954040862619876862e-02,-4.272252321243286133e-02,4.891470074653625488e-02,-1.795929336547851562e+01,-2.374907493591308594e+01
1.439117675781250000e+04,3.433820000000000000e+05,1.160748824477195740e-01,-3.842718526721000671e-02,1.529478188604116440e-02,-6.118359416723251343e-02,-1.825358009338378906e+01,-2.400404930114746094e+01
1.440249609375000000e+04,3.436450000000000000e+05,-1.000681295990943909e-01,-6.100120767951011658e-02,-5.407462269067764282e-02,2.659882605075836182e-02,-1.862178421020507812e+01,-2.439906692504882812e+01
1.441382421875000000e+04,3.439310000000000000e+05,4.574931226670742035e-03,1.067627593874931335e-01,4.795968160033226013e-02,2.802499756217002869e-02,-1.942363739013671875e+01,-2.510669898986816406e+01
1.442516113281250000e+04,3.441930000000000000e+05,9.125298261642456055e-02,-4.936282336711883545e-02,3.663222072646021843e-03,-5.376923829317092896e-02,-1.968034553527832031e+01,-2.536921310424804688e+01
1.443650781250000000e+04,3.444800000000000000e+05,-1.098657846450805664e-01,-1.052474416792392731e-02,-3.509961068630218506e-02,4.505958035588264465e-02,-1.914307785034179688e+01,-2.486469650268554688e+01
1.444786230468750000e+04,3.447420000000000000e+05,-1.129268407821655273e-01,1.015189103782176971e-02,-2.681952714920043945e-02,5.173464119434356689e-02,-1.890909957885742188e+01,-2.469062995910644531e+01
1.445922656250000000e+04,3.450050000000000000e+05,2.303956635296344757e-02,1.135608106851577759e-01,5.576863139867782593e-02,2.111106924712657928e-02,-1.872024917602539062e+01,-2.449060630798339844e+01
1.447059960937500000e+04,3.452910000000000000e+05,9.107751399278640747e-02,-7.857825607061386108e-02,-9.078747592866420746e-03,-6.100157648324966431e-02,-1.839541816711425781e+01,-2.419803428649902344e+01
1.448198144531250000e+04,3.455530000000000000e+05,-1.069042384624481201e-01,-5.983358249068260193e-02,-5.520276352763175964e-02,3.005668707191944122e-02,-1.823660659790039062e+01,-2.403320503234863281e+01
1.449337207031250000e+04,3.458160000000000000e+05,9.413021057844161987e-02,7.900770753622055054e-02,5.994184687733650208e-02,-1.935891434550285339e-02,-1.820944976806640625e+01,-2.401451110839843750e+01
1.450477148437500000e+04,3.461020000000000000e+05,1.211558207869529724e-01,-4.318881779909133911e-02,1.409850642085075378e-02,-6.410498917102813721e-02,-1.781359291076660156e+01,-2.365702438354492188e+01
1.451618066406250000e+04,3.463650000000000000e+05,-7.231841236352920532e-02,1.096987724304199219e-01,2.783474884927272797e-02,6.065762415528297424e-02,-1.762864303588867188e+01,-2.351238059997558594e+01
1.452759863281250000e+04,3.466510000000000000e+05,-1.089187487959861755e-01,-7.664171606302261353e-02,-6.222047284245491028e-02,2.648054622113704681e-02,-1.751113891601562500e+01,-2.339836120605468750e+01
1.453902539062500000e+04,3.469140000000000000e+05,1.256995797157287598e-01,-5.114343389868736267e-02,1.150560379028320312e-02,-6.787594407796859741e-02,-1.734803962707519531e+01,-2.324265480041503906e+01
1.455046093750000000e+04,3.471760000000000000e+05,9.969688951969146729e-02,9.521076828241348267e-02,6.743893027305603027e-02,-1.772863417863845825e-02,-1.721142196655273438e+01,-2.313157081604003906e+01
1.456190527343750000e+04,3.474620000000000000e+05,-2.673859894275665283e-02,1.355653554201126099e-01,5.120610818266868591e-02,4.717927053570747375e-02,-1.719127655029296875e+01,-2.314441871643066406e+01
1.457335937500000000e+04,3.477250000000000000e+05,8.382511883974075317e-02,-1.129903197288513184e-01,-2.649581246078014374e-02,-6.583245843648910522e-02,-1.703478240966796875e+01,-2.297919464111328125e+01
1.458482128906250000e+04,3.480110000000000000e+05,-8.063152432441711426e-02,-1.176137626171112061e-01,-7.113892585039138794e-02,3.605386475101113319e-03,-1.691767883300781250e+01,-2.294671249389648438e+01
1.459629296875000000e+04,3.482740000000000000e+05,-8.468760550022125244e-02,-1.152302995324134827e-01,-7.139969617128372192e-02,6.330647971481084824e-03,-1.689306449890136719e+01,-2.289206504821777344e+01
1.460777441406250000e+04,3.485600000000000000e+05,1.130750924348831177e-01,9.031703323125839233e-02,6.782119721174240112e-02,-2.496078982949256897e-02,-1.678958129882812500e+01,-2.282100296020507812e+01
1.461926367187500000e+04,3.488220000000000000e+05,5.176829919219017029e-02,-1.355864405632019043e-01,-4.432664066553115845e-02,-5.692801252007484436e-02,-1.676466560363769531e+01,-2.283525085449218750e+01
1.463076269531250000e+04,3.491090000000000000e+05,8.739075064659118652e-02,1.168825998902320862e-01,7.226449251174926758e-02,-6.956505589187145233e-03,-1.671647262573242188e+01,-2.278144073486328125e+01
1.464227050781250000e+04,3.493710000000000000e+05,-4.128570109605789185e-02,-1.398961693048477173e-01,-6.996899098157882690e-02,-1.831414923071861267e-02,-1.672121238708496094e+01,-2.281409835815429688e+01
1.465378710937500000e+04,3.496580000000000000e+05,1.059698909521102905e-01,1.003688201308250427e-01,6.954453885555267334e-02,-1.930084265768527985e-02,-1.671548652648925781e+01,-2.283248519897460938e+01
1.466531347656250000e+04,3.499200000000000000e+05,7.475184649229049683e-02,-1.252183467149734497e-01,-3.413662314414978027e-02,-6.356628984212875366e-02,-1.672284126281738281e+01,-2.283497238159179688e+01
1.467684863281250000e+04,3.502060000000000000e+05,-1.345855444669723511e-01,5.479779094457626343e-02,-1.123110018670558929e-02,7.121565937995910645e-02,-1.675387001037597656e+01,-2.284179687500000000e+01
1.468839257812500000e+04,3.504690000000000000e+05,-1.729848608374595642e-02,1.437897533178329468e-01,5.679458379745483398e-02,4.450713470578193665e-02,-1.678303527832031250e+01,-2.283453178405761719e+01
1.469994531250000000e+04,3.507550000000000000e+05,-8.612284064292907715e-02,-1.163503378629684448e-01,-7.161954045295715332e-02,6.892719306051731110e-03,-1.678721809387207031e+01,-2.285932922363281250e+01
1.471150781250000000e+04,3.510410000000000000e+05,-1.171412914991378784e-01,8.641110360622406006e-02,6.843140348792076111e-03,7.190176844596862793e-02,-1.673890304565429688e+01,-2.282604598999023438e+01
1.472307910156250000e+04,3.513040000000000000e+05,1.093437522649765015e-02,1.454838067293167114e-01,6.438708305358886719e-02,3.228710964322090149e-02,-1.671924400329589844e+01,-2.284987258911132812e+01
1.473466015625000000e+04,3.515900000000000000e+05,1.444052755832672119e-01,2.108858898282051086e-02,4.565748199820518494e-02,-5.573428794741630554e-02,-1.671669197082519531e+01,-2.284755897521972656e+01
1.474624902343750000e+04,3.518530000000000000e+05,1.207680702209472656e-01,-8.214876800775527954e-02,-4.210204817354679108e-03,-7.176090031862258911e-02,-1.670940780639648438e+01,-2.286731910705566406e+01
1.475784765625000000e+04,3.521390000000000000e+05,-9.412395209074020386e-02,1.114307418465614319e-01,2.338489145040512085e-02,6.829021126031875610e-02,-1.672107505798339844e+01,-2.283128547668457031e+01
1.476945605468750000e+04,3.524020000000000000e+05,1.441627293825149536e-01,2.127259410917758942e-02,4.516436904668807983e-02,-5.573158711194992065e-02,-1.672939300537109375e+01,-2.288544464111328125e+01
1.478107324218750000e+04,3.526880000000000000e+05,-1.143309054896235466e-03,1.459388136863708496e-01,6.135824322700500488e-02,3.726606443524360657e-02,-1.671631813049316406e+01,-2.287889671325683594e+01
1.479269921875000000e+04,3.529740000000000000e+05,8.601126074790954590e-02,-1.178955137729644775e-01,-2.823983505368232727e-02,-6.613431125879287720e-02,-1.671675491333007812e+01,-2.286405563354492188e+01
1.480433398437500000e+04,3.532370000000000000e+05,-5.123319849371910095e-02,-1.365439891815185547e-01,-7.047777622938156128e-02,-1.260888576507568359e-02,-1.672250938415527344e+01,-2.290212821960449219e+01
1.481597851562500000e+04,3.535230000000000000e+05,-1.162192039191722870e-02,-1.454174369573593140e-01,-6.448735296726226807e-02,-3.163117915391921997e-02,-1.672001838684082031e+01,-2.287421798706054688e+01
1.482763183593750000e+04,3.538090000000000000e+05,1.205468922853469849e-01,8.242727816104888916e-02,6.507413834333419800e-02,-3.007997758686542511e-02,-1.671094512939453125e+01,-2.289083480834960938e+01
1.483929492187500000e+04,3.540720000000000000e+05,-1.147404313087463379e-01,-8.982226252555847168e-02,-6.649734824895858765e-02,2.613307349383831024e-02,-1.672980308532714844e+01,-2.292018508911132812e+01
1.485096679687500000e+04,3.543580000000000000e+05,-2.054421056527644396e-04,1.457492262125015259e-01,6.148160248994827271e-02,3.649393841624259949e-02,-1.672786712646484375e+01,-2.291426658630371094e+01
1.486264746093750000e+04,3.546440000000000000e+05,-3.516859933733940125e-02,1.416771709918975830e-01,5.073085054755210876e-02,5.016103759407997131e-02,-1.671431732177734375e+01,-2.293303680419921875e+01
1.487433789062500000e+04,3.549070000000000000e+05,-1.457679718732833862e-01,6.254405248910188675e-03,-3.382656723260879517e-02,6.286398321390151978e-02,-1.671877098083496094e+01,-2.292760658264160156e+01
1.488603710937500000e+04,3.551930000000000000e+05,1.160841956734657288e-01,-8.864445239305496216e-02,-8.395425975322723389e-03,-7.091745734214782715e-02,-1.670940208435058594e+01,-2.292449569702148438e+01
1.489774609375000000e+04,3.554800000000000000e+05,-1.049593538045883179e-01,-1.015088930726051331e-01,-6.895547360181808472e-02,1.893607340753078461e-02,-1.671202087402343750e+01,-2.291287422180175781e+01
1.490946386718750000e+04,3.557420000000000000e+05,-1.421236693859100342e-01,3.226904571056365967e-02,-2.156974188983440399e-02,6.787491589784622192e-02,-1.672836685180664062e+01,-2.294798660278320312e+01
1.492119042968750000e+04,3.560280000000000000e+05,-1.182017177343368530e-01,-8.545301854610443115e-02,-6.506235152482986450e-02,2.859033271670341492e-02,-1.672153663635253906e+01,-2.296664237976074219e+01
1.493292675781250000e+04,3.563150000000000000e+05,1.285435110330581665e-01,-6.859958171844482422e-02,2.944061066955327988e-03,-7.105092704296112061e-02,-1.673063659667968750e+01,-2.296115493774414062e+01
1.494467285156250000e+04,3.566010000000000000e+05,-1.408599764108657837e-01,-3.841603919863700867e-02,-5.096702650189399719e-02,4.969263449311256409e-02,-1.671267318725585938e+01,-2.295249557495117188e+01
1.495642773437500000e+04,3.568640000000000000e+05,-1.177225410938262939e-01,8.616983145475387573e-02,7.129534147679805756e-03,7.093612104654312134e-02,-1.671949958801269531e+01,-2.293899917602539062e+01
1.496819140625000000e+04,3.571500000000000000e+05,-1.446955502033233643e-01,-1.926181651651859283e-02,-4.391865432262420654e-02,5.609211325645446777e-02,-1.671460914611816406e+01,-2.294548988342285156e+01
1.497996484375000000e+04,3.574360000000000000e+05,6.521731615066528320e-02,-1.301957517862319946e-01,-3.865186870098114014e-02,-5.976793169975280762e-02,-1.673577499389648438e+01,-2.295320129394531250e+01
1.499174707031250000e+04,3.577230000000000000e+05,-1.217954233288764954e-01,8.052296936511993408e-02,3.576279385015368462e-03,7.103938609361648560e-02,-1.671252059936523438e+01,-2.295902442932128906e+01
1.500353906250000000e+04,3.580090000000000000e+05,2.613890171051025391e-02,1.434441059827804565e-01,6.676436215639114380e-02,2.437777630984783173e-02,-1.672447967529296875e+01,-2.296557617187500000e+01
1.501533984375000000e+04,3.582710000000000000e+05,-1.361523405648767948e-03,1.458745300769805908e-01,6.083447486162185669e-02,3.647722676396369934e-02,-1.672003173828125000e+01,-2.298309326171875000e+01
1.502715039062500000e+04,3.585580000000000000e+05,-1.394737064838409424e-01,-4.231957346200942993e-02,-5.218693241477012634e-02,4.825678467750549316e-02,-1.672766494750976562e+01,-2.296520042419433594e+01
1.503896972656250000e+04,3.588440000000000000e+05,1.454217284917831421e-01,1.020749565213918686e-02,3.994571045041084290e-02,-5.849812179803848267e-02,-1.672606849670410156e+01,-2.299496078491210938e+01
1.505079882812500000e+04,3.591300000000000000e+05,2.033820189535617828e-02,-1.444213688373565674e-01,-5.545435100793838501e-02,-4.398045316338539124e-02,-1.672208595275878906e+01,-2.300208663940429688e+01
1.506263671875000000e+04,3.594170000000000000e+05,-1.248626485466957092e-01,-7.486446946859359741e-02,-6.221076101064682007e-02,3.413865342736244202e-02,-1.673759078979492188e+01,-2.297946548461914062e+01
1.507448437500000000e+04,3.596790000000000000e+05,3.385065868496894836e-02,-1.415937095880508423e-01,-5.103433877229690552e-02,-4.873159155249595642e-02,-1.673773956298828125e+01,-2.302833938598632812e+01
1.508634179687500000e+04,3.599650000000000000e+05,9.972679428756237030e-03,1.457039564847946167e-01,6.330556422472000122e-02,3.163421526551246643e-02,-1.671027565002441406e+01,-2.300308036804199219e+01
1.509820800781250000e+04,3.602520000000000000e+05,5.932540073990821838e-02,-1.331462711095809937e-01,-4.115958139300346375e-02,-5.732406303286552429e-02,-1.672693443298339844e+01,-2.302756881713867188e+01
1.511008300781250000e+04,3.605380000000000000e+05,-1.438830047845840454e-01,-2.165557444095611572e-02,-4.404722899198532104e-02,5.507219210267066956e-02,-1.674252891540527344e+01,-2.303372383117675781e+01
1.512196777343750000e+04,3.608240000000000000e+05,-9.842474758625030518e-02,-1.074546426534652710e-01,-6.904223561286926270e-02,1.482515409588813782e-02,-1.672969627380371094e+01,-2.302194213867187500e+01
1.513386230468750000e+04,3.611110000000000000e+05,1.200096309185028076e-01,-8.319434523582458496e-02,-5.451333709061145782e-03,-7.014909386634826660e-02,-1.671139144897460938e+01,-2.305340957641601562e+01
1.514576562500000000e+04,3.613970000000000000e+05,-8.852703124284744263e-02,1.155816540122032166e-01,2.660113014280796051e-02,6.548953056335449219e-02,-1.673743057250976562e+01,-2.301334190368652344e+01
1.515767871093750000e+04,3.616830000000000000e+05,1.372885704040527344e-01,-4.892122000455856323e-02,1.299851946532726288e-02,-6.909892708063125610e-02,-1.672816085815429688e+01,-2.305954742431640625e+01
1.516960058593750000e+04,3.619700000000000000e+05,1.380251348018646240e-01,-4.619125276803970337e-02,1.398177444934844971e-02,-6.896723806858062744e-02,-1.673980331420898438e+01,-2.305221939086914062e+01
1.518153222656250000e+04,3.622560000000000000e+05,2.951024845242500305e-02,-1.426825821399688721e-01,-5.254048854112625122e-02,-4.685387015342712402e-02,-1.673066902160644531e+01,-2.304887390136718750e+01
1.519347363281250000e+04,3.625190000000000000e+05,5.507595092058181763e-02,-1.349207609891891479e-01,-4.271085187792778015e-02,-5.566081032156944275e-02,-1.672907447814941406e+01,-2.307828140258789062e+01
1.520542382812500000e+04,3.628050000000000000e+05,-1.450239717960357666e-01,-1.239019446074962616e-02,-4.019790515303611755e-02,5.760985240340232849e-02,-1.673962020874023438e+01,-2.306733322143554688e+01
1.521738378906250000e+04,3.630910000000000000e+05,2.347292006015777588e-02,-1.436916738748550415e-01,-5.431947484612464905e-02,-4.466226324439048767e-02,-1.673699569702148438e+01,-2.305805397033691406e+01
1.522935351562500000e+04,3.633780000000000000e+05,1.442002952098846436e-01,1.928960718214511871e-02,4.288998618721961975e-02,-5.554816499352455139e-02,-1.674365043640136719e+01,-2.307580566406250000e+01
1.524133203125000000e+04,3.636640000000000000e+05,-1.181002706289291382e-01,-8.449607342481613159e-02,-6.384647637605667114e-02,2.883763797581195831e-02,-1.675979804992675781e+01,-2.309097099304199219e+01
1.525332031250000000e+04,3.639500000000000000e+05,1.757073961198329926e-02,1.441868096590042114e-01,6.438112258911132812e-02,2.760913968086242676e-02,-1.675747108459472656e+01,-2.309166908264160156e+01
1.526531738281250000e+04,3.642370000000000000e+05,1.398405283689498901e-01,-3.992816433310508728e-02,1.721568964421749115e-02,-6.795649975538253784e-02,-1.674697303771972656e+01,-2.308523559570312500e+01
1.527732421875000000e+04,3.645230000000000000e+05,1.005757302045822144e-01,-1.046607717871665955e-01,-1.915318891406059265e-02,-6.706218421459197998e-02,-1.676348876953125000e+01,-2.312990188598632812e+01
1.528934082031250000e+04,3.648090000000000000e+05,1.203659102320671082e-01,-8.085744082927703857e-02,-4.711218643933534622e-03,-6.965804100036621094e-02,-1.677245903015136719e+01,-2.312075424194335938e+01
1.530136718750000000e+04,3.650960000000000000e+05,1.149719208478927612e-01,8.715048432350158691e-02,6.419297307729721069e-02,-2.698666229844093323e-02,-1.681649780273437500e+01,-2.314346313476562500e+01
1.531340234375000000e+04,3.653820000000000000e+05,3.228969871997833252e-02,-1.402443051338195801e-01,-5.074100196361541748e-02,-4.742971062660217285e-02,-1.683797073364257812e+01,-2.316572189331054688e+01
1.532544726562500000e+04,3.656680000000000000e+05,-1.403222829103469849e-01,3.510954603552818298e-02,-1.915554329752922058e-02,6.711503863334655762e-02,-1.679375457763671875e+01,-2.312349510192871094e+01
1.533750097656250000e+04,3.659780000000000000e+05,1.418414115905761719e-01,-2.684704214334487915e-02,2.296771667897701263e-02,-6.556705385446548462e-02,-1.681107521057128906e+01,-2.316362762451171875e+01
1.534956445312500000e+04,3.662650000000000000e+05,-1.453297883272171021e-01,6.060000159777700901e-04,-3.475740924477577209e-02,6.057659536600112915e-02,-1.675283241271972656e+01,-2.311793518066406250e+01
1.536163769531250000e+04,3.665510000000000000e+05,1.266203224658966064e-01,-6.599906831979751587e-02,3.219530219212174416e-03,-6.889333575963973999e-02,-1.690612983703613281e+01,-2.322698211669921875e+01
1.537372070312500000e+04,3.668370000000000000e+05,-7.222677022218704224e-02,-1.218403577804565430e-01,-6.822766363620758057e-02,1.120658707804977894e-03,-1.697630691528320312e+01,-2.331961822509765625e+01
1.538581347656250000e+04,3.671240000000000000e+05,-9.130807220935821533e-02,1.081852465867996216e-01,2.297712676227092743e-02,6.429581344127655029e-02,-1.698076057434082031e+01,-2.331437110900878906e+01
1.539791503906250000e+04,3.674100000000000000e+05,1.437330096960067749e-01,1.130571682006120682e-02,3.922430425882339478e-02,-5.711690336465835571e-02,-1.682208251953125000e+01,-2.318678665161132812e+01
1.541002636718750000e+04,3.676960000000000000e+05,-5.532851442694664001e-02,1.328523755073547363e-01,4.198110103607177734e-02,5.476446077227592468e-02,-1.683798980712890625e+01,-2.322250747680664062e+01
1.542214648437500000e+04,3.679830000000000000e+05,1.418317556381225586e-01,-2.291254885494709015e-02,2.465756796300411224e-02,-6.451903283596038818e-02,-1.685264396667480469e+01,-2.321417808532714844e+01
1.543427734375000000e+04,3.682690000000000000e+05,-1.363283246755599976e-01,4.382851719856262207e-02,-1.458565890789031982e-02,6.722074747085571289e-02,-1.688111686706542969e+01,-2.325012969970703125e+01
1.544641699218750000e+04,3.685550000000000000e+05,2.317206561565399170e-02,-1.414802074432373047e-01,-5.315388366580009460e-02,-4.373915120959281921e-02,-1.687112236022949219e+01,-2.324363708496093750e+01
1.545856640625000000e+04,3.688660000000000000e+05,-1.236619353294372559e-01,-6.746519356966018677e-02,-5.792397633194923401e-02,3.521743789315223694e-02,-1.702374649047851562e+01,-2.337671470642089844e+01
1.547072558593750000e+04,3.691520000000000000e+05,1.375962495803833008e-01,-3.819386288523674011e-02,1.711588911712169647e-02,-6.629994511604309082e-02,-1.690550804138183594e+01,-2.328953552246093750e+01
1.548289355468750000e+04,3.694380000000000000e+05,3.755022585391998291e-02,-1.354584842920303345e-01,-4.728899896144866943e-02,-4.832006245851516724e-02,-1.704234695434570312e+01,-2.339981269836425781e+01
1.549507226562500000e+04,3.697250000000000000e+05,-1.303280703723430634e-03,-1.419347822666168213e-01,-5.930052325129508972e-02,-3.365754708647727966e-02,-1.695785713195800781e+01,-2.332604598999023438e+01
1.550725976562500000e+04,3.700110000000000000e+05,1.060805171728134155e-01,-9.923468530178070068e-02,-1.579200103878974915e-02,-6.726498901844024658e-02,-1.675705146789550781e+01,-2.321120834350585938e+01
1.551945703125000000e+04,3.702970000000000000e+05,-1.097382828593254089e-01,9.472652524709701538e-02,1.329509634524583817e-02,6.805232167243957520e-02,-1.677458000183105469e+01,-2.318046569824218750e+01
1.553166406250000000e+04,3.706070000000000000e+05,1.043141707777976990e-01,-9.463660418987274170e-02,-1.419794000685214996e-02,-6.588826328516006470e-02,-1.702512359619140625e+01,-2.342672157287597656e+01
1.554387988281250000e+04,3.708940000000000000e+05,1.044782400131225586e-01,-8.659971505403518677e-02,-1.087067089974880219e-02,-6.423511356115341187e-02,-1.734823226928710938e+01,-2.372191619873046875e+01
1.555610644531250000e+04,3.711800000000000000e+05,1.380559951066970825e-01,-6.730110850185155869e-03,3.051704913377761841e-02,-5.910196155309677124e-02,-1.718858528137207031e+01,-2.354152297973632812e+01
1.556834179687500000e+04,3.714660000000000000e+05,-1.275842040777206421e-01,-4.689585417509078979e-02,-5.050344020128250122e-02,4.181355237960815430e-02,-1.733369636535644531e+01,-2.366635513305664062e+01
1.558058691406250000e+04,3.717770000000000000e+05,-1.127112060785293579e-01,-7.410406321287155151e-02,-5.816322937607765198e-02,2.902404777705669403e-02,-1.740042495727539062e+01,-2.374136734008789062e+01
1.559284179687500000e+04,3.720630000000000000e+05,-1.415182948112487793e-01,2.623336203396320343e-02,-2.244099415838718414e-02,6.472619622945785522e-02,-1.683702087402343750e+01,-2.328542327880859375e+01
1.560510644531250000e+04,3.723490000000000000e+05,-6.819771975278854370e-02,-1.223631799221038818e-01,-6.672982871532440186e-02,-7.930886931717395782e-04,-1.707219696044921875e+01,-2.351298904418945312e+01
1.561738085937500000e+04,3.726360000000000000e+05,1.181456670165061951e-01,-6.138676032423973083e-02,2.807129640132188797e-03,-6.413342058658599854e-02,-1.751371192932128906e+01,-2.385000038146972656e+01
1.562966503906250000e+04,3.729460000000000000e+05,-5.066573619842529297e-02,1.314399838447570801e-01,4.251351952552795410e-02,5.182524770498275757e-02,-1.702382087707519531e+01,-2.347438812255859375e+01
1.564195800781250000e+04,3.732320000000000000e+05,-1.398205012083053589e-01,-1.731419563293457031e-02,-4.026343300938606262e-02,5.404532700777053833e-02,-1.702249145507812500e+01,-2.342748832702636719e+01
1.565426171875000000e+04,3.735180000000000000e+05,1.300141811370849609e-01,4.433860629796981812e-02,4.941106215119361877e-02,-4.323872178792953491e-02,-1.724237251281738281e+01,-2.365417861938476562e+01
1.566657421875000000e+04,3.738290000000000000e+05,1.289070397615432739e-01,2.761004678905010223e-02,4.223755747079849243e-02,-4.710249975323677063e-02,-1.759966659545898438e+01,-2.397651672363281250e+01
1.567889746093750000e+04,3.741150000000000000e+05,1.807095110416412354e-02,-1.237113028764724731e-01,-4.702771455049514771e-02,-3.740084916353225708e-02,-1.806011962890625000e+01,-2.442441177368164062e+01
1.569122949218750000e+04,3.744010000000000000e+05,1.093741357326507568e-01,-5.539168044924736023e-02,3.328455146402120590e-03,-5.898262560367584229e-02,-1.823013877868652344e+01,-2.457170867919921875e+01
1.570357128906250000e+04,3.747120000000000000e+05,-1.199050843715667725e-01,-2.118804119527339935e-02,-3.800575435161590576e-02,4.511662572622299194e-02,-1.828971099853515625e+01,-2.458427238464355469e+01
1.571592285156250000e+04,3.749980000000000000e+05,-1.062251701951026917e-01,5.640427395701408386e-02,-2.174208872020244598e-03,5.785953253507614136e-02,-1.839674758911132812e+01,-2.474637603759765625e+01
1.572828417968750000e+04,3.752840000000000000e+05,-5.660073086619377136e-02,1.144220456480979919e-01,3.398498147726058960e-02,5.093092843890190125e-02,-1.787917709350585938e+01,-2.426091766357421875e+01
1.574065527343750000e+04,3.755940000000000000e+05,1.198622733354568481e-01,-3.259906172752380371e-02,1.533625461161136627e-02,-5.793419107794761658e-02,-1.811643409729003906e+01,-2.444715499877929688e+01
1.575303613281250000e+04,3.758810000000000000e+05,2.149912342429161072e-02,1.284791827201843262e-01,5.835748091340065002e-02,2.152800746262073517e-02,-1.770340728759765625e+01,-2.412395477294921875e+01
1.576542675781250000e+04,3.761670000000000000e+05,7.053431123495101929e-03,1.319596171379089355e-01,5.638840794563293457e-02,2.842555008828639984e-02,-1.757878875732421875e+01,-2.399281311035156250e+01
1.577782714843750000e+04,3.764770000000000000e+05,5.662593990564346313e-02,1.220196932554244995e-01,6.388974934816360474e-02,5.647904705256223679e-03,-1.742434310913085938e+01,-2.385757064819335938e+01
1.579023730468750000e+04,3.767640000000000000e+05,-3.778762742877006531e-02,-1.139809414744377136e-01,-5.674556642770767212e-02,-1.173457223922014236e-02,-1.841048049926757812e+01,-2.473950386047363281e+01
1.580265722656250000e+04,3.770740000000000000e+05,1.249410510063171387e-01,-2.943416498601436615e-02,1.759984530508518219e-02,-5.893370881676673889e-02,-1.783131408691406250e+01,-2.422170829772949219e+01
1.581508691406250000e+04,3.773600000000000000e+05,-1.192049160599708557e-01,-8.147642761468887329e-02,-6.096183881163597107e-02,2.995642833411693573e-02,-1.680931091308593750e+01,-2.335947418212890625e+01
1.582752636718750000e+04,3.776700000000000000e+05,-9.841718524694442749e-02,1.046980917453765869e-01,2.022336423397064209e-02,6.454350799322128296e-02,-1.685129547119140625e+01,-2.339623260498046875e+01
1.583997558593750000e+04,3.779570000000000000e+05,8.499862253665924072e-02,9.824675321578979492e-02,6.097083911299705505e-02,-1.192433107644319534e-02,-1.772699737548828125e+01,-2.413454055786132812e+01
1.585243457031250000e+04,3.782430000000000000e+05,-4.463062062859535217e-02,-1.232081726193428040e-01,-6.148651242256164551e-02,-1.070862077176570892e-02,-1.765175437927246094e+01,-2.409462928771972656e+01
1.586490332031250000e+04,3.785530000000000000e+05,5.059025064110755920e-02,-1.154886037111282349e-01,-3.594909608364105225e-02,-4.838064312934875488e-02,-1.798685073852539062e+01,-2.439731788635253906e+01
1.587738183593750000e+04,3.788390000000000000e+05,1.095874011516571045e-01,6.687001883983612061e-02,5.358501523733139038e-02,-2.943488582968711853e-02,-1.783016395568847656e+01,-2.427388000488281250e+01
1.588987011718750000e+04,3.791500000000000000e+05,1.370775401592254639e-01,2.918361313641071320e-02,4.367478936910629272e-02,-4.953053593635559082e-02,-1.706815719604492188e+01,-2.360437583923339844e+01
1.590236816406250000e+04,3.794360000000000000e+05,8.414832502603530884e-02,1.071907132863998413e-01,6.369800865650177002e-02,-9.721515700221061707e-03,-1.731169700622558594e+01,-2.381748390197753906e+01
1.591487597656250000e+04,3.797460000000000000e+05,1.098366528749465942e-01,-7.902286201715469360e-02,-6.671667564660310745e-03,-6.353837251663208008e-02,-1.737342453002929688e+01,-2.389165878295898438e+01
1.592739355468750000e+04,3.800330000000000000e+05,-8.547153323888778687e-02,-1.031441688537597656e-01,-6.230218335986137390e-02,1.109142322093248367e-02,-1.746078300476074219e+01,-2.397442817687988281e+01
1.593992187500000000e+04,3.803430000000000000e+05,-1.377227995544672012e-02,1.339536160230636597e-01,5.193601176142692566e-02,3.680355474352836609e-02,-1.741524505615234375e+01,-2.392346572875976562e+01
1.595245898437500000e+04,3.806290000000000000e+05,-7.591942697763442993e-02,1.164735183119773865e-01,3.027552179992198944e-02,5.790959298610687256e-02,-1.713771629333496094e+01,-2.369559097290039062e+01
1.596500683593750000e+04,3.809390000000000000e+05,1.423294246196746826e-01,-1.717752963304519653e-02,2.541548758745193481e-02,-6.196484714746475220e-02,-1.687130355834960938e+01,-2.348180580139160156e+01
1.597756347656250000e+04,3.812490000000000000e+05,4.554063826799392700e-02,1.382481455802917480e-01,6.643964350223541260e-02,1.257439237087965012e-02,-1.673940849304199219e+01,-2.339861297607421875e+01
1.599013085937500000e+04,3.815360000000000000e+05,-1.011054515838623047e-01,1.039864867925643921e-01,1.944038458168506622e-02,6.465505063533782959e-02,-1.677047157287597656e+01,-2.341206359863281250e+01
1.600270800781250000e+04,3.818460000000000000e+05,-1.155823841691017151e-01,7.947983592748641968e-02,6.141011603176593781e-03,6.537505239248275757e-02,-1.706055831909179688e+01,-2.365360450744628906e+01
1.601529492187500000e+04,3.821320000000000000e+05,1.261043101549148560e-01,-6.347598135471343994e-02,3.054069587960839272e-03,-6.609015911817550659e-02,-1.700460052490234375e+01,-2.358799934387207031e+01
1.602789160156250000e+04,3.824420000000000000e+05,1.341858506202697754e-01,5.474685877561569214e-02,5.246281996369361877e-02,-4.230739548802375793e-02,-1.677717399597167969e+01,-2.342727661132812500e+01
1.604049902343750000e+04,3.827290000000000000e+05,1.375251561403274536e-01,4.099961370229721069e-02,4.773004725575447083e-02,-4.675355553627014160e-02,-1.686256408691406250e+01,-2.350270843505859375e+01
1.605311523437500000e+04,3.830390000000000000e+05,1.000912785530090332e-01,-1.026561781764030457e-01,-1.919181644916534424e-02,-6.385868787765502930e-02,-1.687049674987792969e+01,-2.352005195617675781e+01
1.606574218750000000e+04,3.833490000000000000e+05,1.325456798076629639e-01,-5.857803300023078918e-02,6.010041572153568268e-03,-6.693014502525329590e-02,-1.677786064147949219e+01,-2.345268630981445312e+01
1.607837890625000000e+04,3.836360000000000000e+05,8.667220920324325562e-02,-1.160761564970016479e-01,-2.764824591577053070e-02,-6.108665466308593750e-02,-1.678075599670410156e+01,-2.347173309326171875e+01
1.609102539062500000e+04,3.839460000000000000e+05,-4.639181494712829590e-02,-1.372637450695037842e-01,-6.606612354516983032e-02,-1.185356546193361282e-02,-1.677914428710937500e+01,-2.346282005310058594e+01
1.610368164062500000e+04,3.842560000000000000e+05,1.314236074686050415e-01,-6.170969828963279724e-02,4.239957779645919800e-03,-6.701218336820602417e-02,-1.676124191284179688e+01,-2.345957183837890625e+01
1.611634765625000000e+04,3.845420000000000000e+05,1.268809586763381958e-01,-7.152046263217926025e-02,-7.448515971191227436e-04,-6.736081838607788086e-02,-1.673378372192382812e+01,-2.343132209777832031e+01
1.612902441406250000e+04,3.848520000000000000e+05,-1.420110166072845459e-01,-3.189969062805175781e-02,-4.431721195578575134e-02,5.028718709945678711e-02,-1.673977279663085938e+01,-2.347481155395507812e+01
1.614170996093750000e+04,3.851630000000000000e+05,1.062495931982994080e-01,-9.945912659168243408e-02,-1.651099324226379395e-02,-6.489513069391250610e-02,-1.674051666259765625e+01,-2.348335266113281250e+01
1.615440625000000000e+04,3.854490000000000000e+05,-1.137279421091079712e-01,-9.061795473098754883e-02,-6.162797659635543823e-02,2.591289766132831573e-02,-1.674778747558593750e+01,-2.349742507934570312e+01
1.616711328125000000e+04,3.857590000000000000e+05,-2.957014180719852448e-02,-1.424215734004974365e-01,-6.392388045787811279e-02,-1.958597265183925629e-02,-1.674519348144531250e+01,-2.349704742431640625e+01
1.617982910156250000e+04,3.860690000000000000e+05,1.325001269578933716e-01,5.997432395815849304e-02,5.346925184130668640e-02,-4.007935151457786560e-02,-1.674623870849609375e+01,-2.350148010253906250e+01
1.619255566406250000e+04,3.863800000000000000e+05,-8.428178727626800537e-02,-1.183740645647048950e-01,-6.623306870460510254e-02,7.942474447190761566e-03,-1.675391769409179688e+01,-2.351649475097656250e+01
1.620529199218750000e+04,3.866660000000000000e+05,-8.924566209316253662e-02,1.146937757730484009e-01,2.665374986827373505e-02,6.118825078010559082e-02,-1.675317382812500000e+01,-2.351208496093750000e+01
1.621803808593750000e+04,3.869760000000000000e+05,-8.959174156188964844e-02,1.148279532790184021e-01,2.670523896813392639e-02,6.118554621934890747e-02,-1.673415565490722656e+01,-2.350972938537597656e+01
1.623079394531250000e+04,3.872860000000000000e+05,-8.792559057474136353e-02,-1.156655922532081604e-01,-6.593153625726699829e-02,1.024643238633871078e-02,-1.675523376464843750e+01,-2.351449012756347656e+01
1.624356054687500000e+04,3.875960000000000000e+05,7.428196817636489868e-02,1.254397779703140259e-01,6.668955832719802856e-02,-2.271342789754271507e-03,-1.672580909729003906e+01,-2.351380920410156250e+01
1.625633691406250000e+04,3.878830000000000000e+05,1.442514210939407349e-01,-1.709479466080665588e-02,2.465822920203208923e-02,-6.188112869858741760e-02,-1.675703048706054688e+01,-2.352880859375000000e+01
1.626912402343750000e+04,3.881930000000000000e+05,1.452386379241943359e-01,8.392558433115482330e-03,3.517381101846694946e-02,-5.660822987556457520e-02,-1.674387931823730469e+01,-2.352451705932617188e+01
1.628191992187500000e+04,3.885030000000000000e+05,-5.313841626048088074e-02,1.353066563606262207e-01,4.280293732881546021e-02,5.080311372876167297e-02,-1.675068092346191406e+01,-2.355261230468750000e+01
1.629472656250000000e+04,3.888130000000000000e+05,1.318649500608444214e-01,-6.135704740881919861e-02,3.970152698457241058e-03,-6.646066904067993164e-02,-1.674627113342285156e+01,-2.353323364257812500e+01
1.630754296875000000e+04,3.891240000000000000e+05,-7.942988723516464233e-02,-1.216603592038154602e-01,-6.609896570444107056e-02,5.419706460088491440e-03,-1.675504493713378906e+01,-2.356700706481933594e+01
1.632037011718750000e+04,3.894100000000000000e+05,2.944906987249851227e-02,-1.431016325950622559e-01,-5.078666657209396362e-02,-4.317118227481842041e-02,-1.670697212219238281e+01,-2.352320098876953125e+01
1.633320703125000000e+04,3.897200000000000000e+05,1.186761856079101562e-01,8.387720584869384766e-02,5.947687104344367981e-02,-2.939542382955551147e-02,-1.675317955017089844e+01,-2.356390380859375000e+01
1.634605371093750000e+04,3.900300000000000000e+05,-5.794598534703254700e-02,-1.333770900964736938e-01,-6.599432975053787231e-02,-5.715748295187950134e-03,-1.674747467041015625e+01,-2.357741165161132812e+01
1.635891113281250000e+04,3.903400000000000000e+05,-1.452008634805679321e-01,-4.043538589030504227e-03,-3.299182653427124023e-02,5.729380995035171509e-02,-1.675724792480468750e+01,-2.359415054321289062e+01
1.637177832031250000e+04,3.906510000000000000e+05,-1.121994480490684509e-01,-9.277018159627914429e-02,-6.147909909486770630e-02,2.477271482348442078e-02,-1.673766136169433594e+01,-2.357202529907226562e+01
1.638465429687500000e+04,3.909610000000000000e+05,1.394449174404144287e-01,4.145522043108940125e-02,4.689042270183563232e-02,-4.687386378645896912e-02,-1.674414062500000000e+01,-2.356954956054687500e+01
1.639754296875000000e+04,3.912710000000000000e+05,-1.314532607793807983e-01,-6.193948909640312195e-02,-5.339322611689567566e-02,3.929306566715240479e-02,-1.675378990173339844e+01,-2.357062530517578125e+01
1.641043945312500000e+04,3.915570000000000000e+05,-1.383412480354309082e-01,4.475098848342895508e-02,-1.209375448524951935e-02,6.521660834550857544e-02,-1.674875450134277344e+01,-2.356600189208984375e+01
1.642334765625000000e+04,3.918680000000000000e+05,-1.335374861955642700e-01,-5.768849328160285950e-02,-5.170820280909538269e-02,4.096484556794166565e-02,-1.674479675292968750e+01,-2.361325454711914062e+01
1.643626562500000000e+04,3.921780000000000000e+05,9.961322695016860962e-02,-1.057640835642814636e-01,-2.088134363293647766e-02,-6.268668174743652344e-02,-1.675535583496093750e+01,-2.359951019287109375e+01
1.644919335937500000e+04,3.924880000000000000e+05,-1.008856222033500671e-01,-1.048461124300956726e-01,-6.345631182193756104e-02,1.770851947367191315e-02,-1.674266433715820312e+01,-2.362480545043945312e+01
1.646213085937500000e+04,3.927980000000000000e+05,-1.301732510328292847e-01,-6.440056115388870239e-02,-5.374506488442420959e-02,3.812542930245399475e-02,-1.675871658325195312e+01,-2.362302017211914062e+01
1.647508007812500000e+04,3.931080000000000000e+05,-3.912229463458061218e-02,-1.400524377822875977e-01,-6.426158547401428223e-02,-1.434474810957908630e-02,-1.674787330627441406e+01,-2.362978363037109375e+01
1.648803906250000000e+04,3.934190000000000000e+05,1.154683604836463928e-01,8.841792494058609009e-02,5.992472916841506958e-02,-2.702201157808303833e-02,-1.674675750732421875e+01,-2.364399337768554688e+01
1.650100781250000000e+04,3.937290000000000000e+05,3.769123181700706482e-02,-1.407417505979537964e-01,-4.800889268517494202e-02,-4.513322934508323669e-02,-1.673073196411132812e+01,-2.362323951721191406e+01
1.651398632812500000e+04,3.940390000000000000e+05,5.178935360163450241e-03,-1.452838629484176636e-01,-5.689321830868721008e-02,-3.305978700518608093e-02,-1.675013732910156250e+01,-2.363533401489257812e+01
1.652697460937500000e+04,3.943490000000000000e+05,1.434377282857894897e-01,-2.217623405158519745e-02,2.162625826895236969e-02,-6.189306080341339111e-02,-1.676414680480957031e+01,-2.366688537597656250e+01
1.653997460937500000e+04,3.946590000000000000e+05,-1.263755112886428833e-01,7.204684615135192871e-02,1.554878079332411289e-03,6.578698754310607910e-02,-1.674453163146972656e+01,-2.363477516174316406e+01
1.655298437500000000e+04,3.949690000000000000e+05,3.706102073192596436e-02,1.405131816864013672e-01,6.386609375476837158e-02,1.512021292001008987e-02,-1.675358009338378906e+01,-2.365774917602539062e+01
1.656600390625000000e+04,3.952800000000000000e+05,1.337797194719314575e-01,5.705279484391212463e-02,5.117053538560867310e-02,-4.112992063164710999e-02,-1.674647903442382812e+01,-2.365513229370117188e+01
1.657903320312500000e+04,3.955900000000000000e+05,-1.123723164200782776e-01,9.215296059846878052e-02,1.267294585704803467e-02,6.421543657779693604e-02,-1.675312232971191406e+01,-2.368127632141113281e+01
1.659207421875000000e+04,3.959000000000000000e+05,1.336249560117721558e-01,-5.716396868228912354e-02,5.736641585826873779e-03,-6.508211046457290649e-02,-1.675237274169921875e+01,-2.369715499877929688e+01
1.660512500000000000e+04,3.962100000000000000e+05,3.317063301801681519e-02,-1.415657699108123779e-01,-4.913650825619697571e-02,-4.305398091673851013e-02,-1.674871253967285156e+01,-2.369771194458007812e+01
1.661818554687500000e+04,3.965200000000000000e+05,9.221573919057846069e-02,-1.120852455496788025e-01,-2.514334209263324738e-02,-6.025748327374458313e-02,-1.676400566101074219e+01,-2.370269012451171875e+01
1.663125585937500000e+04,3.968310000000000000e+05,8.855277672410011292e-03,1.453275829553604126e-01,5.942390114068984985e-02,2.738174982368946075e-02,-1.673694419860839844e+01,-2.368458747863769531e+01
1.664433789062500000e+04,3.971410000000000000e+05,6.944796442985534668e-02,-1.276877820491790771e-01,-3.592029213905334473e-02,-5.440215021371841431e-02,-1.675158309936523438e+01,-2.371625137329101562e+01
1.665742968750000000e+04,3.974510000000000000e+05,-1.365774869918823242e-01,-5.048668757081031799e-02,-4.875969141721725464e-02,4.354206472635269165e-02,-1.673616790771484375e+01,-2.369224548339843750e+01
1.667053125000000000e+04,3.977850000000000000e+05,-1.361322700977325439e-01,-5.114482343196868896e-02,-4.894080385565757751e-02,4.305374622344970703e-02,-1.674735069274902344e+01,-2.371730995178222656e+01
1.668364257812500000e+04,3.980950000000000000e+05,9.542471915483474731e-02,-1.096179187297821045e-01,-2.336673811078071594e-02,-6.089896336197853088e-02,-1.675265693664550781e+01,-2.371132278442382812e+01
1.669676562500000000e+04,3.984050000000000000e+05,-1.152527108788490295e-01,8.838538080453872681e-02,1.087469235062599182e-02,6.396276503801345825e-02,-1.675817108154296875e+01,-2.375770187377929688e+01
1.670989843750000000e+04,3.987160000000000000e+05,-1.279663946479558945e-02,1.447894871234893799e-01,5.448700860142707825e-02,3.548448532819747925e-02,-1.675146675109863281e+01,-2.373866844177246094e+01
1.672304296875000000e+04,3.990260000000000000e+05,-1.418082714080810547e-01,3.170497342944145203e-02,-1.700036041438579559e-02,6.271645426750183105e-02,-1.675413322448730469e+01,-2.374444198608398438e+01
1.673619531250000000e+04,3.993360000000000000e+05,-1.061124494299292564e-03,-1.451705992221832275e-01,-5.766673386096954346e-02,-2.999074943363666534e-02,-1.676219558715820312e+01,-2.374183845520019531e+01
1.674935937500000000e+04,3.996460000000000000e+05,-1.107345819473266602e-01,9.419596195220947266e-02,1.397557649761438370e-02,6.345251202583312988e-02,-1.674997138977050781e+01,-2.374529266357421875e+01
1.676253320312500000e+04,3.999800000000000000e+05,-3.897386416792869568e-02,1.400526911020278931e-01,4.700986295938491821e-02,4.478726908564567566e-02,-1.675024223327636719e+01,-2.375117301940917969e+01
1.677571875000000000e+04,4.002900000000000000e+05,-7.253304123878479004e-02,1.259503811597824097e-01,3.461710363626480103e-02,5.496446415781974792e-02,-1.675212669372558594e+01,-2.374745559692382812e+01
1.678891406250000000e+04,4.006010000000000000e+05,-4.858073964715003967e-02,-1.367766261100769043e-01,-6.399773806333541870e-02,-9.100589901208877563e-03,-1.676378059387207031e+01,-2.378976440429687500e+01
1.680211914062500000e+04,4.009110000000000000e+05,-8.693885058164596558e-02,1.165325418114662170e-01,2.778228931128978729e-02,5.856729671359062195e-02,-1.674932098388671875e+01,-2.376545715332031250e+01
1.681533398437500000e+04,4.012210000000000000e+05,-4.176413267850875854e-02,1.391441673040390015e-01,4.627258330583572388e-02,4.525061696767807007e-02,-1.675607490539550781e+01,-2.377913475036621094e+01
1.682856054687500000e+04,4.015550000000000000e+05,-6.613001972436904907e-02,1.293105781078338623e-01,3.723150119185447693e-02,5.284038931131362915e-02,-1.675832748413085938e+01,-2.379001426696777344e+01
1.684179687500000000e+04,4.018650000000000000e+05,2.225490473210811615e-02,-1.435516029596328735e-01,-5.202834680676460266e-02,-3.853985667228698730e-02,-1.675669479370117188e+01,-2.377550888061523438e+01
1.685504296875000000e+04,4.021750000000000000e+05,-9.150284528732299805e-02,-1.127970591187477112e-01,-6.345276534557342529e-02,1.270696800202131271e-02,-1.675801086425781250e+01,-2.378022384643554688e+01
1.686830078125000000e+04,4.024860000000000000e+05,-3.725502267479896545e-02,-1.401156187057495117e-01,-6.302160024642944336e-02,-1.426878385245800018e-02,-1.677360725402832031e+01,-2.379310226440429688e+01
1.688156835937500000e+04,4.028200000000000000e+05,1.449536085128784180e-01,-7.396457716822624207e-03,2.698090299963951111e-02,-5.860632658004760742e-02,-1.676412773132324219e+01,-2.380627822875976562e+01
1.689484765625000000e+04,4.031300000000000000e+05,-1.140571534633636475e-01,-8.956619352102279663e-02,-5.871444940567016602e-02,2.669179998338222504e-02,-1.677137184143066406e+01,-2.380923461914062500e+01
1.690813671875000000e+04,4.034400000000000000e+05,-8.689562976360321045e-02,1.163694113492965698e-01,2.791835553944110870e-02,5.814348906278610229e-02,-1.675868034362792969e+01,-2.380896377563476562e+01
1.692143554687500000e+04,4.037500000000000000e+05,-1.430609971284866333e-01,2.663155831396579742e-02,-1.901777833700180054e-02,6.153403222560882568e-02,-1.674162292480468750e+01,-2.382149505615234375e+01
1.693474414062500000e+04,4.040840000000000000e+05,6.243894994258880615e-02,-1.312022805213928223e-01,-3.871312737464904785e-02,-5.149920284748077393e-02,-1.675457000732421875e+01,-2.381860542297363281e+01
1.694806445312500000e+04,4.043950000000000000e+05,-1.301397085189819336e-01,6.478130817413330078e-02,-1.277988776564598083e-03,6.438616663217544556e-02,-1.675039672851562500e+01,-2.382243919372558594e+01
1.696139453125000000e+04,4.047050000000000000e+05,-1.114735677838325500e-01,9.302689135074615479e-02,1.363879349082708359e-02,6.276585906744003296e-02,-1.676122093200683594e+01,-2.384515953063964844e+01
1.697473632812500000e+04,4.050390000000000000e+05,-1.094326376914978027e-01,-9.552769362926483154e-02,-5.982830002903938293e-02,2.339032106101512909e-02,-1.675696182250976562e+01,-2.384414672851562500e+01
1.698808789062500000e+04,4.053490000000000000e+05,1.291798800230026245e-01,6.612239032983779907e-02,5.238993093371391296e-02,-3.730613738298416138e-02,-1.676549530029296875e+01,-2.383371734619140625e+01
1.700144921875000000e+04,4.056590000000000000e+05,4.473184049129486084e-02,-1.382116973400115967e-01,-4.506927356123924255e-02,-4.573215171694755554e-02,-1.675647354125976562e+01,-2.384821319580078125e+01
1.701482226562500000e+04,4.059930000000000000e+05,9.006876498460769653e-03,-1.449890434741973877e-01,-5.495461449027061462e-02,-3.288822993636131287e-02,-1.675656890869140625e+01,-2.387041854858398438e+01
1.702820507812500000e+04,4.063030000000000000e+05,1.292297244071960449e-01,6.661843508481979370e-02,5.233213305473327637e-02,-3.690779209136962891e-02,-1.674929046630859375e+01,-2.387127304077148438e+01
1.704159960937500000e+04,4.066370000000000000e+05,-1.059672683477401733e-01,-9.921320527791976929e-02,-6.042755022644996643e-02,2.129393629729747772e-02,-1.676287651062011719e+01,-2.386695480346679688e+01
1.705500390625000000e+04,4.069480000000000000e+05,-1.183564141392707825e-01,8.417744934558868408e-02,9.028689935803413391e-03,6.341771781444549561e-02,-1.675839233398437500e+01,-2.386864089965820312e+01
1.706841796875000000e+04,4.072580000000000000e+05,-1.451335102319717407e-01,6.154051516205072403e-03,-2.725246548652648926e-02,5.812258273363113403e-02,-1.675684356689453125e+01,-2.385004425048828125e+01
1.708184375000000000e+04,4.075920000000000000e+05,5.243101343512535095e-02,-1.354700624942779541e-01,-4.218087717890739441e-02,-4.783742874860763550e-02,-1.675693893432617188e+01,-2.390656661987304688e+01
1.709527929687500000e+04,4.079020000000000000e+05,-8.096195757389068604e-02,1.208201125264167786e-01,3.071049042046070099e-02,5.621862038969993591e-02,-1.674641609191894531e+01,-2.386827659606933594e+01
1.710872460937500000e+04,4.082360000000000000e+05,1.146650165319442749e-01,8.942285180091857910e-02,5.823347717523574829e-02,-2.671128883957862854e-02,-1.674802398681640625e+01,-2.386725997924804688e+01
1.712218164062500000e+04,4.085460000000000000e+05,9.253250807523727417e-02,1.119806617498397827e-01,6.241033598780632019e-02,-1.355195604264736176e-02,-1.675677871704101562e+01,-2.389477729797363281e+01
1.713564843750000000e+04,4.088800000000000000e+05,-1.329219490289688110e-01,-5.818398669362068176e-02,-4.945759102702140808e-02,4.017897695302963257e-02,-1.676673126220703125e+01,-2.391430854797363281e+01
1.714912695312500000e+04,4.091910000000000000e+05,1.215351670980453491e-01,7.949450612068176270e-02,5.559856817126274109e-02,-3.131596744060516357e-02,-1.675919914245605469e+01,-2.390203857421875000e+01
1.716261523437500000e+04,4.095250000000000000e+05,1.405222862958908081e-01,-3.598101809620857239e-02,1.414947863668203354e-02,-6.205600500106811523e-02,-1.676930618286132812e+01,-2.392420959472656250e+01
1.717611523437500000e+04,4.098350000000000000e+05,4.531321674585342407e-02,1.377380192279815674e-01,6.284248083829879761e-02,1.006253343075513840e-02,-1.677262878417968750e+01,-2.392498397827148438e+01
1.718962500000000000e+04,4.101690000000000000e+05,7.083869725465774536e-02,-1.266754269599914551e-01,-3.500741347670555115e-02,-5.308667197823524475e-02,-1.676442909240722656e+01,-2.393219375610351562e+01
1.720314648437500000e+04,4.104790000000000000e+05,-1.012036353349685669e-01,-1.040290594100952148e-01,-6.074435263872146606e-02,1.867911964654922485e-02,-1.676454734802246094e+01,-2.393749046325683594e+01
1.721667773437500000e+04,4.108130000000000000e+05,-1.210148334503173828e-01,-8.028913289308547974e-02,-5.553543567657470703e-02,3.094102628529071808e-02,-1.675904083251953125e+01,-2.393453788757324219e+01
1.723021875000000000e+04,4.111230000000000000e+05,1.096282005310058594e-01,-9.549175202846527100e-02,-1.511029433459043503e-02,-6.187041476368904114e-02,-1.674956321716308594e+01,-2.391873359680175781e+01
1.724377148437500000e+04,4.114570000000000000e+05,-1.420101374387741089e-01,3.062237054109573364e-02,-1.649947464466094971e-02,6.120739132165908813e-02,-1.675622749328613281e+01,-2.395927619934082031e+01
1.725733398437500000e+04,4.117680000000000000e+05,-6.038337945938110352e-03,1.451014280319213867e-01,5.532497912645339966e-02,3.132261335849761963e-02,-1.675905227661132812e+01,-2.393408012390136719e+01
1.727090820312500000e+04,4.121020000000000000e+05,-5.041237175464630127e-02,1.359121501445770264e-01,4.301799088716506958e-02,4.667538031935691833e-02,-1.677501106262207031e+01,-2.394787788391113281e+01
1.728449218750000000e+04,4.124120000000000000e+05,-3.366969525814056396e-02,-1.411749273538589478e-01,-6.156187877058982849e-02,-1.511898823082447052e-02,-1.676458930969238281e+01,-2.395941543579101562e+01
1.729808789062500000e+04,4.127460000000000000e+05,-1.027511283755302429e-01,1.023584231734275818e-01,1.950480602681636810e-02,6.025185063481330872e-02,-1.677056503295898438e+01,-2.396777343750000000e+01
1.731169335937500000e+04,4.130800000000000000e+05,-4.828815162181854248e-02,1.371500343084335327e-01,4.347360879182815552e-02,4.602735489606857300e-02,-1.674856376647949219e+01,-2.397021102905273438e+01
1.732531054687500000e+04,4.133900000000000000e+05,-1.454379260540008545e-01,-1.068041776306927204e-03,-2.931307256221771240e-02,5.596932768821716309e-02,-1.674621200561523438e+01,-2.398828697204589844e+01
1.733893750000000000e+04,4.137240000000000000e+05,5.157519504427909851e-02,-1.357988268136978149e-01,-4.233189672231674194e-02,-4.689725860953330994e-02,-1.675690269470214844e+01,-2.398880958557128906e+01
1.735257421875000000e+04,4.140580000000000000e+05,-1.449486017227172852e-01,7.955213077366352081e-03,-2.559898793697357178e-02,5.769853293895721436e-02,-1.676265716552734375e+01,-2.399633789062500000e+01
1.736622460937500000e+04,4.143680000000000000e+05,-1.330514252185821533e-01,5.802831053733825684e-02,-3.738312050700187683e-03,6.287173181772232056e-02,-1.676336097717285156e+01,-2.401556396484375000e+01
1.737988281250000000e+04,4.147020000000000000e+05,-8.559279888868331909e-02,-1.173036694526672363e-01,-6.240570172667503357e-02,9.878532961010932922e-03,-1.676000213623046875e+01,-2.398803329467773438e+01
1.739355273437500000e+04,4.150370000000000000e+05,8.026378601789474487e-02,1.210073381662368774e-01,6.275488436222076416e-02,-7.092073094099760056e-03,-1.676025199890136719e+01,-2.399193191528320312e+01
1.740723437500000000e+04,4.153470000000000000e+05,7.557284832000732422e-02,-1.239029765129089355e-01,-3.312160074710845947e-02,-5.369370430707931519e-02,-1.676475715637207031e+01,-2.400111198425292969e+01
1.742092578125000000e+04,4.156810000000000000e+05,1.968978904187679291e-02,-1.441301107406616211e-01,-5.160653218626976013e-02,-3.589088469743728638e-02,-1.674460220336914062e+01,-2.403250122070312500e+01
1.743462890625000000e+04,4.160150000000000000e+05,1.377238333225250244e-01,4.659799486398696899e-02,4.494348168373107910e-02,-4.389887675642967224e-02,-1.674910926818847656e+01,-2.403730010986328125e+01
1.744834179687500000e+04,4.163250000000000000e+05,-4.578527808189392090e-02,-1.378052681684494019e-01,-6.212716549634933472e-02,-9.435464628040790558e-03,-1.675993728637695312e+01,-2.403533554077148438e+01
1.746206640625000000e+04,4.166590000000000000e+05,-1.314062774181365967e-01,-6.173089891672134399e-02,-4.952756687998771667e-02,3.851486742496490479e-02,-1.676164245605468750e+01,-2.404903602600097656e+01
1.747580078125000000e+04,4.169930000000000000e+05,-3.986088931560516357e-02,-1.396787166595458984e-01,-6.157639622688293457e-02,-1.212289184331893921e-02,-1.675737380981445312e+01,-2.404656219482421875e+01
1.748954687500000000e+04,4.173270000000000000e+05,1.176940202713012695e-01,8.471579104661941528e-02,5.577587708830833435e-02,-2.893772535026073456e-02,-1.677188682556152344e+01,-2.403585433959960938e+01
1.750330273437500000e+04,4.176370000000000000e+05,-4.445105325430631638e-03,-1.448542475700378418e-01,-5.669511854648590088e-02,-2.642455697059631348e-02,-1.677728843688964844e+01,-2.407535362243652344e+01
1.751707031250000000e+04,4.179710000000000000e+05,-1.585003919899463654e-02,-1.442451626062393188e-01,-5.859043449163436890e-02,-2.196962572634220123e-02,-1.676585006713867188e+01,-2.407212448120117188e+01
1.753084765625000000e+04,4.183050000000000000e+05,1.333668828010559082e-01,-5.704924836754798889e-02,3.829702502116560936e-03,-6.230511516332626343e-02,-1.676926612854003906e+01,-2.409314918518066406e+01
1.754463671875000000e+04,4.186400000000000000e+05,-1.448836177587509155e-01,7.589118555188179016e-03,-2.506935037672519684e-02,5.702067911624908447e-02,-1.676771545410156250e+01,-2.411187171936035156e+01
1.755843750000000000e+04,4.189500000000000000e+05,-7.263312488794326782e-02,1.258985400199890137e-01,3.438818827271461487e-02,5.255286768078804016e-02,-1.675182533264160156e+01,-2.404024505615234375e+01
1.757224804687500000e+04,4.192840000000000000e+05,-6.076790764927864075e-02,1.317762434482574463e-01,3.872521594166755676e-02,4.899311810731887817e-02,-1.676588821411132812e+01,-2.408938980102539062e+01
1.758606835937500000e+04,4.196180000000000000e+05,-4.484228417277336121e-02,-1.378877013921737671e-01,-6.180109828710556030e-02,-9.400036185979843140e-03,-1.677287864685058594e+01,-2.408074569702148438e+01
1.759990039062500000e+04,4.199520000000000000e+05,5.022830888628959656e-02,1.364124417304992676e-01,6.213629245758056641e-02,7.307986263185739517e-03,-1.675075149536132812e+01,-2.407342910766601562e+01
1.761374414062500000e+04,4.202860000000000000e+05,1.416804194450378418e-01,3.198591992259025574e-02,3.959043323993682861e-02,-4.829042777419090271e-02,-1.675790786743164062e+01,-2.409005928039550781e+01
1.762759765625000000e+04,4.206200000000000000e+05,3.785111010074615479e-02,1.401645541191101074e-01,6.113510206341743469e-02,1.264538150280714035e-02,-1.676153945922851562e+01,-2.409224319458007812e+01
1.764146289062500000e+04,4.209300000000000000e+05,-1.433403640985488892e-01,2.283951081335544586e-02,-1.894824951887130737e-02,5.947764217853546143e-02,-1.676374626159667969e+01,-2.409311294555664062e+01
1.765533984375000000e+04,4.212640000000000000e+05,9.984295815229415894e-02,1.052424162626266479e-01,5.964614078402519226e-02,-1.810574531555175781e-02,-1.676859664916992188e+01,-2.410555267333984375e+01
1.766922656250000000e+04,4.215980000000000000e+05,1.326256394386291504e-01,5.903127416968345642e-02,4.831417649984359741e-02,-3.949862346053123474e-02,-1.676247978210449219e+01,-2.409559249877929688e+01
1.768312304687500000e+04,4.219320000000000000e+05,7.238631695508956909e-02,1.260180473327636719e-01,6.210041046142578125e-02,-3.409501630812883377e-03,-1.675299453735351562e+01,-2.412504005432128906e+01
1.769703320312500000e+04,4.222660000000000000e+05,-2.082356810569763184e-02,-1.438166052103042603e-01,-5.889097228646278381e-02,-1.976027525961399078e-02,-1.675371170043945312e+01,-2.413568496704101562e+01
1.771095312500000000e+04,4.226000000000000000e+05,-1.407182961702346802e-01,3.532649949193000793e-02,-1.345170103013515472e-02,6.046392396092414856e-02,-1.676756095886230469e+01,-2.416027069091796875e+01
1.772488281250000000e+04,4.229340000000000000e+05,-1.165050119161605835e-01,-8.653645217418670654e-02,-5.538733676075935364e-02,2.794931828975677490e-02,-1.676500892639160156e+01,-2.414661026000976562e+01
1.773882421875000000e+04,4.232690000000000000e+05,1.451028883457183838e-01,-8.420681580901145935e-03,2.487079612910747528e-02,-5.716143921017646790e-02,-1.675187683105468750e+01,-2.410498619079589844e+01
1.775277734375000000e+04,4.236030000000000000e+05,-4.451246000826358795e-03,-1.447822749614715576e-01,-5.631658434867858887e-02,-2.591135166585445404e-02,-1.678158950805664062e+01,-2.415334701538085938e+01
1.776674023437500000e+04,4.239370000000000000e+05,-1.340250819921493530e-01,-5.600278452038764954e-02,-4.708675295114517212e-02,4.029485955834388733e-02,-1.675737380981445312e+01,-2.415574073791503906e+01
1.778071484375000000e+04,4.242710000000000000e+05,7.482588291168212891e-02,-1.241231188178062439e-01,-3.315811231732368469e-02,-5.233385041356086731e-02,-1.677667808532714844e+01,-2.415861892700195312e+01
1.779470117187500000e+04,4.246050000000000000e+05,-6.639235466718673706e-02,1.289412081241607666e-01,3.663510084152221680e-02,4.987912997603416443e-02,-1.677082633972167969e+01,-2.416794776916503906e+01
1.780869726562500000e+04,4.249390000000000000e+05,1.450435370206832886e-01,4.580065142363309860e-03,2.940833754837512970e-02,-5.437838286161422729e-02,-1.676570510864257812e+01,-2.417725372314453125e+01
1.782270507812500000e+04,4.252730000000000000e+05,1.072488948702812195e-01,9.747333079576492310e-02,5.740325897932052612e-02,-2.239957079291343689e-02,-1.677710914611816406e+01,-2.420573806762695312e+01
1.783672265625000000e+04,4.256070000000000000e+05,-1.448451429605484009e-01,6.585899740457534790e-03,-2.496938966214656830e-02,5.647063627839088440e-02,-1.677295303344726562e+01,-2.418801116943359375e+01
1.785075195312500000e+04,4.259410000000000000e+05,1.058995574712753296e-01,-9.895951300859451294e-02,-1.766601763665676117e-02,-5.915989354252815247e-02,-1.677621459960937500e+01,-2.418849182128906250e+01
1.786479296875000000e+04,4.262750000000000000e+05,2.578791603446006775e-02,-1.428921818733215332e-01,-4.932726547122001648e-02,-3.676892817020416260e-02,-1.676063728332519531e+01,-2.421918869018554688e+01
1.787884375000000000e+04,4.266090000000000000e+05,1.452342122793197632e-01,-3.137892636004835367e-04,2.729494683444499969e-02,-5.509762093424797058e-02,-1.675860214233398438e+01,-2.422420692443847656e+01
1.789290625000000000e+04,4.269430000000000000e+05,-1.260885894298553467e-01,7.131435722112655640e-02,3.329045139253139496e-03,6.120853871107101440e-02,-1.678110313415527344e+01,-2.425093078613281250e+01
1.790698046875000000e+04,4.272770000000000000e+05,1.267590075731277466e-01,7.094042748212814331e-02,5.089980363845825195e-02,-3.464328497648239136e-02,-1.675709533691406250e+01,-2.421252250671386719e+01
1.792106445312500000e+04,4.276110000000000000e+05,1.130766943097114563e-01,-9.060986340045928955e-02,-1.321164797991514206e-02,-6.001929566264152527e-02,-1.677853393554687500e+01,-2.422868728637695312e+01
1.793516015625000000e+04,4.279450000000000000e+05,6.886239349842071533e-02,1.276854574680328369e-01,6.163338199257850647e-02,-2.177328802645206451e-03,-1.676838684082031250e+01,-2.419826316833496094e+01
1.794926757812500000e+04,4.282790000000000000e+05,-1.653820089995861053e-02,-1.442060023546218872e-01,-5.768438056111335754e-02,-2.081213146448135376e-02,-1.676358413696289062e+01,-2.424739074707031250e+01
1.796338671875000000e+04,4.286130000000000000e+05,-1.406174302101135254e-01,-3.626191616058349609e-02,-4.021583870053291321e-02,4.644339159131050110e-02,-1.675960731506347656e+01,-2.423163414001464844e+01
1.797751562500000000e+04,4.289710000000000000e+05,-8.383575081825256348e-02,-1.182671189308166504e-01,-6.041106209158897400e-02,9.660784155130386353e-03,-1.677459526062011719e+01,-2.426800155639648438e+01
1.799165625000000000e+04,4.293050000000000000e+05,1.300905197858810425e-01,6.395729631185531616e-02,4.865375533699989319e-02,-3.740398585796356201e-02,-1.677489662170410156e+01,-2.424091339111328125e+01
1.800580664062500000e+04,4.296390000000000000e+05,2.819738909602165222e-02,-1.421974152326583862e-01,-4.862227290868759155e-02,-3.726676478981971741e-02,-1.677466583251953125e+01,-2.425628662109375000e+01
1.801996875000000000e+04,4.299730000000000000e+05,6.123030185699462891e-02,-1.314178556203842163e-01,-3.851575404405593872e-02,-4.768769070506095886e-02,-1.677371215820312500e+01,-2.425091743469238281e+01
1.803414257812500000e+04,4.303080000000000000e+05,1.325066685676574707e-01,5.885620415210723877e-02,4.684889689087867737e-02,-3.914881870150566101e-02,-1.677324485778808594e+01,-2.428588104248046875e+01
1.804832812500000000e+04,4.306420000000000000e+05,-4.088729619979858398e-02,-1.391647160053253174e-01,-6.024207547307014465e-02,-1.060360297560691833e-02,-1.676983261108398438e+01,-2.426949310302734375e+01
1.806252343750000000e+04,4.309990000000000000e+05,-9.340910613536834717e-02,-1.104975417256355286e-01,-5.914909392595291138e-02,1.489967666566371918e-02,-1.679127693176269531e+01,-2.429385185241699219e+01
1.807673046875000000e+04,4.313340000000000000e+05,-7.386262528598308563e-03,-1.446861475706100464e-01,-5.596205592155456543e-02,-2.402702160179615021e-02,-1.678015708923339844e+01,-2.430737495422363281e+01
1.809094921875000000e+04,4.316680000000000000e+05,7.832068204879760742e-02,1.219513565301895142e-01,6.047707051038742065e-02,-6.767946761101484299e-03,-1.677651214599609375e+01,-2.431413459777832031e+01
1.810517773437500000e+04,4.320020000000000000e+05,6.779816746711730957e-02,-1.279365718364715576e-01,-3.578063473105430603e-02,-4.939856007695198059e-02,-1.678518486022949219e+01,-2.429402160644531250e+01
1.811941992187500000e+04,4.323360000000000000e+05,4.960218444466590881e-02,-1.361259371042251587e-01,-4.228139296174049377e-02,-4.394662007689476013e-02,-1.677974128723144531e+01,-2.429571342468261719e+01
1.813367187500000000e+04,4.326940000000000000e+05,1.308120936155319214e-01,6.239085271954536438e-02,4.787323623895645142e-02,-3.788562119007110596e-02,-1.677689170837402344e+01,-2.428621101379394531e+01
1.814793359375000000e+04,4.330280000000000000e+05,-1.299908906221389771e-01,-6.434392184019088745e-02,-4.839194566011428833e-02,3.704021498560905457e-02,-1.677000236511230469e+01,-2.430186271667480469e+01
1.816220898437500000e+04,4.333620000000000000e+05,-6.480450928211212158e-02,1.298570483922958374e-01,3.689640387892723083e-02,4.836067184805870056e-02,-1.676490592956542969e+01,-2.431786537170410156e+01
1.817649414062500000e+04,4.336960000000000000e+05,-1.201947107911109924e-01,8.131111413240432739e-02,8.264509961009025574e-03,5.999267473816871643e-02,-1.676577377319335938e+01,-2.435638809204101562e+01
1.819079101562500000e+04,4.340540000000000000e+05,1.070338953286409378e-02,-1.446612328290939331e-01,-5.218145251274108887e-02,-3.059896826744079590e-02,-1.676924514770507812e+01,-2.436613845825195312e+01
1.820509765625000000e+04,4.343880000000000000e+05,-1.444923132658004761e-01,9.760585613548755646e-03,-2.307989634573459625e-02,5.628896132111549377e-02,-1.678333282470703125e+01,-2.431665802001953125e+01
1.821941796875000000e+04,4.347220000000000000e+05,7.292362302541732788e-02,1.248718649148941040e-01,6.042931601405143738e-02,-4.292552359402179718e-03,-1.679628562927246094e+01,-2.435318756103515625e+01
1.823374804687500000e+04,4.350800000000000000e+05,-1.255005002021789551e-01,-7.265026867389678955e-02,-5.038021132349967957e-02,3.377844393253326416e-02,-1.677192878723144531e+01,-2.434252738952636719e+01
1.824808984375000000e+04,4.354140000000000000e+05,-7.192078977823257446e-02,1.249043270945549011e-01,3.363193199038505554e-02,5.009083077311515808e-02,-1.682486343383789062e+01,-2.438875007629394531e+01
1.826244335937500000e+04,4.357480000000000000e+05,-1.437116265296936035e-01,1.695066131651401520e-02,-1.994424685835838318e-02,5.704040452837944031e-02,-1.679015922546386719e+01,-2.437542915344238281e+01
1.827680664062500000e+04,4.361060000000000000e+05,1.389656066894531250e-01,-3.969688713550567627e-02,1.054323930293321609e-02,-5.948587134480476379e-02,-1.680118179321289062e+01,-2.437739372253417969e+01
1.829118359375000000e+04,4.364400000000000000e+05,1.133189275860786438e-01,-8.835870027542114258e-02,-1.261478848755359650e-02,-5.863844603300094604e-02,-1.685112762451171875e+01,-2.443987083435058594e+01
1.830557031250000000e+04,4.367980000000000000e+05,-1.204977631568908691e-01,-7.337918877601623535e-02,-5.009623244404792786e-02,3.180677071213722229e-02,-1.701054763793945312e+01,-2.453296661376953125e+01
1.831996875000000000e+04,4.371320000000000000e+05,-1.014002859592437744e-01,-9.710331261157989502e-02,-5.558698624372482300e-02,2.029175311326980591e-02,-1.705289840698242188e+01,-2.455724906921386719e+01
1.833437890625000000e+04,4.374660000000000000e+05,-1.075735501945018768e-02,-1.420370489358901978e-01,-5.544822663068771362e-02,-2.180729061365127563e-02,-1.692712783813476562e+01,-2.449763870239257812e+01
1.834879882812500000e+04,4.378240000000000000e+05,-1.377176307141780853e-02,1.430934667587280273e-01,5.121758952736854553e-02,3.154288604855537415e-02,-1.684756088256835938e+01,-2.441508102416992188e+01
1.836323046875000000e+04,4.381580000000000000e+05,9.896755963563919067e-02,-1.021743714809417725e-01,-2.022907882928848267e-02,-5.597934126853942871e-02,-1.693914413452148438e+01,-2.450640678405761719e+01
1.837767578125000000e+04,4.385160000000000000e+05,1.356877386569976807e-02,-1.439814865589141846e-01,-5.146067962050437927e-02,-3.122687712311744690e-02,-1.679546737670898438e+01,-2.440893363952636719e+01
1.839212890625000000e+04,4.388500000000000000e+05,-2.397075854241847992e-02,1.405470520257949829e-01,4.835884273052215576e-02,3.494310751557350159e-02,-1.691903877258300781e+01,-2.448599052429199219e+01
1.840659570312500000e+04,4.392080000000000000e+05,1.017690822482109070e-02,-1.355188637971878052e-01,-4.908728227019309998e-02,-2.909288927912712097e-02,-1.733558273315429688e+01,-2.487321090698242188e+01
1.842107421875000000e+04,4.395420000000000000e+05,3.004409605637192726e-03,-1.391702443361282349e-01,-5.165763199329376221e-02,-2.680758573114871979e-02,-1.712704849243164062e+01,-2.470164871215820312e+01
1.843556250000000000e+04,4.399000000000000000e+05,-8.562442660331726074e-02,1.144060865044593811e-01,2.720777876675128937e-02,5.306416749954223633e-02,-1.689937973022460938e+01,-2.449029922485351562e+01
1.845006445312500000e+04,4.402340000000000000e+05,1.041616499423980713e-01,-8.377553522586822510e-02,-1.221558265388011932e-02,-5.488318949937820435e-02,-1.747924423217773438e+01,-2.500122451782226562e+01
1.846457617187500000e+04,4.405920000000000000e+05,9.852055460214614868e-02,-9.026892483234405518e-02,-1.571271196007728577e-02,-5.367606133222579956e-02,-1.748245620727539062e+01,-2.504732131958007812e+01
1.847909960937500000e+04,4.409260000000000000e+05,1.121835559606552124e-01,6.196589395403862000e-02,4.435104876756668091e-02,-3.079249896109104156e-02,-1.784496688842773438e+01,-2.535332679748535156e+01
1.849363281250000000e+04,4.412840000000000000e+05,-7.788676768541336060e-02,1.183693185448646545e-01,3.029811382293701172e-02,5.064101889729499817e-02,-1.697287178039550781e+01,-2.458110427856445312e+01
1.850817968750000000e+04,4.416180000000000000e+05,-6.367976963520050049e-02,-1.295286715030670166e-01,-5.996547266840934753e-02,3.543501661624759436e-04,-1.681252670288085938e+01,-2.444182395935058594e+01
1.852273828125000000e+04,4.419750000000000000e+05,-3.337488044053316116e-03,1.358579099178314209e-01,5.052287504076957703e-02,2.599277347326278687e-02,-1.733568000793457031e+01,-2.491041564941406250e+01
1.853730664062500000e+04,4.423100000000000000e+05,-7.087845355272293091e-02,8.840804547071456909e-02,2.022995240986347198e-02,4.351184889674186707e-02,-1.891443824768066406e+01,-2.637794303894042969e+01
1.855188671875000000e+04,4.426670000000000000e+05,7.137739658355712891e-02,1.085424423217773438e-01,5.412340909242630005e-02,-6.881084293127059937e-03,-1.772725486755371094e+01,-2.526266098022460938e+01
1.856647851562500000e+04,4.430020000000000000e+05,1.050337255001068115e-01,6.585417687892913818e-02,4.445901513099670410e-02,-2.740894630551338196e-02,-1.813358497619628906e+01,-2.564178657531738281e+01
1.858108203125000000e+04,4.433590000000000000e+05,5.280065909028053284e-02,-1.010167375206947327e-01,-2.826567925512790680e-02,-3.890196979045867920e-02,-1.886314201354980469e+01,-2.635953712463378906e+01
1.859569726562500000e+04,4.437170000000000000e+05,-1.173997893929481506e-01,-7.435997016727924347e-03,-2.446493133902549744e-02,4.299423098564147949e-02,-1.858926582336425781e+01,-2.611359596252441406e+01
1.861032421875000000e+04,4.440510000000000000e+05,-8.613778650760650635e-02,8.732173591852188110e-02,1.706156507134437561e-02,4.894840717315673828e-02,-1.822613525390625000e+01,-2.570725250244140625e+01
1.862496289062500000e+04,4.444090000000000000e+05,-1.149313244968652725e-02,-1.276037395000457764e-01,-5.016189441084861755e-02,-1.900609210133552551e-02,-1.784764289855957031e+01,-2.540992736816406250e+01
1.863961132812500000e+04,4.447670000000000000e+05,1.306243985891342163e-01,-5.407483130693435669e-02,3.317637369036674500e-03,-5.848274379968643188e-02,-1.699256324768066406e+01,-2.464549064636230469e+01
1.865427343750000000e+04,4.451010000000000000e+05,-5.145386233925819397e-02,-1.227585524320602417e-01,-5.525861307978630066e-02,-3.267661668360233307e-03,-1.751605796813964844e+01,-2.513684082031250000e+01
1.866894531250000000e+04,4.454590000000000000e+05,4.503204673528671265e-02,-1.270792931318283081e-01,-3.927920013666152954e-02,-4.004587978124618530e-02,-1.740476989746093750e+01,-2.502168464660644531e+01
1.868362890625000000e+04,4.458170000000000000e+05,-1.308677345514297485e-01,-3.872947394847869873e-02,-3.805761039257049561e-02,4.199368134140968323e-02,-1.729872512817382812e+01,-2.493244552612304688e+01
1.869832421875000000e+04,4.461510000000000000e+05,-3.279127646237611771e-03,1.424908936023712158e-01,5.232333764433860779e-02,2.669072896242141724e-02,-1.692195701599121094e+01,-2.462164878845214844e+01
1.871303125000000000e+04,4.465090000000000000e+05,1.284160166978836060e-01,-4.103235155344009399e-02,7.972412742674350739e-03,-5.549910664558410645e-02,-1.740541648864746094e+01,-2.502557563781738281e+01
1.872775000000000000e+04,4.468670000000000000e+05,8.909483999013900757e-02,-1.104775443673133850e-01,-2.527306973934173584e-02,-5.295875668525695801e-02,-1.695872116088867188e+01,-2.463018035888671875e+01
1.874248046875000000e+04,4.472010000000000000e+05,6.924146413803100586e-02,-1.188986226916313171e-01,-3.183031454682350159e-02,-4.706770181655883789e-02,-1.722820472717285156e+01,-2.490994262695312500e+01
1.875722265625000000e+04,4.475590000000000000e+05,1.112885400652885437e-01,8.322184532880783081e-02,5.109599232673645020e-02,-2.648047171533107758e-02,-1.714194869995117188e+01,-2.479907608032226562e+01
1.877197656250000000e+04,4.479170000000000000e+05,-1.078089475631713867e-01,9.543812274932861328e-02,1.625978387892246246e-02,5.673271790146827698e-02,-1.683375549316406250e+01,-2.458048820495605469e+01
1.878674218750000000e+04,4.482750000000000000e+05,1.405817717313766479e-01,2.319291234016418457e-02,3.329583257436752319e-02,-4.788098484277725220e-02,-1.692479515075683594e+01,-2.468367576599121094e+01
1.880151757812500000e+04,4.486330000000000000e+05,6.759241223335266113e-02,-1.267235726118087769e-01,-3.487368673086166382e-02,-4.731525853276252747e-02,-1.685551261901855469e+01,-2.461563491821289062e+01
1.881630664062500000e+04,4.489670000000000000e+05,-1.241723820567131042e-01,7.127700001001358032e-02,4.331260453909635544e-03,5.852098390460014343e-02,-1.688263130187988281e+01,-2.463004302978515625e+01
1.883110742187500000e+04,4.493250000000000000e+05,9.054704569280147552e-03,1.443988084793090820e-01,5.474165827035903931e-02,2.202472649514675140e-02,-1.679168510437011719e+01,-2.458204078674316406e+01
1.884591796875000000e+04,4.496830000000000000e+05,1.122448146343231201e-01,-9.121143817901611328e-02,-1.402582693845033646e-02,-5.725138634443283081e-02,-1.679471015930175781e+01,-2.459114456176757812e+01
1.886074218750000000e+04,4.500400000000000000e+05,4.179374501109123230e-02,-1.382574737071990967e-01,-4.366759955883026123e-02,-3.948458284139633179e-02,-1.680647277832031250e+01,-2.460185050964355469e+01
1.887557617187500000e+04,4.503980000000000000e+05,8.623567968606948853e-02,1.166563332080841064e-01,5.795331299304962158e-02,-1.129739452153444290e-02,-1.676844978332519531e+01,-2.457645606994628906e+01
1.889042382812500000e+04,4.507320000000000000e+05,-1.303352266550064087e-01,6.304998695850372314e-02,5.645281053148210049e-04,5.879886075854301453e-02,-1.678555488586425781e+01,-2.461222076416015625e+01
1.890528125000000000e+04,4.510900000000000000e+05,7.995055615901947021e-02,1.204101592302322388e-01,5.824298039078712463e-02,-8.666648529469966888e-03,-1.680047035217285156e+01,-2.460001373291015625e+01
1.892015234375000000e+04,4.514480000000000000e+05,1.196564510464668274e-01,8.096917718648910522e-02,5.018918961286544800e-02,-3.008503839373588562e-02,-1.680401039123535156e+01,-2.465458106994628906e+01
1.893503320312500000e+04,4.518060000000000000e+05,-4.506714642047882080e-02,1.374772489070892334e-01,4.251161962747573853e-02,4.025603085756301880e-02,-1.679209136962890625e+01,-2.464986419677734375e+01
1.894992578125000000e+04,4.521640000000000000e+05,9.199364483356475830e-02,-1.120506152510643005e-01,-2.509306930005550385e-02,-5.315962061285972595e-02,-1.677405166625976562e+01,-2.461475563049316406e+01
1.896483203125000000e+04,4.525220000000000000e+05,-9.349628537893295288e-02,-1.105949357151985168e-01,-5.652429163455963135e-02,1.525868196040391922e-02,-1.678343582153320312e+01,-2.464981460571289062e+01
1.897974804687500000e+04,4.528800000000000000e+05,-5.977699160575866699e-02,-1.317464262247085571e-01,-5.848824605345726013e-02,-7.954121101647615433e-04,-1.679222297668457031e+01,-2.465782546997070312e+01
1.899467773437500000e+04,4.532380000000000000e+05,1.304391473531723022e-01,6.279864162206649780e-02,4.544851183891296387e-02,-3.689457103610038757e-02,-1.678649330139160156e+01,-2.465114212036132812e+01
1.900961718750000000e+04,4.535960000000000000e+05,1.553374715149402618e-02,-1.438963115215301514e-01,-4.999178647994995117e-02,-3.048832155764102936e-02,-1.678869056701660156e+01,-2.464868354797363281e+01
1.902456835937500000e+04,4.539540000000000000e+05,4.646651819348335266e-02,-1.370062083005905151e-01,-4.201931133866310120e-02,-4.047606512904167175e-02,-1.679234123229980469e+01,-2.468018722534179688e+01
1.903953320312500000e+04,4.543120000000000000e+05,1.107087284326553345e-01,9.331236779689788818e-02,5.291365087032318115e-02,-2.437782287597656250e-02,-1.678533744812011719e+01,-2.469271087646484375e+01
1.905450781250000000e+04,4.546700000000000000e+05,-1.234025731682777405e-01,-7.620877772569656372e-02,-4.888610914349555969e-02,3.191439062356948853e-02,-1.677037429809570312e+01,-2.467452049255371094e+01
1.906949609375000000e+04,4.550040000000000000e+05,-1.314426213502883911e-01,-6.065974757075309753e-02,-4.471943154931068420e-02,3.759806603193283081e-02,-1.678675651550292969e+01,-2.466807365417480469e+01
1.908449609375000000e+04,4.553610000000000000e+05,9.391814470291137695e-02,-1.101030632853507996e-01,-2.422222681343555450e-02,-5.289722606539726257e-02,-1.678954887390136719e+01,-2.470462799072265625e+01
1.909950585937500000e+04,4.557430000000000000e+05,-1.087112724781036377e-01,9.543316066265106201e-02,1.617028377950191498e-02,5.595920234918594360e-02,-1.679321479797363281e+01,-2.469427490234375000e+01
1.911452929687500000e+04,4.561010000000000000e+05,-3.050691448152065277e-02,1.416073292493820190e-01,4.633371531963348389e-02,3.528824076056480408e-02,-1.678126144409179688e+01,-2.469534873962402344e+01
1.912956250000000000e+04,4.564590000000000000e+05,-1.199459284543991089e-01,8.115817606449127197e-02,9.131643921136856079e-03,5.749315023422241211e-02,-1.678325462341308594e+01,-2.469947814941406250e+01
1.914460937500000000e+04,4.568170000000000000e+05,-6.561855971813201904e-02,-1.288743317127227783e-01,-5.813888087868690491e-02,1.995296683162450790e-03,-1.679554748535156250e+01,-2.470555305480957031e+01
1.915966796875000000e+04,4.571750000000000000e+05,-6.633900105953216553e-02,1.283794492483139038e-01,3.568001464009284973e-02,4.593282565474510193e-02,-1.680224800109863281e+01,-2.470712471008300781e+01
1.917473828125000000e+04,4.575330000000000000e+05,-6.930609792470932007e-02,1.271492093801498413e-01,3.440109267830848694e-02,4.675118252635002136e-02,-1.678396224975585938e+01,-2.472484970092773438e+01
1.918982031250000000e+04,4.578910000000000000e+05,-1.443968415260314941e-01,-1.090935431420803070e-02,-2.831128798425197601e-02,5.062405392527580261e-02,-1.678412628173828125e+01,-2.473102378845214844e+01
1.920491406250000000e+04,4.582490000000000000e+05,8.587030321359634399e-02,1.164983361959457397e-01,5.691776797175407410e-02,-1.149211823940277100e-02,-1.678907775878906250e+01,-2.472150993347167969e+01
1.922001953125000000e+04,4.586070000000000000e+05,1.001072674989700317e-01,1.042942255735397339e-01,5.459720268845558167e-02,-1.898149959743022919e-02,-1.679879760742187500e+01,-2.476103782653808594e+01
1.923513671875000000e+04,4.589640000000000000e+05,-1.438016146421432495e-01,1.535654161125421524e-02,-1.879954151809215546e-02,5.459231510758399963e-02,-1.679547882080078125e+01,-2.477067947387695312e+01
1.925026562500000000e+04,4.593220000000000000e+05,1.385931521654129028e-01,4.216414317488670349e-02,3.860140591859817505e-02,-4.311827570199966431e-02,-1.678072738647460938e+01,-2.475051879882812500e+01
1.926540820312500000e+04,4.596800000000000000e+05,1.294630616903305054e-01,-6.478937715291976929e-02,-1.826283754780888557e-03,-5.788169801235198975e-02,-1.678643035888671875e+01,-2.474485397338867188e+01
1.928056054687500000e+04,4.600620000000000000e+05,1.043268218636512756e-01,1.004824191331863403e-01,5.400979891419410706e-02,-2.085020765662193298e-02,-1.678178024291992188e+01,-2.474723434448242188e+01
1.929572656250000000e+04,4.604200000000000000e+05,-1.254452615976333618e-01,-7.127713412046432495e-02,-4.707063734531402588e-02,3.381961956620216370e-02,-1.681583023071289062e+01,-2.473736763000488281e+01
1.931090234375000000e+04,4.607780000000000000e+05,-3.301594406366348267e-02,1.411352306604385376e-01,4.548439383506774902e-02,3.558517247438430786e-02,-1.677590370178222656e+01,-2.476886558532714844e+01
1.932609179687500000e+04,4.611360000000000000e+05,-1.031244993209838867e-01,1.017521321773529053e-01,1.951576769351959229e-02,5.432700365781784058e-02,-1.678025817871093750e+01,-2.477257537841796875e+01
1.934129296875000000e+04,4.614940000000000000e+05,1.104817315936088562e-01,-9.337613731622695923e-02,-1.538692973554134369e-02,-5.585496872663497925e-02,-1.679327964782714844e+01,-2.474108886718750000e+01
1.935650585937500000e+04,4.618760000000000000e+05,-1.039933562278747559e-01,-1.008412018418312073e-01,-5.396288633346557617e-02,2.074690163135528564e-02,-1.678120803833007812e+01,-2.475938034057617188e+01
1.937173046875000000e+04,4.622330000000000000e+05,-6.530892103910446167e-02,-1.288600862026214600e-01,-5.756635591387748718e-02,2.247705589979887009e-03,-1.680473709106445312e+01,-2.479000854492187500e+01
1.938696875000000000e+04,4.625910000000000000e+05,1.420597285032272339e-01,-2.774635329842567444e-02,1.378317549824714661e-02,-5.587460100650787354e-02,-1.678798866271972656e+01,-2.479916572570800781e+01
1.940221679687500000e+04,4.629490000000000000e+05,-1.118994802236557007e-01,9.212538599967956543e-02,1.451648585498332977e-02,5.560936778783798218e-02,-1.677603149414062500e+01,-2.481074333190917969e+01
1.941747656250000000e+04,4.633070000000000000e+05,1.974897459149360657e-02,1.431104391813278198e-01,5.498602986335754395e-02,1.682299189269542694e-02,-1.680464744567871094e+01,-2.480634689331054688e+01
1.943275000000000000e+04,4.636890000000000000e+05,-1.101023852825164795e-01,9.417817741632461548e-02,1.554440334439277649e-02,5.520028993487358093e-02,-1.677944755554199219e+01,-2.482975769042968750e+01
1.944803515625000000e+04,4.640470000000000000e+05,1.051013246178627014e-01,-9.995435923337936401e-02,-1.826988160610198975e-02,-5.441752448678016663e-02,-1.677013015747070312e+01,-2.482137298583984375e+01
1.946333203125000000e+04,4.644050000000000000e+05,-7.182509452104568481e-02,-1.253948062658309937e-01,-5.716215074062347412e-02,5.290044005960226059e-03,-1.680213165283203125e+01,-2.482079315185546875e+01
1.947864062500000000e+04,4.647870000000000000e+05,1.086522713303565979e-01,-9.535172581672668457e-02,-1.641999185085296631e-02,-5.474330484867095947e-02,-1.679910469055175781e+01,-2.485924530029296875e+01
1.949396289062500000e+04,4.651440000000000000e+05,-7.470083981752395630e-02,1.237991675734519958e-01,3.234681859612464905e-02,4.715011268854141235e-02,-1.679719734191894531e+01,-2.485525321960449219e+01
1.950929492187500000e+04,4.655020000000000000e+05,4.479319229722023010e-02,1.372385472059249878e-01,5.668199062347412109e-02,6.219709292054176331e-03,-1.681084632873535156e+01,-2.487911987304687500e+01
1.952464062500000000e+04,4.658840000000000000e+05,-2.661233954131603241e-02,1.420387476682662964e-01,4.662109911441802979e-02,3.308970108628273010e-02,-1.680202293395996094e+01,-2.485657501220703125e+01
1.953999804687500000e+04,4.662420000000000000e+05,-1.076837256550788879e-02,-1.442068219184875488e-01,-5.361077189445495605e-02,-1.994054391980171204e-02,-1.679613494873046875e+01,-2.485221099853515625e+01
1.955536718750000000e+04,4.666000000000000000e+05,-1.319468468427658081e-01,5.983049422502517700e-02,-3.749813477043062449e-04,5.715160071849822998e-02,-1.677994537353515625e+01,-2.485924530029296875e+01
1.957074804687500000e+04,4.669820000000000000e+05,-8.754912763833999634e-02,1.151204705238342285e-01,2.696920558810234070e-02,5.023357644677162170e-02,-1.679488754272460938e+01,-2.488016319274902344e+01
1.958614062500000000e+04,4.673400000000000000e+05,-1.193761751055717468e-01,-8.160184323787689209e-02,-4.909073933959007263e-02,2.946153283119201660e-02,-1.679655647277832031e+01,-2.484406661987304688e+01
1.960154687500000000e+04,4.677210000000000000e+05,-1.374837458133697510e-01,-4.388658702373504639e-02,-3.842289745807647705e-02,4.239637777209281921e-02,-1.681356239318847656e+01,-2.484951400756835938e+01
1.961696484375000000e+04,4.680790000000000000e+05,-8.818877860903739929e-03,1.437662839889526367e-01,5.023523792624473572e-02,2.663005888462066650e-02,-1.683054733276367188e+01,-2.490429306030273438e+01
1.963239453125000000e+04,4.684370000000000000e+05,1.326519101858139038e-01,5.466013029217720032e-02,4.143051803112030029e-02,-3.874972090125083923e-02,-1.686464691162109375e+01,-2.492409896850585938e+01
1.964783593750000000e+04,4.688190000000000000e+05,-1.071507632732391357e-01,-9.586762636899948120e-02,-5.179907009005546570e-02,2.283667400479316711e-02,-1.684619712829589844e+01,-2.494218444824218750e+01
1.966328906250000000e+04,4.691770000000000000e+05,-4.863963648676872253e-02,-1.330126523971557617e-01,-5.582678318023681641e-02,-4.444543272256851196e-03,-1.697708511352539062e+01,-2.503570747375488281e+01
1.967875585937500000e+04,4.695590000000000000e+05,-9.074865281581878662e-02,1.103526577353477478e-01,2.476203069090843201e-02,5.086830630898475647e-02,-1.690092468261718750e+01,-2.494749259948730469e+01
1.969423437500000000e+04,4.699170000000000000e+05,3.642336651682853699e-02,1.378377377986907959e-01,5.554198473691940308e-02,9.611542336642742157e-03,-1.691950225830078125e+01,-2.497942733764648438e+01
1.970972460937500000e+04,4.702980000000000000e+05,1.842386275529861450e-02,1.431230157613754272e-01,5.418811365962028503e-02,1.680476590991020203e-02,-1.681443405151367188e+01,-2.492312622070312500e+01
1.972522851562500000e+04,4.706560000000000000e+05,1.246476173400878906e-01,6.591816246509552002e-02,4.410219192504882812e-02,-3.376633673906326294e-02,-1.701534843444824219e+01,-2.510721015930175781e+01
1.974074218750000000e+04,4.710380000000000000e+05,-1.390260159969329834e-01,-2.683241479098796844e-02,-3.238731250166893005e-02,4.552642256021499634e-02,-1.697924423217773438e+01,-2.505623626708984375e+01
1.975626953125000000e+04,4.713960000000000000e+05,8.559235930442810059e-02,-1.080439388751983643e-01,-2.484221942722797394e-02,-4.863011464476585388e-02,-1.721256637573242188e+01,-2.525488853454589844e+01
1.977180859375000000e+04,4.717780000000000000e+05,-9.655110538005828857e-02,-8.660916239023208618e-02,-4.734499752521514893e-02,2.041270956397056580e-02,-1.774089813232421875e+01,-2.575407791137695312e+01
1.978736132812500000e+04,4.721360000000000000e+05,1.151464506983757019e-01,5.844005942344665527e-02,4.034119844436645508e-02,-3.198378905653953552e-02,-1.777961540222167969e+01,-2.576692581176757812e+01
1.980292382812500000e+04,4.725170000000000000e+05,-9.738920629024505615e-02,-9.892274439334869385e-02,-5.154498293995857239e-02,1.871221885085105896e-02,-1.715110015869140625e+01,-2.521861839294433594e+01
1.981850000000000000e+04,4.728990000000000000e+05,1.041685044765472412e-01,-9.316787123680114746e-02,-1.615996286273002625e-02,-5.269240960478782654e-02,-1.709268188476562500e+01,-2.517464447021484375e+01
1.983408789062500000e+04,4.732570000000000000e+05,-1.253256499767303467e-01,-3.855235502123832703e-02,-3.457584977149963379e-02,3.873030841350555420e-02,-1.764653205871582031e+01,-2.569356536865234375e+01
1.984968945312500000e+04,4.736390000000000000e+05,7.996127009391784668e-02,-1.191992983222007751e-01,-2.965428680181503296e-02,-4.770179837942123413e-02,-1.686084747314453125e+01,-2.501022720336914062e+01
1.986530273437500000e+04,4.739970000000000000e+05,-1.200032010674476624e-01,3.074796497821807861e-02,-8.857936598360538483e-03,4.852579534053802490e-02,-1.813998985290527344e+01,-2.613819313049316406e+01
1.988092773437500000e+04,4.743790000000000000e+05,-4.227494075894355774e-02,1.156451031565666199e-01,3.459144011139869690e-02,3.445384651422500610e-02,-1.819273185729980469e+01,-2.622760009765625000e+01
1.989656445312500000e+04,4.747600000000000000e+05,8.007801324129104614e-02,7.863098382949829102e-02,4.169696941971778870e-02,-1.591395214200019836e-02,-1.899790763854980469e+01,-2.700734329223632812e+01
1.991221484375000000e+04,4.751180000000000000e+05,3.690607473254203796e-02,1.003375500440597534e-01,4.268370941281318665e-02,3.488810732960700989e-03,-1.941965866088867188e+01,-2.736583900451660156e+01
1.992787695312500000e+04,4.755000000000000000e+05,-9.917264804244041443e-03,1.202941089868545532e-01,4.175275191664695740e-02,2.361598610877990723e-02,-1.836569595336914062e+01,-2.638082122802734375e+01
1.994355078125000000e+04,4.758820000000000000e+05,-1.334415674209594727e-01,8.936753496527671814e-03,-1.855885609984397888e-02,4.928650707006454468e-02,-1.747474288940429688e+01,-2.556957626342773438e+01
1.995923632812500000e+04,4.762400000000000000e+05,-1.403883397579193115e-01,-7.653588894754648209e-03,-2.547124214470386505e-02,4.892776161432266235e-02,-1.704048919677734375e+01,-2.516739273071289062e+01
1.997493554687500000e+04,4.766220000000000000e+05,7.944270223379135132e-02,-1.205981001257896423e-01,-3.015641123056411743e-02,-4.708329588174819946e-02,-1.680788803100585938e+01,-2.504977035522460938e+01
1.999064648437500000e+04,4.770030000000000000e+05,4.847895726561546326e-02,1.350116729736328125e-01,5.570990219712257385e-02,4.211084917187690735e-03,-1.686589241027832031e+01,-2.505660820007324219e+01
2.000637109375000000e+04,4.773610000000000000e+05,-1.119227334856987000e-02,-1.340507715940475464e-01,-4.960828647017478943e-02,-1.781284995377063751e-02,-1.742444419860839844e+01,-2.556224060058593750e+01
2.002210742187500000e+04,4.777430000000000000e+05,-7.944765686988830566e-02,1.007821708917617798e-01,2.322406321763992310e-02,4.496533423662185669e-02,-1.783333396911621094e+01,-2.591549873352050781e+01
2.003785546875000000e+04,4.781250000000000000e+05,-1.178900003433227539e-01,5.523277074098587036e-02,5.314563750289380550e-04,5.134145542979240417e-02,-1.770863342285156250e+01,-2.579017257690429688e+01
2.005361523437500000e+04,4.785070000000000000e+05,-8.030635118484497070e-02,1.058862805366516113e-01,2.490024082362651825e-02,4.578842595219612122e-02,-1.752984237670898438e+01,-2.565974044799804688e+01
2.006938867187500000e+04,4.788640000000000000e+05,-1.089626401662826538e-01,8.279386162757873535e-02,1.185569632798433304e-02,5.197571590542793274e-02,-1.727515983581542969e+01,-2.546371078491210938e+01
2.008517578125000000e+04,4.792460000000000000e+05,1.421436816453933716e-01,3.766739508137106895e-03,2.404954284429550171e-02,-4.975464567542076111e-02,-1.694239997863769531e+01,-2.515144348144531250e+01
2.010097265625000000e+04,4.796280000000000000e+05,-1.128075122833251953e-01,-8.003527671098709106e-02,-4.648597538471221924e-02,2.733403816819190979e-02,-1.718258285522460938e+01,-2.536391258239746094e+01
2.011678320312500000e+04,4.800100000000000000e+05,-1.269790083169937134e-01,-6.120691075921058655e-02,-4.197326675057411194e-02,3.516494855284690857e-02,-1.701803016662597656e+01,-2.523120689392089844e+01
2.013260546875000000e+04,4.803920000000000000e+05,1.345162838697433472e-01,-4.138034582138061523e-02,6.883507594466209412e-03,-5.426131933927536011e-02,-1.703182029724121094e+01,-2.524085807800292969e+01
2.014844140625000000e+04,4.807500000000000000e+05,-9.807397425174713135e-02,-9.968736767768859863e-02,-5.101400241255760193e-02,1.889775134623050690e-02,-1.708718299865722656e+01,-2.528773880004882812e+01
2.016428906250000000e+04,4.811310000000000000e+05,-8.214511722326278687e-02,1.172469183802604675e-01,2.848334237933158875e-02,4.741100594401359558e-02,-1.688359451293945312e+01,-2.514405822753906250e+01
2.018015039062500000e+04,4.815130000000000000e+05,-1.304539293050765991e-01,-5.857434496283531189e-02,-4.114767163991928101e-02,3.680513426661491394e-02,-1.689324188232421875e+01,-2.516020774841308594e+01
2.019602148437500000e+04,4.818950000000000000e+05,2.180239371955394745e-02,-1.423222869634628296e-01,-4.644941911101341248e-02,-3.000905178487300873e-02,-1.683380317687988281e+01,-2.514549446105957031e+01
2.021190820312500000e+04,4.822770000000000000e+05,-1.071252375841140747e-01,-9.615211188793182373e-02,-5.044094100594520569e-02,2.264954522252082825e-02,-1.683588409423828125e+01,-2.514663314819335938e+01
2.022780468750000000e+04,4.826580000000000000e+05,-1.199187040328979492e-01,-8.028326183557510376e-02,-4.686054587364196777e-02,2.969747222959995270e-02,-1.681396293640136719e+01,-2.511752319335937500e+01
2.024371484375000000e+04,4.830400000000000000e+05,1.388020664453506470e-01,3.961653262376785278e-02,3.545349091291427612e-02,-4.252686351537704468e-02,-1.681196403503417969e+01,-2.513500976562500000e+01
2.025963867187500000e+04,4.834220000000000000e+05,1.447519212961196899e-01,9.456953848712146282e-04,2.278521843254566193e-02,-5.060020461678504944e-02,-1.678732872009277344e+01,-2.511513137817382812e+01
2.027557421875000000e+04,4.838040000000000000e+05,9.266717731952667236e-02,1.107062622904777527e-01,5.311687663197517395e-02,-1.571901515126228333e-02,-1.681038093566894531e+01,-2.513075065612792969e+01
2.029152148437500000e+04,4.841850000000000000e+05,-1.442419886589050293e-01,-9.787857532501220703e-03,-2.567254193127155304e-02,4.884785413742065430e-02,-1.679821395874023438e+01,-2.516385269165039062e+01
2.030748242187500000e+04,4.845430000000000000e+05,-5.110687762498855591e-02,1.349164843559265137e-01,3.933350741863250732e-02,3.871743008494377136e-02,-1.681636619567871094e+01,-2.516246795654296875e+01
2.032345507812500000e+04,4.849250000000000000e+05,-6.926944851875305176e-02,1.268118023872375488e-01,3.373083099722862244e-02,4.377703368663787842e-02,-1.680280113220214844e+01,-2.515102767944335938e+01
2.033943945312500000e+04,4.853070000000000000e+05,-3.702175617218017578e-02,-1.396958976984024048e-01,-5.458087846636772156e-02,-8.547944948077201843e-03,-1.680154037475585938e+01,-2.515395736694335938e+01
2.035543750000000000e+04,4.856890000000000000e+05,-1.138313859701156616e-01,8.901310712099075317e-02,1.358786504715681076e-02,5.339781939983367920e-02,-1.680250358581542969e+01,-2.517704200744628906e+01
2.037144921875000000e+04,4.860700000000000000e+05,-7.321623712778091431e-02,1.247988492250442505e-01,3.230706602334976196e-02,4.477488994598388672e-02,-1.679119491577148438e+01,-2.515908432006835938e+01
2.038747265625000000e+04,4.864520000000000000e+05,-1.258996576070785522e-01,-7.121623307466506958e-02,-4.407697170972824097e-02,3.293972834944725037e-02,-1.679386901855468750e+01,-2.518872070312500000e+01
2.040350781250000000e+04,4.868580000000000000e+05,-4.680212587118148804e-02,1.365126818418502808e-01,4.042052850127220154e-02,3.724571689963340759e-02,-1.681390953063964844e+01,-2.519840240478515625e+01
2.041955664062500000e+04,4.872400000000000000e+05,-2.353701181709766388e-02,1.429458409547805786e-01,4.593828693032264709e-02,3.030269593000411987e-02,-1.678039169311523438e+01,-2.518760871887207031e+01
2.043561718750000000e+04,4.876210000000000000e+05,-1.441307216882705688e-01,-9.662915021181106567e-03,-2.548680268228054047e-02,4.868325218558311462e-02,-1.680539321899414062e+01,-2.520045471191406250e+01
2.045169140625000000e+04,4.880030000000000000e+05,1.096652168780565262e-02,1.440556347370147705e-01,5.189843848347663879e-02,1.797487400472164154e-02,-1.680429840087890625e+01,-2.520490455627441406e+01
2.046777734375000000e+04,4.883850000000000000e+05,3.115755878388881683e-02,1.412915140390396118e-01,5.369257554411888123e-02,1.054381858557462692e-02,-1.679146003723144531e+01,-2.523738861083984375e+01
2.048387500000000000e+04,4.887670000000000000e+05,-1.443492621183395386e-01,-6.409669760614633560e-03,-2.427856437861919403e-02,4.943835362792015076e-02,-1.680315399169921875e+01,-2.518041801452636719e+01
2.049998828125000000e+04,4.891490000000000000e+05,1.390195935964584351e-01,-3.926889225840568542e-02,7.296772673726081848e-03,-5.442538484930992126e-02,-1.680508995056152344e+01,-2.520660018920898438e+01
2.051611132812500000e+04,4.895300000000000000e+05,-2.335707843303680420e-02,-1.423630714416503906e-01,-5.318989604711532593e-02,-1.345722563564777374e-02,-1.681669616699218750e+01,-2.521395683288574219e+01
2.053224804687500000e+04,4.899120000000000000e+05,1.385186612606048584e-01,4.054557159543037415e-02,3.513462841510772705e-02,-4.189617186784744263e-02,-1.681282234191894531e+01,-2.524367904663085938e+01
2.054839843750000000e+04,4.902940000000000000e+05,-1.141231209039688110e-01,-8.868269622325897217e-02,-4.823741689324378967e-02,2.621989697217941284e-02,-1.680088424682617188e+01,-2.520808982849121094e+01
2.056456054687500000e+04,4.907000000000000000e+05,-1.408192366361618042e-01,3.278618678450584412e-02,-9.983937256038188934e-03,5.373882874846458435e-02,-1.679750061035156250e+01,-2.524686050415039062e+01
2.058073632812500000e+04,4.910810000000000000e+05,-6.311940401792526245e-02,-1.300337314605712891e-01,-5.472528189420700073e-02,2.308457624167203903e-03,-1.680002784729003906e+01,-2.522851943969726562e+01
2.059692382812500000e+04,4.914630000000000000e+05,8.689608424901962280e-03,1.443029791116714478e-01,5.159781873226165771e-02,1.890693232417106628e-02,-1.679877471923828125e+01,-2.520020675659179688e+01
2.061312500000000000e+04,4.918450000000000000e+05,1.314866244792938232e-01,6.000231951475143433e-02,4.053353890776634216e-02,-3.653242066502571106e-02,-1.680082130432128906e+01,-2.526135635375976562e+01
2.062933789062500000e+04,4.922270000000000000e+05,4.790070652961730957e-02,1.365069150924682617e-01,5.448074638843536377e-02,4.286970943212509155e-03,-1.679259490966796875e+01,-2.524833297729492188e+01
2.064556445312500000e+04,4.926320000000000000e+05,4.475529119372367859e-02,1.372682601213455200e-01,5.428881570696830750e-02,5.231519229710102081e-03,-1.680985450744628906e+01,-2.526565170288085938e+01
2.066180273437500000e+04,4.930140000000000000e+05,-1.443269252777099609e-01,-7.434906437993049622e-03,-2.428385615348815918e-02,4.879650473594665527e-02,-1.680154418945312500e+01,-2.527126121520996094e+01
2.067805468750000000e+04,4.933960000000000000e+05,-1.316512376070022583e-01,-5.927047505974769592e-02,-4.041969031095504761e-02,3.657595068216323853e-02,-1.680997276306152344e+01,-2.527016639709472656e+01
2.069431835937500000e+04,4.937780000000000000e+05,2.571354433894157410e-02,1.420868337154388428e-01,5.302696675062179565e-02,1.257821451872587204e-02,-1.680896949768066406e+01,-2.527233123779296875e+01
2.071059570312500000e+04,4.941830000000000000e+05,-7.160251587629318237e-02,1.244437694549560547e-01,3.227016329765319824e-02,4.359947890043258667e-02,-1.685855102539062500e+01,-2.531316375732421875e+01
2.072688476562500000e+04,4.945650000000000000e+05,1.342976689338684082e-01,-5.139461904764175415e-02,2.326842863112688065e-03,-5.423869937658309937e-02,-1.684506797790527344e+01,-2.530582809448242188e+01
2.074318750000000000e+04,4.949470000000000000e+05,-1.402738392353057861e-01,-3.136273473501205444e-02,-3.194668143987655640e-02,4.392363876104354858e-02,-1.684861946105957031e+01,-2.530196189880371094e+01
2.075950390625000000e+04,4.953520000000000000e+05,-7.498905062675476074e-02,-1.224004626274108887e-01,-5.344723910093307495e-02,7.666963618248701096e-03,-1.686022567749023438e+01,-2.535303306579589844e+01
2.077583203125000000e+04,4.957340000000000000e+05,1.401212364435195923e-01,3.365155309438705444e-02,3.257405012845993042e-02,-4.327352717518806458e-02,-1.682639122009277344e+01,-2.532589149475097656e+01
2.079217382812500000e+04,4.961160000000000000e+05,8.915255963802337646e-02,1.132635101675987244e-01,5.229478329420089722e-02,-1.387265417724847794e-02,-1.682421302795410156e+01,-2.533548355102539062e+01
2.080852734375000000e+04,4.965220000000000000e+05,-1.086035817861557007e-01,-9.329587221145629883e-02,-4.853041842579841614e-02,2.334430627524852753e-02,-1.688270378112792969e+01,-2.537578392028808594e+01
2.082489453125000000e+04,4.969030000000000000e+05,2.906095795333385468e-02,1.415676176548004150e-01,5.297554656863212585e-02,1.114833634346723557e-02,-1.680146217346191406e+01,-2.533029556274414062e+01
2.084127343750000000e+04,4.972850000000000000e+05,1.431154906749725342e-01,9.632222354412078857e-03,2.459729835391044617e-02,-4.789369553327560425e-02,-1.686663818359375000e+01,-2.537776756286621094e+01
2.085766796875000000e+04,4.976910000000000000e+05,-7.017561793327331543e-02,-1.236798465251922607e-01,-5.316889658570289612e-02,5.724741145968437195e-03,-1.694190597534179688e+01,-2.543679046630859375e+01
2.087407226562500000e+04,4.980730000000000000e+05,-2.289643324911594391e-02,-1.357985287904739380e-01,-5.048151686787605286e-02,-1.252184063196182251e-02,-1.722035980224609375e+01,-2.567803955078125000e+01
2.089049218750000000e+04,4.984540000000000000e+05,4.199634864926338196e-02,-1.366071403026580811e-01,-4.083789512515068054e-02,-3.474989905953407288e-02,-1.689833450317382812e+01,-2.541318511962890625e+01
2.090692187500000000e+04,4.988600000000000000e+05,1.344625949859619141e-01,-3.980180621147155762e-02,6.415059790015220642e-03,-5.223057046532630920e-02,-1.706319999694824219e+01,-2.557647895812988281e+01
2.092336718750000000e+04,4.992420000000000000e+05,-1.200257390737533569e-01,-7.783845067024230957e-02,-4.487439990043640137e-02,3.000930324196815491e-02,-1.688988113403320312e+01,-2.535470199584960938e+01
2.093982421875000000e+04,4.996470000000000000e+05,7.258953899145126343e-02,1.175803318619728088e-01,5.161191895604133606e-02,-7.655162364244461060e-03,-1.719094467163085938e+01,-2.565049362182617188e+01
2.095629492187500000e+04,5.000290000000000000e+05,5.697884131222963333e-03,1.411017775535583496e-01,4.948515817523002625e-02,1.889184676110744476e-02,-1.700227355957031250e+01,-2.551961517333984375e+01
2.097277734375000000e+04,5.004350000000000000e+05,5.122352391481399536e-02,-1.208711639046669006e-01,-3.430725634098052979e-02,-3.593265265226364136e-02,-1.763621902465820312e+01,-2.607629585266113281e+01
2.098927343750000000e+04,5.008170000000000000e+05,1.368709057569503784e-01,-3.026861324906349182e-02,9.714463725686073303e-03,-5.177171900868415833e-02,-1.706641006469726562e+01,-2.556786727905273438e+01
2.100578320312500000e+04,5.012220000000000000e+05,3.200528398156166077e-02,-1.341742277145385742e-01,-4.160087555646896362e-02,-3.087726980447769165e-02,-1.720628356933593750e+01,-2.571211242675781250e+01
2.102230468750000000e+04,5.016040000000000000e+05,-1.031419932842254639e-01,-9.861638396978378296e-02,-4.909471794962882996e-02,2.092108875513076782e-02,-1.691148376464843750e+01,-2.545462608337402344e+01
2.103883984375000000e+04,5.020100000000000000e+05,-1.312657445669174194e-01,4.151593428105115891e-03,-1.827000640332698822e-02,4.604690521955490112e-02,-1.763263130187988281e+01,-2.610105705261230469e+01
2.105538867187500000e+04,5.023910000000000000e+05,-1.911206543445587158e-02,-1.313804090023040771e-01,-4.837165027856826782e-02,-1.300353277474641800e-02,-1.753844070434570312e+01,-2.600515174865722656e+01
2.107194921875000000e+04,5.027970000000000000e+05,8.738749474287033081e-02,-9.527011960744857788e-02,-1.994476467370986938e-02,-4.465934634208679199e-02,-1.776946258544921875e+01,-2.621193313598632812e+01
2.108852343750000000e+04,5.032030000000000000e+05,-1.230433285236358643e-01,6.946820020675659180e-02,5.595147144049406052e-03,5.244964361190795898e-02,-1.699720001220703125e+01,-2.555600738525390625e+01
2.110511132812500000e+04,5.035840000000000000e+05,-1.360737085342407227e-01,-4.477046057581901550e-02,-3.529753908514976501e-02,3.995788097381591797e-02,-1.687813186645507812e+01,-2.546292114257812500e+01
2.112171093750000000e+04,5.039900000000000000e+05,1.135256215929985046e-01,6.138608977198600769e-02,3.822161257266998291e-02,-3.012681379914283752e-02,-1.778421020507812500e+01,-2.625523567199707031e+01
2.113832421875000000e+04,5.043720000000000000e+05,-5.450003221631050110e-02,1.070985049009323120e-01,2.891469933092594147e-02,3.513212874531745911e-02,-1.840422439575195312e+01,-2.683961105346679688e+01
2.115495117187500000e+04,5.047770000000000000e+05,1.309809088706970215e-01,5.555318668484687805e-02,3.799287602305412292e-02,-3.686570003628730774e-02,-1.693743133544921875e+01,-2.552448272705078125e+01
2.117158984375000000e+04,5.051830000000000000e+05,9.899059683084487915e-02,-9.126774221658706665e-02,-1.684579439461231232e-02,-4.713324457406997681e-02,-1.741627502441406250e+01,-2.601136207580566406e+01
2.118824218750000000e+04,5.055650000000000000e+05,-1.763715781271457672e-02,-1.126261875033378601e-01,-4.149741679430007935e-02,-1.087288931012153625e-02,-1.886199569702148438e+01,-2.735121917724609375e+01
2.120490820312500000e+04,5.059710000000000000e+05,5.660034716129302979e-02,-1.170801818370819092e-01,-3.193878382444381714e-02,-3.673842921853065491e-02,-1.771821212768554688e+01,-2.625288772583007812e+01
2.122158789062500000e+04,5.063760000000000000e+05,1.090622097253799438e-01,8.885797858238220215e-02,4.617509990930557251e-02,-2.426282688975334167e-02,-1.703547477722167969e+01,-2.565299606323242188e+01
2.123827929687500000e+04,5.067580000000000000e+05,-8.582495152950286865e-02,8.305680006742477417e-02,1.567934639751911163e-02,4.192116856575012207e-02,-1.845747947692871094e+01,-2.698270034790039062e+01
2.125498437500000000e+04,5.071640000000000000e+05,4.999966919422149658e-02,-1.253039836883544922e-01,-3.576062992215156555e-02,-3.546434640884399414e-02,-1.739903450012207031e+01,-2.595758056640625000e+01
2.127170312500000000e+04,5.075690000000000000e+05,-7.572609931230545044e-02,-1.170299574732780457e-01,-5.103711038827896118e-02,8.872698061168193817e-03,-1.711517143249511719e+01,-2.571296691894531250e+01
2.128843359375000000e+04,5.079510000000000000e+05,-8.590625226497650146e-02,7.042845338582992554e-02,1.157925184816122055e-02,4.030420631170272827e-02,-1.908683013916015625e+01,-2.754855728149414062e+01
2.130517773437500000e+04,5.083570000000000000e+05,1.426009833812713623e-01,1.809546723961830139e-02,2.639252692461013794e-02,-4.594880342483520508e-02,-1.684817504882812500e+01,-2.551624679565429688e+01
2.132193554687500000e+04,5.087620000000000000e+05,-5.422233790159225464e-02,-1.184404715895652771e-01,-4.852788150310516357e-02,1.353989355266094208e-03,-1.770363998413085938e+01,-2.627679443359375000e+01
2.133870703125000000e+04,5.091680000000000000e+05,-9.473263472318649292e-02,1.042044833302497864e-01,2.157994173467159271e-02,4.742445796728134155e-02,-1.702614974975585938e+01,-2.566266632080078125e+01
2.135549023437500000e+04,5.095500000000000000e+05,1.275019496679306030e-01,-3.568423911929130554e-02,6.411680020391941071e-03,-4.905143007636070251e-02,-1.756215286254882812e+01,-2.611339187622070312e+01
2.137228710937500000e+04,5.099550000000000000e+05,-2.053140290081501007e-02,1.366791874170303345e-01,4.377556219696998596e-02,2.684496715664863586e-02,-1.718904304504394531e+01,-2.578897666931152344e+01
2.138909765625000000e+04,5.103610000000000000e+05,-1.091193035244941711e-01,-7.225104421377182007e-02,-4.056450724601745605e-02,2.688372135162353516e-02,-1.766312789916992188e+01,-2.625579071044921875e+01
2.140592187500000000e+04,5.107670000000000000e+05,7.294642925262451172e-02,-1.165313795208930969e-01,-2.884507738053798676e-02,-4.163626208901405334e-02,-1.723521041870117188e+01,-2.590808105468750000e+01
2.142275781250000000e+04,5.111720000000000000e+05,-5.181691795587539673e-02,-1.165770366787910461e-01,-4.739270359277725220e-02,6.638719933107495308e-04,-1.788473701477050781e+01,-2.648491859436035156e+01
2.143960937500000000e+04,5.115780000000000000e+05,1.045928746461868286e-01,9.676662087440490723e-02,4.768491536378860474e-02,-2.179471030831336975e-02,-1.692430305480957031e+01,-2.560847282409667969e+01
2.145647265625000000e+04,5.119600000000000000e+05,7.118497509509325027e-03,1.401760578155517578e-01,4.862017929553985596e-02,1.768627949059009552e-02,-1.705533790588378906e+01,-2.572396087646484375e+01
2.147334960937500000e+04,5.123650000000000000e+05,-1.182751823216676712e-02,1.392257809638977051e-01,4.544148594141006470e-02,2.396733872592449188e-02,-1.709437751770019531e+01,-2.578500938415527344e+01
2.149023828125000000e+04,5.127710000000000000e+05,-1.193632036447525024e-01,6.944569945335388184e-02,6.563220638781785965e-03,5.059257149696350098e-02,-1.719642829895019531e+01,-2.584578514099121094e+01
2.150714257812500000e+04,5.131770000000000000e+05,-8.074103295803070068e-02,1.183564737439155579e-01,2.848957479000091553e-02,4.387423768639564514e-02,-1.687666702270507812e+01,-2.562788009643554688e+01
2.152405859375000000e+04,5.135820000000000000e+05,-1.354347467422485352e-01,-4.922990128397941589e-02,-3.574491292238235474e-02,3.860010206699371338e-02,-1.682644081115722656e+01,-2.557886123657226562e+01
2.154098828125000000e+04,5.139880000000000000e+05,1.429404616355895996e-01,1.638474687933921814e-02,2.560943365097045898e-02,-4.565646871924400330e-02,-1.684020614624023438e+01,-2.562192916870117188e+01
2.155793164062500000e+04,5.143930000000000000e+05,-1.294241249561309814e-01,6.328268349170684814e-02,3.195523982867598534e-03,5.241027846932411194e-02,-1.682871055603027344e+01,-2.559555435180664062e+01
2.157488671875000000e+04,5.147990000000000000e+05,1.363928020000457764e-01,-4.560663178563117981e-02,3.494067816063761711e-03,-5.223063752055168152e-02,-1.684387207031250000e+01,-2.562210083007812500e+01
2.159185742187500000e+04,5.152050000000000000e+05,-2.883517416194081306e-03,1.439862102270126343e-01,4.805743694305419922e-02,2.119421772658824921e-02,-1.683184051513671875e+01,-2.559293556213378906e+01
2.160883984375000000e+04,5.156100000000000000e+05,1.297522038221359253e-01,6.252793967723846436e-02,3.909277543425559998e-02,-3.467208519577980042e-02,-1.683078575134277344e+01,-2.563774108886718750e+01
2.162583593750000000e+04,5.160160000000000000e+05,-4.652934148907661438e-03,-1.437438428401947021e-01,-4.875893890857696533e-02,-1.824991591274738312e-02,-1.684366607666015625e+01,-2.566951560974121094e+01
2.164284765625000000e+04,5.164220000000000000e+05,5.526861175894737244e-02,1.333887428045272827e-01,5.231034755706787109e-02,4.570723831420764327e-05,-1.680952835083007812e+01,-2.562824440002441406e+01
2.165986914062500000e+04,5.168270000000000000e+05,1.362009644508361816e-01,4.695767164230346680e-02,3.457639738917350769e-02,-3.911581262946128845e-02,-1.682862091064453125e+01,-2.564542007446289062e+01
2.167690625000000000e+04,5.172330000000000000e+05,-1.175998076796531677e-01,8.375278860330581665e-02,1.173458993434906006e-02,5.097630992531776428e-02,-1.681013870239257812e+01,-2.562838745117187500e+01
2.169395703125000000e+04,5.176390000000000000e+05,1.211618706583976746e-01,-7.820109277963638306e-02,-9.247725829482078552e-03,-5.126157775521278381e-02,-1.682028388977050781e+01,-2.566507148742675781e+01
2.171101953125000000e+04,5.180440000000000000e+05,1.102563142776489258e-01,-9.289087355136871338e-02,-1.569751836359500885e-02,-4.948732256889343262e-02,-1.682246398925781250e+01,-2.569375610351562500e+01
2.172809765625000000e+04,5.184500000000000000e+05,1.337465047836303711e-01,5.499317869544029236e-02,3.689524158835411072e-02,-3.669944778084754944e-02,-1.679596710205078125e+01,-2.567333984375000000e+01
2.174518750000000000e+04,5.188550000000000000e+05,-1.352981179952621460e-01,-4.926197975873947144e-02,-3.498611971735954285e-02,3.845414146780967712e-02,-1.683352088928222656e+01,-2.568194198608398438e+01
2.176229101562500000e+04,5.192610000000000000e+05,-1.424854546785354614e-01,2.265087328851222992e-02,-1.203145924955606461e-02,5.051865801215171814e-02,-1.681620025634765625e+01,-2.569136619567871094e+01
2.177940820312500000e+04,5.196670000000000000e+05,-6.358634680509567261e-02,-1.293920874595642090e-01,-5.197253078222274780e-02,3.597321687266230583e-03,-1.682238769531250000e+01,-2.566376686096191406e+01
2.179653906250000000e+04,5.200960000000000000e+05,3.795726969838142395e-02,1.393252164125442505e-01,5.153752863407135010e-02,6.588671822100877762e-03,-1.680846786499023438e+01,-2.568712234497070312e+01
2.181368359375000000e+04,5.205020000000000000e+05,1.443082839250564575e-01,3.791900817304849625e-03,2.099815756082534790e-02,-4.730155691504478455e-02,-1.681117630004882812e+01,-2.572130966186523438e+01
2.183083984375000000e+04,5.209070000000000000e+05,4.201720282435417175e-02,1.376921683549880981e-01,5.146551877260208130e-02,4.903058521449565887e-03,-1.683514213562011719e+01,-2.573043441772460938e+01
2.184801171875000000e+04,5.213130000000000000e+05,4.673788323998451233e-02,-1.362671405076980591e-01,-3.887040913105010986e-02,-3.425278142094612122e-02,-1.682915687561035156e+01,-2.571191406250000000e+01
2.186519531250000000e+04,5.217190000000000000e+05,-7.199653983116149902e-02,-1.250944733619689941e-01,-5.123922973871231079e-02,6.726648658514022827e-03,-1.681266403198242188e+01,-2.573373794555664062e+01
2.188239453125000000e+04,5.221240000000000000e+05,1.440830677747726440e-01,5.642902571707963943e-03,2.154808305203914642e-02,-4.694721475243568420e-02,-1.682108306884765625e+01,-2.573755455017089844e+01
2.189960546875000000e+04,5.225540000000000000e+05,-5.755539610981941223e-02,-1.323088258504867554e-01,-5.194067582488059998e-02,9.194439626298844814e-04,-1.681555747985839844e+01,-2.568848800659179688e+01
2.191683007812500000e+04,5.229590000000000000e+05,-7.596107572317123413e-02,-1.224518716335296631e-01,-5.090754106640815735e-02,8.611137978732585907e-03,-1.682677459716796875e+01,-2.574184036254882812e+01
2.193407031250000000e+04,5.233650000000000000e+05,1.434096246957778931e-01,-1.414616499096155167e-02,1.485422533005475998e-02,-4.954918846487998962e-02,-1.682637977600097656e+01,-2.572551345825195312e+01
2.195132226562500000e+04,5.237710000000000000e+05,-1.136157363653182983e-01,-8.897498250007629395e-02,-4.492884501814842224e-02,2.548046968877315521e-02,-1.681413269042968750e+01,-2.573837661743164062e+01
2.196858789062500000e+04,5.242000000000000000e+05,-1.393085718154907227e-01,-3.769496455788612366e-02,-3.166435658931732178e-02,4.094579443335533142e-02,-1.681356811523437500e+01,-2.571996688842773438e+01
2.198586718750000000e+04,5.246060000000000000e+05,-2.329233568161725998e-03,-1.443996280431747437e-01,-4.781616479158401489e-02,-1.892157457768917084e-02,-1.680754852294921875e+01,-2.577671051025390625e+01
2.200316015625000000e+04,5.250120000000000000e+05,-1.218092814087867737e-01,7.732954621315002441e-02,9.155803360044956207e-03,5.065412446856498718e-02,-1.681574249267578125e+01,-2.576808547973632812e+01
2.202046679687500000e+04,5.254170000000000000e+05,-1.422133892774581909e-01,2.138939127326011658e-02,-1.185335405170917511e-02,4.988645017147064209e-02,-1.684404182434082031e+01,-2.580183029174804688e+01
2.203778710937500000e+04,5.258470000000000000e+05,1.197756920009851456e-02,-1.437968462705612183e-01,-4.601224511861801147e-02,-2.326938509941101074e-02,-1.681498527526855469e+01,-2.575348281860351562e+01
2.205512109375000000e+04,5.262520000000000000e+05,-1.441268324851989746e-01,8.906982839107513428e-03,-1.653119921684265137e-02,4.855509102344512939e-02,-1.680854797363281250e+01,-2.579899215698242188e+01
2.207246875000000000e+04,5.266580000000000000e+05,-1.433021724224090576e-01,-1.596882008016109467e-02,-2.453227713704109192e-02,4.520867392420768738e-02,-1.682134819030761719e+01,-2.577466583251953125e+01
2.208983007812500000e+04,5.270870000000000000e+05,1.122004464268684387e-01,-9.066523611545562744e-02,-1.483287289738655090e-02,-4.914351552724838257e-02,-1.681746101379394531e+01,-2.579202842712402344e+01
2.210720507812500000e+04,5.274930000000000000e+05,-8.343845605850219727e-02,-1.179232820868492126e-01,-5.020775273442268372e-02,1.137294434010982513e-02,-1.680521774291992188e+01,-2.576727676391601562e+01
2.212459179687500000e+04,5.279230000000000000e+05,-8.078113943338394165e-02,-1.196894645690917969e-01,-5.027430132031440735e-02,1.055378932505846024e-02,-1.680869674682617188e+01,-2.578579139709472656e+01
2.214199414062500000e+04,5.283280000000000000e+05,1.440353691577911377e-01,3.506206674501299858e-03,2.043944597244262695e-02,-4.684672877192497253e-02,-1.682804489135742188e+01,-2.582962417602539062e+01
2.215941015625000000e+04,5.287340000000000000e+05,5.882877856492996216e-02,-1.316445767879486084e-01,-3.556022047996520996e-02,-3.702296316623687744e-02,-1.682122230529785156e+01,-2.579181671142578125e+01
2.217683984375000000e+04,5.291630000000000000e+05,1.309567987918853760e-01,-5.980679392814636230e-02,-2.022714354097843170e-03,-5.111955478787422180e-02,-1.683473205566406250e+01,-2.582146453857421875e+01
2.219428320312500000e+04,5.295690000000000000e+05,-5.484458059072494507e-02,1.335989385843276978e-01,3.657530248165130615e-02,3.593647852540016174e-02,-1.680756378173828125e+01,-2.580179214477539062e+01
2.221174023437500000e+04,5.299980000000000000e+05,1.417235881090164185e-01,2.525154873728752136e-02,2.721104584634304047e-02,-4.317907243967056274e-02,-1.683542823791503906e+01,-2.584213447570800781e+01
2.222921093750000000e+04,5.304040000000000000e+05,5.669410899281501770e-02,1.325840502977371216e-01,5.111531913280487061e-02,-1.054930733516812325e-03,-1.682088088989257812e+01,-2.582712936401367188e+01
2.224669531250000000e+04,5.308340000000000000e+05,-1.082544177770614624e-01,-9.531281143426895142e-02,-4.563883692026138306e-02,2.293499559164047241e-02,-1.681862640380859375e+01,-2.583539772033691406e+01
2.226419335937500000e+04,5.312390000000000000e+05,-1.421359628438949585e-01,2.295604720711708069e-02,-1.134430244565010071e-02,4.977273568511009216e-02,-1.683408927917480469e+01,-2.584022521972656250e+01
2.228170507812500000e+04,5.316690000000000000e+05,-1.042947322130203247e-01,-9.954498708248138428e-02,-4.643712937831878662e-02,2.086612954735755920e-02,-1.682216644287109375e+01,-2.586398124694824219e+01
2.229923046875000000e+04,5.320740000000000000e+05,6.066332384943962097e-02,1.306196600198745728e-01,5.084605142474174500e-02,-2.663016784936189651e-03,-1.683159065246582031e+01,-2.586295890808105469e+01
2.231677148437500000e+04,5.325040000000000000e+05,1.317809224128723145e-01,5.888628214597702026e-02,3.660743683576583862e-02,-3.533656895160675049e-02,-1.681231307983398438e+01,-2.586905288696289062e+01
2.233432421875000000e+04,5.329090000000000000e+05,-1.372175663709640503e-01,4.442142695188522339e-02,-3.572561079636216164e-03,5.079702287912368774e-02,-1.681896591186523438e+01,-2.586180686950683594e+01
2.235189062500000000e+04,5.333390000000000000e+05,2.442401833832263947e-02,1.420110762119293213e-01,4.982940107583999634e-02,1.074369810521602631e-02,-1.682695770263671875e+01,-2.585294723510742188e+01
2.236947265625000000e+04,5.337450000000000000e+05,4.279582574963569641e-02,1.377658396959304810e-01,5.056500062346458435e-02,4.285452421754598618e-03,-1.681708908081054688e+01,-2.589191627502441406e+01
2.238706640625000000e+04,5.341740000000000000e+05,-1.268538981676101685e-01,-6.834566593170166016e-02,-3.901882842183113098e-02,3.256198763847351074e-02,-1.682709121704101562e+01,-2.587917327880859375e+01
2.240467578125000000e+04,5.346040000000000000e+05,1.317246109247207642e-01,5.839251354336738586e-02,3.645365312695503235e-02,-3.518887236714363098e-02,-1.682750511169433594e+01,-2.590552902221679688e+01
2.242229687500000000e+04,5.350090000000000000e+05,1.295138746500015259e-01,6.362615525722503662e-02,3.776472434401512146e-02,-3.376877307891845703e-02,-1.681474876403808594e+01,-2.590657997131347656e+01
2.243993359375000000e+04,5.354390000000000000e+05,-6.718768179416656494e-02,1.278923749923706055e-01,3.278277814388275146e-02,3.871808946132659912e-02,-1.680464172363281250e+01,-2.589425086975097656e+01
2.245758398437500000e+04,5.358680000000000000e+05,9.845960885286331177e-02,-1.054599434137344360e-01,-2.143942378461360931e-02,-4.596792161464691162e-02,-1.681600761413574219e+01,-2.589611053466796875e+01
2.247524804687500000e+04,5.362740000000000000e+05,3.460587188601493835e-02,-1.397592872381210327e-01,-4.089374467730522156e-02,-2.955412678420543671e-02,-1.683395957946777344e+01,-2.594185066223144531e+01
2.249292578125000000e+04,5.367030000000000000e+05,1.088082566857337952e-01,9.450104087591171265e-02,4.484069719910621643e-02,-2.304521016776561737e-02,-1.682570075988769531e+01,-2.594863891601562500e+01
2.251061718750000000e+04,5.371330000000000000e+05,1.300843060016632080e-01,-6.240485981106758118e-02,-3.282377496361732483e-03,-5.029128119349479675e-02,-1.681596565246582031e+01,-2.595168685913085938e+01
2.252832421875000000e+04,5.375390000000000000e+05,1.332442760467529297e-01,5.510894581675529480e-02,3.521577641367912292e-02,-3.610334917902946472e-02,-1.682123947143554688e+01,-2.594550704956054688e+01
2.254604296875000000e+04,5.379680000000000000e+05,-1.441728323698043823e-01,2.259662142023444176e-03,-1.808060705661773682e-02,4.704139381647109985e-02,-1.682126617431640625e+01,-2.595200347900390625e+01
2.256377734375000000e+04,5.383980000000000000e+05,-2.575105614960193634e-02,1.420013606548309326e-01,4.278100654482841492e-02,2.675230614840984344e-02,-1.681362915039062500e+01,-2.594158554077148438e+01
2.258152539062500000e+04,5.388270000000000000e+05,-4.610875621438026428e-02,1.364157348871231079e-01,3.841911628842353821e-02,3.282448649406433105e-02,-1.683290290832519531e+01,-2.592868423461914062e+01
2.259928710937500000e+04,5.392330000000000000e+05,7.925631105899810791e-02,-1.203117966651916504e-01,-2.872207388281822205e-02,-4.140161722898483276e-02,-1.682846069335937500e+01,-2.595328521728515625e+01
2.261706250000000000e+04,5.396620000000000000e+05,-5.856467410922050476e-02,-1.317149847745895386e-01,-5.024110898375511169e-02,2.022869419306516647e-03,-1.682382583618164062e+01,-2.597177886962890625e+01
2.263485156250000000e+04,5.400920000000000000e+05,1.435588896274566650e-01,1.548953913152217865e-02,2.356377430260181427e-02,-4.437842220067977905e-02,-1.680912971496582031e+01,-2.597790908813476562e+01
2.265265429687500000e+04,5.405210000000000000e+05,-1.334305386990308762e-02,-1.430756002664566040e-01,-4.834122583270072937e-02,-1.424521394073963165e-02,-1.685107994079589844e+01,-2.595200538635253906e+01
2.267047265625000000e+04,5.409270000000000000e+05,-7.501342147588729858e-02,-1.232387945055961609e-01,-4.951929301023483276e-02,8.338596671819686890e-03,-1.681627464294433594e+01,-2.598307800292968750e+01
2.268830273437500000e+04,5.413560000000000000e+05,3.684972971677780151e-02,-1.395475119352340698e-01,-4.025593027472496033e-02,-2.993436902761459351e-02,-1.681281280517578125e+01,-2.599184799194335938e+01
2.270614843750000000e+04,5.417860000000000000e+05,-3.720292076468467712e-02,1.392965614795684814e-01,4.022338986396789551e-02,3.000263869762420654e-02,-1.682195854187011719e+01,-2.598930549621582031e+01
2.272400781250000000e+04,5.422150000000000000e+05,9.708293946459889412e-04,1.444453299045562744e-01,4.666192084550857544e-02,1.840871572494506836e-02,-1.680573463439941406e+01,-2.599252319335937500e+01
2.274188281250000000e+04,5.426450000000000000e+05,-1.441663205623626709e-01,-7.738803047686815262e-03,-2.111551165580749512e-02,4.548642784357070923e-02,-1.681022834777832031e+01,-2.599482727050781250e+01
2.275976953125000000e+04,5.430740000000000000e+05,-1.308570057153701782e-02,1.434364169836044312e-01,4.478394985198974609e-02,2.256527543067932129e-02,-1.683081436157226562e+01,-2.599497604370117188e+01
2.277767187500000000e+04,5.435040000000000000e+05,-1.252136677503585815e-01,7.160264998674392700e-02,7.069999817758798599e-03,4.948921874165534973e-02,-1.681823921203613281e+01,-2.602204513549804688e+01
2.279558789062500000e+04,5.439330000000000000e+05,-2.196152321994304657e-02,-1.421706080436706543e-01,-4.866482317447662354e-02,-1.093750353902578354e-02,-1.684139060974121094e+01,-2.604168128967285156e+01
2.281351757812500000e+04,5.443630000000000000e+05,-1.358868032693862915e-01,-4.827801138162612915e-02,-3.294681385159492493e-02,3.764269500970840454e-02,-1.682020378112792969e+01,-2.601631927490234375e+01
2.283146093750000000e+04,5.447680000000000000e+05,-1.693981140851974487e-02,-1.430934071540832520e-01,-4.814102128148078918e-02,-1.269505172967910767e-02,-1.682716560363769531e+01,-2.605772018432617188e+01
2.284941992187500000e+04,5.451980000000000000e+05,-4.809495061635971069e-02,1.360211670398712158e-01,3.744626417756080627e-02,3.281750157475471497e-02,-1.681626129150390625e+01,-2.605686378479003906e+01
2.286739257812500000e+04,5.456270000000000000e+05,8.310285955667495728e-02,1.175960227847099304e-01,4.848811030387878418e-02,-1.162321399897336960e-02,-1.683297920227050781e+01,-2.604464530944824219e+01
2.288537890625000000e+04,5.460570000000000000e+05,-5.115849897265434265e-02,1.348477005958557129e-01,3.676792979240417480e-02,3.375747427344322205e-02,-1.681913757324218750e+01,-2.603548240661621094e+01
2.290337890625000000e+04,5.464860000000000000e+05,2.087186276912689209e-02,-1.424320936203002930e-01,-4.321626946330070496e-02,-2.468742802739143372e-02,-1.683557128906250000e+01,-2.606053924560546875e+01
2.292139257812500000e+04,5.469160000000000000e+05,-9.464383870363235474e-02,-1.082378327846527100e-01,-4.672205448150634766e-02,1.687226630747318268e-02,-1.684598731994628906e+01,-2.607721138000488281e+01
2.293942187500000000e+04,5.473450000000000000e+05,1.308159977197647095e-01,-6.073612719774246216e-02,-2.839434426277875900e-03,-4.939242079854011536e-02,-1.681901168823242188e+01,-2.611246299743652344e+01
2.295746484375000000e+04,5.477750000000000000e+05,-1.076400354504585266e-01,-9.550271928310394287e-02,-4.417272284626960754e-02,2.248224057257175446e-02,-1.683879661560058594e+01,-2.609651374816894531e+01
2.297552148437500000e+04,5.482280000000000000e+05,-7.476945221424102783e-02,-1.233719065785408020e-01,-4.893578216433525085e-02,8.352508768439292908e-03,-1.681705093383789062e+01,-2.608275604248046875e+01
2.299359375000000000e+04,5.486580000000000000e+05,1.437099874019622803e-01,-1.129456795752048492e-02,1.448571681976318359e-02,-4.741823300719261169e-02,-1.682351684570312500e+01,-2.609360694885253906e+01
2.301167968750000000e+04,5.490870000000000000e+05,-1.218156814575195312e-01,-7.718665897846221924e-02,-4.002714902162551880e-02,2.938204072415828705e-02,-1.682002639770507812e+01,-2.608098983764648438e+01
2.302977929687500000e+04,5.495170000000000000e+05,-5.171337351202964783e-02,-1.343711614608764648e-01,-4.944157600402832031e-02,-1.887845137389376760e-04,-1.683403205871582031e+01,-2.611808967590332031e+01
2.304789257812500000e+04,5.499460000000000000e+05,1.172730252146720886e-01,8.335196971893310547e-02,4.149054363369941711e-02,-2.694863453507423401e-02,-1.684018898010253906e+01,-2.611242675781250000e+01
2.306602148437500000e+04,5.503760000000000000e+05,8.870795369148254395e-02,-1.135316267609596252e-01,-2.528290823101997375e-02,-4.253986477851867676e-02,-1.682803344726562500e+01,-2.611035156250000000e+01
2.308416406250000000e+04,5.508050000000000000e+05,1.429702937602996826e-01,-1.573984511196613312e-02,1.275912206619977951e-02,-4.772575199604034424e-02,-1.684276390075683594e+01,-2.612513542175292969e+01
2.310232226562500000e+04,5.512350000000000000e+05,-1.230461001396179199e-01,7.465397566556930542e-02,8.342787623405456543e-03,4.857456311583518982e-02,-1.683745193481445312e+01,-2.614556312561035156e+01
2.312049218750000000e+04,5.516640000000000000e+05,-8.374561369419097900e-02,1.172311604022979736e-01,2.693115174770355225e-02,4.125009104609489441e-02,-1.682846450805664062e+01,-2.614955902099609375e+01
2.313867773437500000e+04,5.521180000000000000e+05,-1.040314733982086182e-01,-9.959824383258819580e-02,-4.467310756444931030e-02,2.077147178351879120e-02,-1.683141899108886719e+01,-2.614905166625976562e+01
2.315687695312500000e+04,5.525470000000000000e+05,1.200242340564727783e-02,1.434993296861648560e-01,4.735557734966278076e-02,1.395651325583457947e-02,-1.683272552490234375e+01,-2.613084793090820312e+01
2.317509179687500000e+04,5.529770000000000000e+05,5.027001723647117615e-02,1.350816488265991211e-01,4.917246475815773010e-02,7.154841441661119461e-04,-1.682477188110351562e+01,-2.616464233398437500e+01
2.319332031250000000e+04,5.534060000000000000e+05,-1.433572173118591309e-01,1.367287058383226395e-02,-1.344202458858489990e-02,4.728431254625320435e-02,-1.683227920532226562e+01,-2.616814041137695312e+01
2.321156250000000000e+04,5.538590000000000000e+05,3.506108373403549194e-02,1.394727677106857300e-01,4.870488867163658142e-02,6.030200980603694916e-03,-1.684408950805664062e+01,-2.618247985839843750e+01
2.322982031250000000e+04,5.542890000000000000e+05,4.890484735369682312e-02,1.355679184198379517e-01,4.906473308801651001e-02,1.153760240413248539e-03,-1.682556343078613281e+01,-2.618221092224121094e+01
2.324809179687500000e+04,5.547180000000000000e+05,-1.390097290277481079e-01,3.770574182271957397e-02,-5.080489441752433777e-03,4.881045222282409668e-02,-1.683077621459960938e+01,-2.618294525146484375e+01
2.326637695312500000e+04,5.551480000000000000e+05,-3.488454222679138184e-02,1.398566216230392456e-01,4.011295363306999207e-02,2.840172313153743744e-02,-1.682421112060546875e+01,-2.616955757141113281e+01
2.328467773437500000e+04,5.556010000000000000e+05,-8.826766908168792725e-02,1.137395352125167847e-01,2.525524422526359558e-02,4.202906042337417603e-02,-1.683445358276367188e+01,-2.619016838073730469e+01
2.330299218750000000e+04,5.560310000000000000e+05,3.168723359704017639e-02,-1.405799537897109985e-01,-4.070343077182769775e-02,-2.741543948650360107e-02,-1.682630348205566406e+01,-2.618275642395019531e+01
2.332132031250000000e+04,5.564600000000000000e+05,-1.010617390275001526e-01,-1.028565391898155212e-01,-4.489985853433609009e-02,1.927832886576652527e-02,-1.682084083557128906e+01,-2.622029113769531250e+01
2.333966406250000000e+04,5.569140000000000000e+05,1.279496699571609497e-01,-6.566023826599121094e-02,-5.131524987518787384e-03,-4.853231087327003479e-02,-1.684399414062500000e+01,-2.623109817504882812e+01
2.335802148437500000e+04,5.573430000000000000e+05,-1.113092154264450073e-01,-9.136106818914413452e-02,-4.234819486737251282e-02,2.410837635397911072e-02,-1.683262634277343750e+01,-2.624412536621093750e+01
2.337639453125000000e+04,5.577730000000000000e+05,-1.000466793775558472e-01,-1.035691425204277039e-01,-4.496046528220176697e-02,1.876231282949447632e-02,-1.683276939392089844e+01,-2.624616622924804688e+01
2.339478125000000000e+04,5.582260000000000000e+05,1.406737715005874634e-01,-3.163931146264076233e-02,7.281505037099123001e-03,-4.832190275192260742e-02,-1.682142257690429688e+01,-2.621960830688476562e+01
2.341318164062500000e+04,5.586550000000000000e+05,-9.545812010765075684e-02,-1.073618009686470032e-01,-4.560548439621925354e-02,1.720460690557956696e-02,-1.685315322875976562e+01,-2.624179458618164062e+01
2.343159765625000000e+04,5.591090000000000000e+05,-1.187036861665546894e-03,-1.442461460828781128e-01,-4.546232894062995911e-02,-1.732105016708374023e-02,-1.681762123107910156e+01,-2.625830650329589844e+01
2.345002929687500000e+04,5.595380000000000000e+05,5.441736057400703430e-02,1.333732455968856812e-01,4.869214072823524475e-02,-7.832012488506734371e-04,-1.682988739013671875e+01,-2.624969863891601562e+01
2.346847265625000000e+04,5.599680000000000000e+05,1.384222805500030518e-01,3.853762894868850708e-02,2.898016758263111115e-02,-3.917824849486351013e-02,-1.685166740417480469e+01,-2.624375534057617188e+01
2.348693164062500000e+04,5.604210000000000000e+05,2.260133251547813416e-02,1.422636061906814575e-01,4.758630320429801941e-02,1.015864033252000809e-02,-1.682987022399902344e+01,-2.625681686401367188e+01
2.350540625000000000e+04,5.608510000000000000e+05,-5.136475712060928345e-02,-1.346057802438735962e-01,-4.865349084138870239e-02,-3.058653965126723051e-04,-1.682834243774414062e+01,-2.625754928588867188e+01
2.352389453125000000e+04,5.613040000000000000e+05,-1.208900436758995056e-01,7.712529599666595459e-02,9.663164615631103516e-03,4.785977676510810852e-02,-1.686919593811035156e+01,-2.622705459594726562e+01
2.354239648437500000e+04,5.617340000000000000e+05,-1.020381003618240356e-01,-1.019140109419822693e-01,-4.459986463189125061e-02,1.972302794456481934e-02,-1.681973266601562500e+01,-2.623761367797851562e+01
2.356091406250000000e+04,5.621870000000000000e+05,-3.632018342614173889e-02,1.394262611865997314e-01,3.926199302077293396e-02,2.810546755790710449e-02,-1.682796859741210938e+01,-2.632379341125488281e+01
2.357944531250000000e+04,5.626160000000000000e+05,-7.315704971551895142e-02,1.239302009344100952e-01,2.997407689690589905e-02,3.792430832982063293e-02,-1.683806228637695312e+01,-2.631397247314453125e+01
2.359799218750000000e+04,5.630700000000000000e+05,6.766622513532638550e-02,-1.271675676107406616e-01,-3.170953318476676941e-02,-3.647365048527717590e-02,-1.682975387573242188e+01,-2.631560325622558594e+01
2.361655273437500000e+04,5.635230000000000000e+05,-1.784679293632507324e-02,-1.428001523017883301e-01,-4.683260247111320496e-02,-1.136176101863384247e-02,-1.683811569213867188e+01,-2.634066390991210938e+01
2.363512890625000000e+04,5.639530000000000000e+05,1.437870115041732788e-01,1.021714601665735245e-02,2.054543234407901764e-02,-4.393830150365829468e-02,-1.682373428344726562e+01,-2.628435325622558594e+01
2.365371875000000000e+04,5.644060000000000000e+05,-1.402793079614639282e-01,-3.065747395157814026e-02,-2.626456879079341888e-02,4.028540849685668945e-02,-1.685750007629394531e+01,-2.635872840881347656e+01
2.367232421875000000e+04,5.648350000000000000e+05,-1.407301723957061768e-01,3.084452264010906219e-02,-7.316958159208297729e-03,4.784497618675231934e-02,-1.682848739624023438e+01,-2.630286979675292969e+01
2.369094335937500000e+04,5.652890000000000000e+05,-1.088465079665184021e-01,-9.439583867788314819e-02,-4.253846406936645508e-02,2.270775847136974335e-02,-1.682811546325683594e+01,-2.633546638488769531e+01
2.370957812500000000e+04,5.657420000000000000e+05,-4.438180103898048401e-02,1.369664222002029419e-01,3.742866218090057373e-02,3.040651977062225342e-02,-1.683410263061523438e+01,-2.633490753173828125e+01
2.372822656250000000e+04,5.661720000000000000e+05,-1.115781664848327637e-01,9.061199426651000977e-02,1.501833926886320114e-02,4.543988034129142761e-02,-1.684864997863769531e+01,-2.640101242065429688e+01
2.374689062500000000e+04,5.666250000000000000e+05,-4.873650521039962769e-02,-1.354546546936035156e-01,-4.804408550262451172e-02,-7.921207579784095287e-04,-1.683543014526367188e+01,-2.636602210998535156e+01
2.376556835937500000e+04,5.670780000000000000e+05,-1.430762857198715210e-01,-1.648594066500663757e-02,-2.221617661416530609e-02,4.276882484555244446e-02,-1.683136749267578125e+01,-2.634000968933105469e+01
2.378426171875000000e+04,5.675080000000000000e+05,-7.271263748407363892e-02,-1.242518201470375061e-01,-4.731917008757591248e-02,7.941379211843013763e-03,-1.683491897583007812e+01,-2.637862777709960938e+01
2.380296875000000000e+04,5.679610000000000000e+05,-3.867829963564872742e-02,1.385920643806457520e-01,3.856882452964782715e-02,2.839116007089614868e-02,-1.683950614929199219e+01,-2.639480209350585938e+01
2.382169140625000000e+04,5.684150000000000000e+05,6.901152431964874268e-02,1.261841505765914917e-01,4.756938293576240540e-02,-6.633276119828224182e-03,-1.684343719482421875e+01,-2.636981201171875000e+01
2.384042773437500000e+04,5.688440000000000000e+05,-1.150850579142570496e-01,8.660137653350830078e-02,1.327588409185409546e-02,4.607786610722541809e-02,-1.683099746704101562e+01,-2.638381958007812500e+01
2.385917968750000000e+04,5.692970000000000000e+05,1.437536627054214478e-01,-4.591946024447679520e-03,1.551609952002763748e-02,-4.525265470147132874e-02,-1.684319305419921875e+01,-2.640439224243164062e+01
2.387794531250000000e+04,5.697510000000000000e+05,1.437240242958068848e-01,9.019623510539531708e-03,1.967939175665378571e-02,-4.353183135390281677e-02,-1.683234214782714844e+01,-2.641627502441406250e+01
2.389672656250000000e+04,5.702040000000000000e+05,-8.529744297266006470e-02,1.160468161106109619e-01,2.592455781996250153e-02,4.016153141856193542e-02,-1.683138465881347656e+01,-2.641107749938964844e+01
2.391552343750000000e+04,5.706570000000000000e+05,1.084045097231864929e-01,9.508423507213592529e-02,4.243457689881324768e-02,-2.250025980174541473e-02,-1.682092285156250000e+01,-2.636960983276367188e+01
2.393433398437500000e+04,5.710870000000000000e+05,1.032047346234321594e-01,1.000505462288856506e-01,4.333398491144180298e-02,-2.017890289425849915e-02,-1.684841728210449219e+01,-2.641109466552734375e+01
2.395316015625000000e+04,5.715400000000000000e+05,-9.993873536586761475e-02,-1.036072522401809692e-01,-4.378501325845718384e-02,1.879065297544002533e-02,-1.683563804626464844e+01,-2.643932723999023438e+01
2.397200000000000000e+04,5.719940000000000000e+05,-1.358805298805236816e-01,4.739909246563911438e-02,-1.262830104678869247e-03,4.779107868671417236e-02,-1.683815765380859375e+01,-2.641003036499023438e+01
2.399085546875000000e+04,5.724470000000000000e+05,-1.218598857522010803e-01,-7.682766020298004150e-02,-3.791184350848197937e-02,2.878164499998092651e-02,-1.682933425903320312e+01,-2.644799232482910156e+01
2.400972460937500000e+04,5.729000000000000000e+05,-7.046292535960674286e-03,1.431793123483657837e-01,4.383471980690956116e-02,1.877682469785213470e-02,-1.687188911437988281e+01,-2.643199729919433594e+01
2.402860937500000000e+04,5.733540000000000000e+05,-5.307561159133911133e-02,1.339437514543533325e-01,3.514615073800086975e-02,3.210385888814926147e-02,-1.682815551757812500e+01,-2.644757461547851562e+01
2.404750976562500000e+04,5.738070000000000000e+05,-6.740394234657287598e-02,-1.268388926982879639e-01,-4.730651155114173889e-02,6.217832677066326141e-03,-1.685471343994140625e+01,-2.642719459533691406e+01
2.406642382812500000e+04,5.742370000000000000e+05,-1.209123432636260986e-01,7.814830541610717773e-02,1.014112588018178940e-02,4.643353819847106934e-02,-1.683464431762695312e+01,-2.646099853515625000e+01
2.408535351562500000e+04,5.746900000000000000e+05,-1.232848614454269409e-01,-7.388189435005187988e-02,-3.717047721147537231e-02,2.958866953849792480e-02,-1.684918212890625000e+01,-2.646442604064941406e+01
2.410429882812500000e+04,5.751430000000000000e+05,3.872099146246910095e-02,1.388739198446273804e-01,4.730052500963211060e-02,4.223038908094167709e-03,-1.682244110107421875e+01,-2.646820068359375000e+01
2.412325781250000000e+04,5.755970000000000000e+05,1.419633477926254272e-01,2.502231672406196594e-02,2.424677088856697083e-02,-4.077191650867462158e-02,-1.682360458374023438e+01,-2.647768211364746094e+01
2.414223242187500000e+04,5.760500000000000000e+05,-4.305389523506164551e-02,1.373447030782699585e-01,3.743849694728851318e-02,2.904793433845043182e-02,-1.683668899536132812e+01,-2.648701667785644531e+01
2.416122070312500000e+04,5.765030000000000000e+05,1.393834948539733887e-01,3.623459115624427795e-02,2.733411826193332672e-02,-3.890232741832733154e-02,-1.683176422119140625e+01,-2.645786666870117188e+01
2.418022460937500000e+04,5.769570000000000000e+05,1.017976105213165283e-01,1.019115597009658813e-01,4.295549169182777405e-02,-1.940610446035861969e-02,-1.683008575439453125e+01,-2.653300857543945312e+01
2.419924414062500000e+04,5.774100000000000000e+05,-4.929482564330101013e-02,-1.352861672639846802e-01,-4.732615128159523010e-02,-6.979939062148332596e-04,-1.683351898193359375e+01,-2.649703216552734375e+01
2.421827734375000000e+04,5.778630000000000000e+05,-1.437539607286453247e-01,1.320905284956097603e-03,-1.596417836844921112e-02,4.458272457122802734e-02,-1.684723663330078125e+01,-2.649272537231445312e+01
2.423732617187500000e+04,5.783170000000000000e+05,3.298767283558845520e-02,-1.400392055511474609e-01,-3.932558745145797729e-02,-2.625437267124652863e-02,-1.684047317504882812e+01,-2.650568199157714844e+01
2.425639062500000000e+04,5.787700000000000000e+05,-1.131871789693832397e-01,8.779955655336380005e-02,1.401941012591123581e-02,4.496966674923896790e-02,-1.687820625305175781e+01,-2.653878974914550781e+01
2.427547070312500000e+04,5.792240000000000000e+05,-1.053441911935806274e-01,9.781356900930404663e-02,1.784335076808929443e-02,4.370199516415596008e-02,-1.684766960144042969e+01,-2.652036285400390625e+01
2.429456445312500000e+04,5.797010000000000000e+05,4.222992807626724243e-02,-1.365922093391418457e-01,-3.728399053215980530e-02,-2.869293838739395142e-02,-1.689502334594726562e+01,-2.654943847656250000e+01
2.431367187500000000e+04,5.801540000000000000e+05,-1.436752676963806152e-01,-9.365414269268512726e-03,-1.935733295977115631e-02,4.287768900394439697e-02,-1.683394622802734375e+01,-2.654978752136230469e+01
2.433279687500000000e+04,5.806070000000000000e+05,-1.007442474365234375e-01,-1.026423051953315735e-01,-4.312473163008689880e-02,1.902452483773231506e-02,-1.684347724914550781e+01,-2.653319549560546875e+01
2.435193554687500000e+04,5.810610000000000000e+05,1.105631887912750244e-01,9.276989102363586426e-02,4.116165637969970703e-02,-2.317685447633266449e-02,-1.681300926208496094e+01,-2.651413154602050781e+01
2.437108984375000000e+04,5.815140000000000000e+05,1.332138031721115112e-01,-5.408982560038566589e-02,-1.423773239366710186e-03,-4.698609933257102966e-02,-1.684625434875488281e+01,-2.655662536621093750e+01
2.439025781250000000e+04,5.819680000000000000e+05,1.917913928627967834e-02,1.427520066499710083e-01,4.591066017746925354e-02,1.044130884110927582e-02,-1.683066177368164062e+01,-2.654271697998046875e+01
2.440944335937500000e+04,5.824210000000000000e+05,1.304691582918167114e-01,-6.072277203202247620e-02,-3.854223759844899178e-03,-4.670922458171844482e-02,-1.683831405639648438e+01,-2.658247756958007812e+01
2.442864257812500000e+04,5.828980000000000000e+05,1.434823870658874512e-01,6.947074085474014282e-03,1.843883469700813293e-02,-4.302967339754104614e-02,-1.685385894775390625e+01,-2.659250068664550781e+01
2.444785742187500000e+04,5.833520000000000000e+05,-1.236168220639228821e-01,7.377690076828002930e-02,8.427700027823448181e-03,4.616045579314231873e-02,-1.683523368835449219e+01,-2.657219314575195312e+01
2.446708593750000000e+04,5.838050000000000000e+05,4.439694061875343323e-02,1.370030492544174194e-01,4.684378951787948608e-02,1.972390571609139442e-03,-1.683172035217285156e+01,-2.657926559448242188e+01
2.448633007812500000e+04,5.842580000000000000e+05,1.019022706896066666e-02,1.431910544633865356e-01,4.487381875514984131e-02,1.313915103673934937e-02,-1.685974311828613281e+01,-2.660290908813476562e+01
2.450558984375000000e+04,5.847350000000000000e+05,-3.159225359559059143e-02,-1.403921991586685181e-01,-4.640301689505577087e-02,-6.207883358001708984e-03,-1.683860969543457031e+01,-2.659203529357910156e+01
2.452486523437500000e+04,5.851890000000000000e+05,-7.011537998914718628e-02,-1.258397400379180908e-01,-4.630589485168457031e-02,7.248790003359317780e-03,-1.682944107055664062e+01,-2.658213043212890625e+01
2.454415625000000000e+04,5.856420000000000000e+05,1.432779431343078613e-01,-1.456253509968519211e-02,1.174707245081663132e-02,-4.515812918543815613e-02,-1.683177947998046875e+01,-2.662091827392578125e+01
2.456346093750000000e+04,5.860960000000000000e+05,-3.321572020649909973e-02,-1.400393843650817871e-01,-4.629405960440635681e-02,-5.518986843526363373e-03,-1.683729362487792969e+01,-2.662820625305175781e+01
2.458278125000000000e+04,5.865730000000000000e+05,5.879850685596466064e-02,-1.312436312437057495e-01,-3.343991562724113464e-02,-3.268333524465560913e-02,-1.684404182434082031e+01,-2.660264778137207031e+01
2.460211718750000000e+04,5.870260000000000000e+05,-1.016830578446388245e-01,1.019389852881431580e-01,1.952626742422580719e-02,4.232831671833992004e-02,-1.683379745483398438e+01,-2.662947845458984375e+01
2.462146679687500000e+04,5.874790000000000000e+05,5.153555050492286682e-02,1.342489868402481079e-01,4.663728922605514526e-02,-5.315449088811874390e-04,-1.684476661682128906e+01,-2.662477111816406250e+01
2.464083398437500000e+04,5.879570000000000000e+05,-1.406166851520538330e-01,3.102737106382846832e-02,-6.284770090132951736e-03,4.608558490872383118e-02,-1.683280181884765625e+01,-2.664867401123046875e+01
2.466021484375000000e+04,5.884100000000000000e+05,1.201327145099639893e-01,7.857794314622879028e-02,3.714523836970329285e-02,-2.778700366616249084e-02,-1.685998725891113281e+01,-2.667180824279785156e+01
2.467961132812500000e+04,5.888870000000000000e+05,1.440280973911285400e-01,-3.875118214637041092e-03,1.501880306750535965e-02,-4.392196610569953918e-02,-1.682791328430175781e+01,-2.666612625122070312e+01
2.469902343750000000e+04,5.893410000000000000e+05,-1.361114382743835449e-01,4.707853496074676514e-02,-9.586742962710559368e-04,4.655806347727775574e-02,-1.683134460449218750e+01,-2.663825988769531250e+01
2.471845117187500000e+04,5.897940000000000000e+05,-1.733501255512237549e-02,1.429315209388732910e-01,4.150285944342613220e-02,2.129220031201839447e-02,-1.683402252197265625e+01,-2.662371826171875000e+01
2.473789257812500000e+04,5.902710000000000000e+05,-1.111489981412887573e-01,9.124418348073959351e-02,1.519779115915298462e-02,4.383156076073646545e-02,-1.684457778930664062e+01,-2.667121696472167969e+01
2.475734960937500000e+04,5.907250000000000000e+05,1.403981596231460571e-01,-3.215444460511207581e-02,6.011136807501316071e-03,-4.594314843416213989e-02,-1.683075141906738281e+01,-2.668186950683593750e+01
2.477682226562500000e+04,5.912020000000000000e+05,4.115508869290351868e-02,-1.378918141126632690e-01,-3.714493289589881897e-02,-2.783050015568733215e-02,-1.683864212036132812e+01,-2.666697311401367188e+01
2.479631054687500000e+04,5.916550000000000000e+05,1.376688182353973389e-01,4.152806475758552551e-02,2.767888456583023071e-02,-3.684083372354507446e-02,-1.684506607055664062e+01,-2.672974777221679688e+01
2.481581445312500000e+04,5.921320000000000000e+05,-3.056829236447811127e-02,-1.403690576553344727e-01,-4.590436443686485291e-02,-6.253658793866634369e-03,-1.685334587097167969e+01,-2.668305969238281250e+01
2.483533398437500000e+04,5.925860000000000000e+05,1.236806660890579224e-01,-7.318731397390365601e-02,-8.373426273465156555e-03,-4.561527073383331299e-02,-1.685010719299316406e+01,-2.667386245727539062e+01
2.485486718750000000e+04,5.930630000000000000e+05,-1.393068283796310425e-01,3.563714772462844849e-02,-4.537657834589481354e-03,4.587098211050033569e-02,-1.684525108337402344e+01,-2.672694778442382812e+01
2.487441796875000000e+04,5.935160000000000000e+05,-1.000844016671180725e-01,1.034100428223609924e-01,2.005983330309391022e-02,4.164105281233787537e-02,-1.683808898925781250e+01,-2.670322608947753906e+01
2.489398242187500000e+04,5.939930000000000000e+05,-1.134717687964439392e-01,-8.851771801710128784e-02,-3.908760473132133484e-02,2.454458363354206085e-02,-1.683794212341308594e+01,-2.671563911437988281e+01
2.491356250000000000e+04,5.944710000000000000e+05,3.253206610679626465e-02,1.397434324026107788e-01,4.589157178997993469e-02,5.516086239367723465e-03,-1.686416244506835938e+01,-2.670304489135742188e+01
2.493315820312500000e+04,5.949240000000000000e+05,-5.177140608429908752e-02,1.342028081417083740e-01,3.466473147273063660e-02,3.009068965911865234e-02,-1.684225463867187500e+01,-2.676316261291503906e+01
2.495276953125000000e+04,5.954010000000000000e+05,3.094602562487125397e-02,-1.405208110809326172e-01,-3.869016095995903015e-02,-2.474413998425006866e-02,-1.683950805664062500e+01,-2.675882148742675781e+01
2.497239648437500000e+04,5.958550000000000000e+05,-1.329358220100402832e-01,-5.501891300082206726e-02,-3.106509707868099213e-02,3.401502594351768494e-02,-1.684050369262695312e+01,-2.673241806030273438e+01
2.499203906250000000e+04,5.963320000000000000e+05,-6.054546684026718140e-02,-1.303953528404235840e-01,-4.584598913788795471e-02,3.946127369999885559e-03,-1.684686851501464844e+01,-2.674191665649414062e+01
2.501169726562500000e+04,5.968090000000000000e+05,-2.435708977282047272e-02,1.417426615953445435e-01,3.981977701187133789e-02,2.260022051632404327e-02,-1.684360313415527344e+01,-2.678528976440429688e+01
2.503136914062500000e+04,5.972620000000000000e+05,8.936297148466110229e-03,1.435274779796600342e-01,4.415706172585487366e-02,1.292120572179555893e-02,-1.684449577331542969e+01,-2.674319458007812500e+01
2.505105859375000000e+04,5.977400000000000000e+05,-1.289306879043579102e-01,-6.293290853500366211e-02,-3.279950842261314392e-02,3.199895471334457397e-02,-1.686477279663085938e+01,-2.677834320068359375e+01
2.507076171875000000e+04,5.982170000000000000e+05,-3.893535584211349487e-02,1.383556723594665527e-01,3.710609301924705505e-02,2.676613256335258484e-02,-1.684906387329101562e+01,-2.679170989990234375e+01
2.509048046875000000e+04,5.986700000000000000e+05,-1.205081567168235779e-01,7.898315787315368652e-02,1.033042278140783310e-02,4.445828869938850403e-02,-1.682761001586914062e+01,-2.681257247924804688e+01
2.511021679687500000e+04,5.991470000000000000e+05,-1.419833600521087646e-01,2.171600796282291412e-02,-8.732394315302371979e-03,4.477304592728614807e-02,-1.685482597351074219e+01,-2.681752967834472656e+01
2.512996679687500000e+04,5.996250000000000000e+05,2.406480535864830017e-02,1.410680562257766724e-01,4.500581696629524231e-02,8.411905728280544281e-03,-1.688684654235839844e+01,-2.678549957275390625e+01
2.514973242187500000e+04,6.001020000000000000e+05,-7.269578427076339722e-02,-1.209185123443603516e-01,-4.412361606955528259e-02,8.619402535259723663e-03,-1.701016807556152344e+01,-2.694393348693847656e+01
2.516951367187500000e+04,6.005790000000000000e+05,-1.223767250776290894e-01,-7.195060700178146362e-02,-3.480664640665054321e-02,2.881624922156333923e-02,-1.695661354064941406e+01,-2.689970016479492188e+01
2.518931054687500000e+04,6.010320000000000000e+05,1.240355297923088074e-01,6.340568512678146362e-02,3.289717063307762146e-02,-3.046683967113494873e-02,-1.712084197998046875e+01,-2.696706390380859375e+01
2.520912500000000000e+04,6.015100000000000000e+05,-6.384042650461196899e-02,-1.255349367856979370e-01,-4.481409117579460144e-02,5.326764192432165146e-03,-1.702576065063476562e+01,-2.691077804565429688e+01
2.522895312500000000e+04,6.019870000000000000e+05,1.115043461322784424e-01,8.364994078874588013e-02,3.719552978873252869e-02,-2.423899061977863312e-02,-1.711515235900878906e+01,-2.705305290222167969e+01
2.524879687500000000e+04,6.024640000000000000e+05,-8.316142112016677856e-02,1.143862307071685791e-01,2.516119927167892456e-02,3.728385269641876221e-02,-1.698969268798828125e+01,-2.693967437744140625e+01
2.526865625000000000e+04,6.029410000000000000e+05,5.525219440460205078e-02,1.128455474972724915e-01,4.026718437671661377e-02,-4.210977815091609955e-03,-1.801702499389648438e+01,-2.785373687744140625e+01
2.528853125000000000e+04,6.034190000000000000e+05,1.351101100444793701e-01,-1.359821017831563950e-02,1.075113750994205475e-02,-4.198815673589706421e-02,-1.734247207641601562e+01,-2.726167488098144531e+01
2.530842187500000000e+04,6.038720000000000000e+05,6.884200870990753174e-02,1.232795566320419312e-01,4.417356476187705994e-02,-7.182274479418992996e-03,-1.700338554382324219e+01,-2.698343276977539062e+01
2.532832812500000000e+04,6.043490000000000000e+05,1.363978683948516846e-01,-2.689412795007228851e-02,6.783949211239814758e-03,-4.352392628788948059e-02,-1.713820457458496094e+01,-2.712118911743164062e+01
2.534825000000000000e+04,6.048260000000000000e+05,1.184006631374359131e-01,-2.646804787218570709e-02,5.201586987823247910e-03,-3.885288536548614502e-02,-1.832113647460937500e+01,-2.813438224792480469e+01
2.536818750000000000e+04,6.053040000000000000e+05,-2.514599123969674110e-03,-1.256918013095855713e-01,-3.823795914649963379e-02,-1.323269400745630264e-02,-1.801212501525878906e+01,-2.785886001586914062e+01
2.538814062500000000e+04,6.057810000000000000e+05,-8.336713910102844238e-02,1.020720899105072021e-01,2.156782709062099457e-02,3.618960082530975342e-02,-1.760230636596679688e+01,-2.750836372375488281e+01
2.540810937500000000e+04,6.062580000000000000e+05,9.290799498558044434e-02,5.356315523386001587e-02,2.643121220171451569e-02,-2.215962857007980347e-02,-1.939267921447753906e+01,-2.924577903747558594e+01
2.542809570312500000e+04,6.067350000000000000e+05,-2.301237732172012329e-02,1.343553811311721802e-01,3.746293857693672180e-02,2.126007527112960815e-02,-1.730932426452636719e+01,-2.731547927856445312e+01
2.544809570312500000e+04,6.072120000000000000e+05,-1.316274702548980713e-01,5.496979132294654846e-02,2.286365488544106483e-03,4.488480836153030396e-02,-1.691489601135253906e+01,-2.694675827026367188e+01
2.546811132812500000e+04,6.076900000000000000e+05,-6.989447027444839478e-02,-9.796340763568878174e-02,-3.715820983052253723e-02,9.989803656935691833e-03,-1.839169502258300781e+01,-2.829583168029785156e+01
2.548814453125000000e+04,6.081670000000000000e+05,1.065129041671752930e-01,-6.651311367750167847e-02,-8.459153585135936737e-03,-3.920840844511985779e-02,-1.802196121215820312e+01,-2.793482780456542969e+01
2.550819140625000000e+04,6.086440000000000000e+05,1.695232838392257690e-02,-1.349786967039108276e-01,-3.836872428655624390e-02,-1.979860849678516388e-02,-1.732672691345214844e+01,-2.729520606994628906e+01
2.552825390625000000e+04,6.091210000000000000e+05,-1.272817701101303101e-01,5.017511174082756042e-02,1.113004749640822411e-03,4.321044310927391052e-02,-1.727736282348632812e+01,-2.728534507751464844e+01
2.554833398437500000e+04,6.095990000000000000e+05,-1.024797633290290833e-01,-9.712773561477661133e-02,-3.960194811224937439e-02,2.031840942800045013e-02,-1.700364303588867188e+01,-2.703082275390625000e+01
2.556842968750000000e+04,6.100760000000000000e+05,-1.275787949562072754e-01,-4.582262784242630005e-02,-2.729266881942749023e-02,3.311058506369590759e-02,-1.735747528076171875e+01,-2.734898757934570312e+01
2.558854101562500000e+04,6.105770000000000000e+05,-3.995370864868164062e-02,1.377912014722824097e-01,3.647264838218688965e-02,2.647235617041587830e-02,-1.686497306823730469e+01,-2.692281532287597656e+01
2.560866601562500000e+04,6.110540000000000000e+05,9.405343234539031982e-02,-1.045707389712333679e-01,-2.080892585217952728e-02,-3.878860548138618469e-02,-1.703749847412109375e+01,-2.712743377685546875e+01
2.562880859375000000e+04,6.115310000000000000e+05,-3.875195607542991638e-02,1.327478438615798950e-01,3.530937433242797852e-02,2.555017359554767609e-02,-1.718428039550781250e+01,-2.721346282958984375e+01
2.564896679687500000e+04,6.120080000000000000e+05,3.333920612931251526e-02,1.309899091720581055e-01,4.247617349028587341e-02,3.923827782273292542e-03,-1.738264846801757812e+01,-2.740018844604492188e+01
2.566914257812500000e+04,6.124860000000000000e+05,-7.123605906963348389e-02,1.238037049770355225e-01,2.894181385636329651e-02,3.390157595276832581e-02,-1.690328598022460938e+01,-2.701814270019531250e+01
2.568933203125000000e+04,6.129630000000000000e+05,-1.425718069076538086e-01,1.176998205482959747e-02,-1.155978627502918243e-02,4.310449585318565369e-02,-1.688982772827148438e+01,-2.700792312622070312e+01
2.570953710937500000e+04,6.134640000000000000e+05,-1.158980727195739746e-01,8.481664210557937622e-02,1.276313140988349915e-02,4.276191443204879761e-02,-1.685580253601074219e+01,-2.700824356079101562e+01
2.572975976562500000e+04,6.139410000000000000e+05,-1.009509563446044922e-01,-1.025998964905738831e-01,-4.072858393192291260e-02,1.886929385364055634e-02,-1.683655548095703125e+01,-2.695753288269042969e+01
2.574999804687500000e+04,6.144180000000000000e+05,-1.430221796035766602e-01,-1.331411860883235931e-02,-1.862902939319610596e-02,4.050341993570327759e-02,-1.685445785522460938e+01,-2.701678085327148438e+01
2.577025195312500000e+04,6.148960000000000000e+05,-1.096700131893157959e-01,9.290621429681777954e-02,1.583592966198921204e-02,4.173009097576141357e-02,-1.684889030456542969e+01,-2.700671958923339844e+01
2.579052148437500000e+04,6.153970000000000000e+05,-1.228956356644630432e-01,-7.392613589763641357e-02,-3.442770987749099731e-02,2.856126241385936737e-02,-1.686799240112304688e+01,-2.698749923706054688e+01
2.581080664062500000e+04,6.158740000000000000e+05,7.688170671463012695e-02,1.212829425930976868e-01,4.357032477855682373e-02,-9.924695827066898346e-03,-1.685704040527343750e+01,-2.699649620056152344e+01
2.583110742187500000e+04,6.163510000000000000e+05,1.142425015568733215e-01,8.721767365932464600e-02,3.716387599706649780e-02,-2.442210726439952850e-02,-1.684906005859375000e+01,-2.703863143920898438e+01
2.585142578125000000e+04,6.168280000000000000e+05,-4.915151000022888184e-02,-1.344040930271148682e-01,-4.469349235296249390e-02,6.000012508593499660e-04,-1.688663101196289062e+01,-2.699433135986328125e+01
2.587175976562500000e+04,6.173290000000000000e+05,-6.004389142617583275e-04,-1.433959454298019409e-01,-4.192486777901649475e-02,-1.461040042340755463e-02,-1.686918640136718750e+01,-2.705278587341308594e+01
2.589210937500000000e+04,6.178070000000000000e+05,-1.074970141053199768e-01,9.561127424240112305e-02,1.687378436326980591e-02,4.126935824751853943e-02,-1.684090042114257812e+01,-2.701608848571777344e+01
2.591247460937500000e+04,6.182840000000000000e+05,-3.684347495436668396e-02,1.390385031700134277e-01,3.665011748671531677e-02,2.517745085060596466e-02,-1.684257316589355469e+01,-2.703963851928710938e+01
2.593285546875000000e+04,6.187850000000000000e+05,-1.431502252817153931e-01,1.305812038481235504e-02,-1.069866307079792023e-02,4.272170737385749817e-02,-1.684817123413085938e+01,-2.712286758422851562e+01
2.595325390625000000e+04,6.192620000000000000e+05,-1.208270806819200516e-02,1.432168036699295044e-01,4.051515832543373108e-02,1.808782666921615601e-02,-1.684931755065917969e+01,-2.705831909179687500e+01
2.597366601562500000e+04,6.197630000000000000e+05,7.646129280328750610e-02,1.216236576437950134e-01,4.333039745688438416e-02,-9.848490357398986816e-03,-1.685318756103515625e+01,-2.704539299011230469e+01
2.599409570312500000e+04,6.202400000000000000e+05,1.666072197258472443e-02,1.424877643585205078e-01,4.322100803256034851e-02,1.008317805826663971e-02,-1.686547470092773438e+01,-2.705594062805175781e+01
2.601454101562500000e+04,6.207420000000000000e+05,4.819325357675552368e-02,-1.351509392261505127e-01,-3.443179279565811157e-02,-2.778168022632598877e-02,-1.686378097534179688e+01,-2.708327102661132812e+01
2.603500390625000000e+04,6.212190000000000000e+05,6.952384859323501587e-02,-1.253613382577896118e-01,-2.932971902191638947e-02,-3.279140591621398926e-02,-1.687208747863769531e+01,-2.713204956054687500e+01
2.605548242187500000e+04,6.216960000000000000e+05,7.951186597347259521e-02,1.195659115910530090e-01,4.265315085649490356e-02,-1.088627148419618607e-02,-1.685750389099121094e+01,-2.712690544128417969e+01
2.607597460937500000e+04,6.221970000000000000e+05,1.097083389759063721e-01,9.262526780366897583e-02,3.803671523928642273e-02,-2.245759777724742889e-02,-1.685808944702148438e+01,-2.709712600708007812e+01
2.609648632812500000e+04,6.226740000000000000e+05,-1.371698677539825439e-01,4.228441789746284485e-02,-1.573360525071620941e-03,4.386348277330398560e-02,-1.686058044433593750e+01,-2.715235137939453125e+01
2.611701171875000000e+04,6.231750000000000000e+05,3.091539070010185242e-02,1.399797350168228149e-01,4.373203963041305542e-02,5.265030078589916229e-03,-1.687186431884765625e+01,-2.712150764465332031e+01
2.613755468750000000e+04,6.236760000000000000e+05,-9.117276221513748169e-02,1.108810976147651672e-01,2.291127108037471771e-02,3.743998706340789795e-02,-1.685983276367187500e+01,-2.715190696716308594e+01
2.615811328125000000e+04,6.241540000000000000e+05,7.290690392255783081e-02,-1.236789152026176453e-01,-2.838396467268466949e-02,-3.346313908696174622e-02,-1.685882186889648438e+01,-2.715472030639648438e+01
2.617868750000000000e+04,6.246550000000000000e+05,6.926683336496353149e-02,-1.259448230266571045e-01,-2.929745055735111237e-02,-3.254648670554161072e-02,-1.684869956970214844e+01,-2.717238616943359375e+01
2.619927734375000000e+04,6.251320000000000000e+05,-3.195102885365486145e-02,1.399528384208679199e-01,3.714689984917640686e-02,2.324787713587284088e-02,-1.685971260070800781e+01,-2.716618347167968750e+01
2.621988476562500000e+04,6.256330000000000000e+05,1.120876371860504150e-01,9.001068770885467529e-02,3.721615672111511230e-02,-2.334130369126796722e-02,-1.684752845764160156e+01,-2.714474487304687500e+01
2.624050781250000000e+04,6.261340000000000000e+05,-1.261720657348632812e-01,6.877388060092926025e-02,7.175692357122898102e-03,4.324489831924438477e-02,-1.685095977783203125e+01,-2.716334342956542969e+01
2.626114843750000000e+04,6.266110000000000000e+05,7.911393046379089355e-02,1.199671179056167603e-01,4.269390553236007690e-02,-1.085142511874437332e-02,-1.685056304931640625e+01,-2.712081146240234375e+01
2.628180468750000000e+04,6.271120000000000000e+05,-6.484118290245532990e-03,1.436620801687240601e-01,4.066848009824752808e-02,1.619964651763439178e-02,-1.684431838989257812e+01,-2.717524337768554688e+01
2.630247656250000000e+04,6.275900000000000000e+05,3.715542331337928772e-02,-1.384819149971008301e-01,-3.621105849742889404e-02,-2.446376718580722809e-02,-1.687023925781250000e+01,-2.719031143188476562e+01
2.632316406250000000e+04,6.280910000000000000e+05,-7.929697632789611816e-02,-1.197368800640106201e-01,-4.237762838602066040e-02,1.093514543026685715e-02,-1.685607528686523438e+01,-2.717731285095214844e+01
2.634386914062500000e+04,6.285920000000000000e+05,1.098185777664184570e-01,-9.230012446641921997e-02,-1.565671898424625397e-02,-4.097252339124679565e-02,-1.686566543579101562e+01,-2.715822029113769531e+01
2.636458984375000000e+04,6.290930000000000000e+05,-8.346465229988098145e-02,1.164172813296318054e-01,2.536546252667903900e-02,3.571445867419242859e-02,-1.687836837768554688e+01,-2.716941070556640625e+01
2.638532617187500000e+04,6.295700000000000000e+05,-1.061576083302497864e-01,9.610440582036972046e-02,1.701973937451839447e-02,4.008349403738975525e-02,-1.688129615783691406e+01,-2.722079849243164062e+01
2.640608007812500000e+04,6.300710000000000000e+05,-1.207510679960250854e-01,-7.769472151994705200e-02,-3.433044627308845520e-02,2.698884159326553345e-02,-1.685768318176269531e+01,-2.719654464721679688e+01
2.642684960937500000e+04,6.305720000000000000e+05,3.511682525277137756e-02,1.393056660890579224e-01,4.339535906910896301e-02,3.856506198644638062e-03,-1.685305786132812500e+01,-2.721697044372558594e+01
2.644763671875000000e+04,6.310730000000000000e+05,-2.515471726655960083e-02,1.418522149324417114e-01,3.819700703024864197e-02,2.136893942952156067e-02,-1.682881164550781250e+01,-2.717685508728027344e+01
2.646843750000000000e+04,6.315510000000000000e+05,-1.004872173070907593e-01,-1.018409058451652527e-01,-3.924671933054924011e-02,1.863627508282661438e-02,-1.688898086547851562e+01,-2.724086380004882812e+01
2.648925781250000000e+04,6.320520000000000000e+05,-7.167799770832061768e-02,-1.229252517223358154e-01,-4.240561276674270630e-02,8.444455452263355255e-03,-1.693610382080078125e+01,-2.728264045715332031e+01
2.651009179687500000e+04,6.325530000000000000e+05,-2.813410945236682892e-02,1.395261436700820923e-01,3.743172436952590942e-02,2.195328474044799805e-02,-1.693380546569824219e+01,-2.725131034851074219e+01
2.653094335937500000e+04,6.330540000000000000e+05,-6.200657784938812256e-02,1.280553340911865234e-01,3.079643100500106812e-02,3.039471991360187531e-02,-1.693725395202636719e+01,-2.727634239196777344e+01
2.655181250000000000e+04,6.335550000000000000e+05,-1.126306876540184021e-01,-8.171956986188888550e-02,-3.462409600615501404e-02,2.405744977295398712e-02,-1.713010406494140625e+01,-2.750168800354003906e+01
2.657269531250000000e+04,6.340560000000000000e+05,-1.397896260023117065e-01,3.048072196543216705e-02,-5.130530800670385361e-03,4.293894395232200623e-02,-1.688877677917480469e+01,-2.728140830993652344e+01
2.659359765625000000e+04,6.345570000000000000e+05,-1.246495842933654785e-01,-5.427462235093116760e-02,-2.813163399696350098e-02,3.023177012801170349e-02,-1.733221435546875000e+01,-2.768186759948730469e+01
2.661451367187500000e+04,6.350580000000000000e+05,1.330268085002899170e-01,5.007671192288398743e-02,2.756755240261554718e-02,-3.312292322516441345e-02,-1.694566726684570312e+01,-2.731165122985839844e+01
2.663544726562500000e+04,6.355350000000000000e+05,-1.202259138226509094e-01,-7.657063007354736328e-02,-3.367044776678085327e-02,2.693974226713180542e-02,-1.692133331298828125e+01,-2.730615806579589844e+01
2.665639843750000000e+04,6.360360000000000000e+05,4.252684861421585083e-02,1.289085298776626587e-01,4.120967164635658264e-02,4.697249387390911579e-04,-1.734570312500000000e+01,-2.769945144653320312e+01
2.667736523437500000e+04,6.365380000000000000e+05,-1.238358691334724426e-01,4.959591664373874664e-03,-1.092132646590471268e-02,3.638196736574172974e-02,-1.813611030578613281e+01,-2.840756988525390625e+01
2.669834765625000000e+04,6.370390000000000000e+05,1.245379000902175903e-01,-2.269628085196018219e-02,5.978905130177736282e-03,-3.808848559856414795e-02,-1.795207214355468750e+01,-2.827840805053710938e+01
2.671934765625000000e+04,6.375400000000000000e+05,-1.301137953996658325e-01,8.382274769246578217e-03,-1.057832967489957809e-02,3.832529112696647644e-02,-1.769554710388183594e+01,-2.801142501831054688e+01
2.674036328125000000e+04,6.380410000000000000e+05,-1.288813650608062744e-01,-4.369307309389114380e-02,-2.517361007630825043e-02,3.258445486426353455e-02,-1.732370758056640625e+01,-2.770713043212890625e+01
2.676139648437500000e+04,6.385420000000000000e+05,4.662542045116424561e-02,-1.302788853645324707e-01,-3.276985138654708862e-02,-2.611404843628406525e-02,-1.717910194396972656e+01,-2.755523490905761719e+01
2.678244531250000000e+04,6.390430000000000000e+05,6.135087832808494568e-02,9.103122353553771973e-02,3.244537487626075745e-02,-8.358940482139587402e-03,-1.918990898132324219e+01,-2.949785041809082031e+01
2.680351171875000000e+04,6.395680000000000000e+05,-1.344736069440841675e-01,-6.597709842026233673e-03,-1.532380189746618271e-02,3.766877576708793640e-02,-1.741681671142578125e+01,-2.781528663635253906e+01
2.682459375000000000e+04,6.400690000000000000e+05,1.120807752013206482e-01,3.657667338848114014e-02,2.176985517144203186e-02,-2.856021001935005188e-02,-1.856986618041992188e+01,-2.889540863037109375e+01
2.684569140625000000e+04,6.405700000000000000e+05,-3.006898239254951477e-02,-1.149629801511764526e-01,-3.599821031093597412e-02,-2.965761115774512291e-03,-1.850145912170410156e+01,-2.884500312805175781e+01
2.686680859375000000e+04,6.410710000000000000e+05,1.957850903272628784e-02,1.245057284832000732e-01,3.760321065783500671e-02,6.783921737223863602e-03,-1.799012947082519531e+01,-2.835640335083007812e+01
2.688793945312500000e+04,6.415720000000000000e+05,1.366828233003616333e-01,-7.111590355634689331e-03,1.150589995086193085e-02,-3.968073427677154541e-02,-1.727397918701171875e+01,-2.767780113220214844e+01
2.690908789062500000e+04,6.420730000000000000e+05,-1.374561637639999390e-01,2.812295965850353241e-02,-5.372749641537666321e-03,4.162451997399330139e-02,-1.705862426757812500e+01,-2.754125404357910156e+01
2.693025390625000000e+04,6.425740000000000000e+05,1.241013109683990479e-01,-6.852643936872482300e-02,-7.311063352972269058e-03,-4.182683676481246948e-02,-1.696868705749511719e+01,-2.744019699096679688e+01
2.695143554687500000e+04,6.430750000000000000e+05,-1.020912155508995056e-01,9.633055329322814941e-02,1.758729107677936554e-02,3.857332840561866760e-02,-1.705485534667968750e+01,-2.745399856567382812e+01
2.697263476562500000e+04,6.436000000000000000e+05,1.246066614985466003e-01,-5.933147296309471130e-02,-4.498566966503858566e-03,-4.124824330210685730e-02,-1.720172500610351562e+01,-2.764054107666015625e+01
2.699384960937500000e+04,6.441010000000000000e+05,3.952184692025184631e-02,1.328327804803848267e-01,4.157112911343574524e-02,1.673198421485722065e-03,-1.716551208496093750e+01,-2.761713409423828125e+01
2.701508203125000000e+04,6.446030000000000000e+05,-1.132685765624046326e-01,8.146172016859054565e-02,1.205059513449668884e-02,3.989564254879951477e-02,-1.710728073120117188e+01,-2.760230255126953125e+01
2.703633007812500000e+04,6.451040000000000000e+05,-3.978288546204566956e-02,-1.373377591371536255e-01,-4.248438403010368347e-02,-1.934826723299920559e-03,-1.689426803588867188e+01,-2.742641448974609375e+01
2.705759570312500000e+04,6.456290000000000000e+05,-1.172245293855667114e-01,-8.239075541496276855e-02,-3.445405885577201843e-02,2.525176666676998138e-02,-1.687614631652832031e+01,-2.738800430297851562e+01
2.707887890625000000e+04,6.461300000000000000e+05,-4.941789433360099792e-03,1.427452266216278076e-01,3.985407948493957520e-02,1.515249069780111313e-02,-1.690356826782226562e+01,-2.740419197082519531e+01
2.710017773437500000e+04,6.466310000000000000e+05,1.349358856678009033e-01,4.766437411308288574e-02,2.622084319591522217e-02,-3.359207138419151306e-02,-1.688678932189941406e+01,-2.740893936157226562e+01
2.712149414062500000e+04,6.471320000000000000e+05,1.100440621376037598e-01,9.215968102216720581e-02,3.637631610035896301e-02,-2.227939665317535400e-02,-1.686067390441894531e+01,-2.740022277832031250e+01
2.714282617187500000e+04,6.476570000000000000e+05,-8.694592118263244629e-02,1.139559671282768250e-01,2.373046055436134338e-02,3.519065305590629578e-02,-1.687282180786132812e+01,-2.744361686706542969e+01
2.716417578125000000e+04,6.481580000000000000e+05,1.385761797428131104e-01,3.643889352679252625e-02,2.341595292091369629e-02,-3.560697287321090698e-02,-1.687586784362792969e+01,-2.740845108032226562e+01
2.718554101562500000e+04,6.486830000000000000e+05,1.121986508369445801e-01,8.935559540987014771e-02,3.542905673384666443e-02,-2.326525375247001648e-02,-1.686703109741210938e+01,-2.745575141906738281e+01
2.720692382812500000e+04,6.491840000000000000e+05,6.112822517752647400e-02,-1.299958974123001099e-01,-3.072671964764595032e-02,-2.953205071389675140e-02,-1.685383033752441406e+01,-2.740818786621093750e+01
2.722832421875000000e+04,6.496850000000000000e+05,1.072244122624397278e-01,-9.572535008192062378e-02,-1.667364500463008881e-02,-3.887657076120376587e-02,-1.684860801696777344e+01,-2.747293090820312500e+01
2.724974023437500000e+04,6.502100000000000000e+05,-1.355107575654983521e-01,4.710665717720985413e-02,4.430887056514620781e-04,4.245695099234580994e-02,-1.686507987976074219e+01,-2.744054985046386719e+01
2.727117382812500000e+04,6.507110000000000000e+05,-9.213429689407348633e-02,1.101058050990104675e-01,2.216467075049877167e-02,3.601861372590065002e-02,-1.685879516601562500e+01,-2.747483444213867188e+01
2.729262304687500000e+04,6.512360000000000000e+05,-1.206321939826011658e-01,-7.788145542144775391e-02,-3.306919336318969727e-02,2.644889056682586670e-02,-1.685760879516601562e+01,-2.746391677856445312e+01
2.731408984375000000e+04,6.517370000000000000e+05,-7.689355313777923584e-02,1.207814067602157593e-01,2.664192020893096924e-02,3.315591812133789062e-02,-1.688229942321777344e+01,-2.742535781860351562e+01
2.733557421875000000e+04,6.522620000000000000e+05,-1.432763636112213135e-01,-5.737945903092622757e-03,-1.484963484108448029e-02,3.942131996154785156e-02,-1.686954879760742188e+01,-2.750911331176757812e+01
2.735707617187500000e+04,6.527630000000000000e+05,1.435343325138092041e-01,7.064121775329113007e-03,1.547234505414962769e-02,-3.948276489973068237e-02,-1.685037803649902344e+01,-2.745142173767089844e+01
2.737859375000000000e+04,6.532880000000000000e+05,1.435538083314895630e-01,-4.823610652238130569e-03,1.208662055432796478e-02,-4.034290090203285217e-02,-1.685480499267578125e+01,-2.751135635375976562e+01
2.740012695312500000e+04,6.537890000000000000e+05,-1.285629421472549438e-01,6.392080336809158325e-02,5.855033174157142639e-03,4.176713153719902039e-02,-1.685831451416015625e+01,-2.749879074096679688e+01
2.742167968750000000e+04,6.543140000000000000e+05,1.777285896241664886e-02,1.421373039484024048e-01,4.138070717453956604e-02,8.257978595793247223e-03,-1.687846183776855469e+01,-2.749444007873535156e+01
2.744324804687500000e+04,6.548150000000000000e+05,-1.356735080480575562e-01,-4.710319265723228455e-02,-2.555695921182632446e-02,3.329981490969657898e-02,-1.685584640502929688e+01,-2.753985214233398438e+01
2.746483398437500000e+04,6.553400000000000000e+05,7.894258946180343628e-02,1.199836060404777527e-01,4.062195494771003723e-02,-1.082517299801111221e-02,-1.685542869567871094e+01,-2.752682876586914062e+01
2.748643554687500000e+04,6.558410000000000000e+05,-5.988615751266479492e-02,1.301405876874923706e-01,3.074282966554164886e-02,2.867704443633556366e-02,-1.687760734558105469e+01,-2.752641868591308594e+01
2.750805468750000000e+04,6.563660000000000000e+05,5.007065460085868835e-02,-1.347018033266067505e-01,-3.255593031644821167e-02,-2.623170427978038788e-02,-1.685045433044433594e+01,-2.757460784912109375e+01
2.752969140625000000e+04,6.568910000000000000e+05,3.068989329040050507e-02,-1.399518549442291260e-01,-3.616345673799514771e-02,-2.137441933155059814e-02,-1.687645149230957031e+01,-2.753338623046875000e+01
2.755134570312500000e+04,6.573920000000000000e+05,5.636788904666900635e-02,1.321341395378112793e-01,4.173365235328674316e-02,-3.533774986863136292e-03,-1.685358238220214844e+01,-2.755924606323242188e+01
2.757301562500000000e+04,6.579170000000000000e+05,1.397668421268463135e-01,-3.280137106776237488e-02,3.775459947064518929e-03,-4.164651781320571899e-02,-1.685907173156738281e+01,-2.757288169860839844e+01
2.759470312500000000e+04,6.584420000000000000e+05,-8.040044456720352173e-02,1.187751889228820801e-01,2.540921792387962341e-02,3.338890522718429565e-02,-1.686728286743164062e+01,-2.754376983642578125e+01
2.761640820312500000e+04,6.589430000000000000e+05,1.240161955356597900e-01,7.136405259370803833e-02,3.129710257053375244e-02,-2.796289697289466858e-02,-1.688821792602539062e+01,-2.754133987426757812e+01
2.763813085937500000e+04,6.594680000000000000e+05,2.909556776285171509e-02,1.404390931129455566e-01,4.157953709363937378e-02,4.673105664551258087e-03,-1.686772155761718750e+01,-2.756789207458496094e+01
2.765986914062500000e+04,6.599930000000000000e+05,6.992678344249725342e-02,-1.255054026842117310e-01,-2.815288305282592773e-02,-3.084597364068031311e-02,-1.685261535644531250e+01,-2.758438873291015625e+01
2.768162500000000000e+04,6.605180000000000000e+05,1.198892742395401001e-01,-7.869501411914825439e-02,-1.066724117845296860e-02,-4.052146151661872864e-02,-1.686842918395996094e+01,-2.755530166625976562e+01
2.770339843750000000e+04,6.610190000000000000e+05,-3.327592741698026657e-03,1.430713683366775513e-01,3.921137377619743347e-02,1.405458245426416397e-02,-1.688659667968750000e+01,-2.760684776306152344e+01
2.772518750000000000e+04,6.615440000000000000e+05,1.126111522316932678e-01,8.910833299160003662e-02,3.494863584637641907e-02,-2.288911864161491394e-02,-1.685678291320800781e+01,-2.758125305175781250e+01
2.774699609375000000e+04,6.620690000000000000e+05,-1.353512853384017944e-01,4.789338633418083191e-02,8.678992744535207748e-04,4.160813242197036743e-02,-1.685843086242675781e+01,-2.761454582214355469e+01
2.776882031250000000e+04,6.625940000000000000e+05,8.521384745836257935e-02,1.154132559895515442e-01,3.951017558574676514e-02,-1.286196149885654449e-02,-1.686520385742187500e+01,-2.762837409973144531e+01
2.779066210937500000e+04,6.631190000000000000e+05,-9.773539006710052490e-02,1.052159294486045837e-01,2.013367973268032074e-02,3.655413910746574402e-02,-1.685656547546386719e+01,-2.759059143066406250e+01
2.781251953125000000e+04,6.636440000000000000e+05,1.423644125461578369e-01,1.625287719070911407e-02,1.724273152649402618e-02,-3.774427250027656555e-02,-1.687573432922363281e+01,-2.763981628417968750e+01
2.783439648437500000e+04,6.641450000000000000e+05,1.318574994802474976e-01,5.628333240747451782e-02,2.746856771409511566e-02,-3.110786527395248413e-02,-1.687099075317382812e+01,-2.763911056518554688e+01
2.785628906250000000e+04,6.646700000000000000e+05,-1.290090531110763550e-01,6.366570293903350830e-02,5.599046591669321060e-03,4.129956662654876709e-02,-1.684099769592285156e+01,-2.760199356079101562e+01
2.787819921875000000e+04,6.651940000000000000e+05,1.821381039917469025e-02,1.425374895334243774e-01,4.070210084319114685e-02,7.910580374300479889e-03,-1.685107803344726562e+01,-2.764663887023925781e+01
2.790012695312500000e+04,6.657190000000000000e+05,-1.412779539823532104e-01,1.985641382634639740e-02,-7.270073052495718002e-03,4.081560298800468445e-02,-1.691355895996093750e+01,-2.764782905578613281e+01
2.792207226562500000e+04,6.662440000000000000e+05,1.413566321134567261e-01,-2.536251023411750793e-02,6.054615601897239685e-03,-4.124815016984939575e-02,-1.685607147216796875e+01,-2.759933280944824219e+01
2.794403515625000000e+04,6.667690000000000000e+05,1.354986131191253662e-01,4.690809175372123718e-02,2.516711689531803131e-02,-3.302131965756416321e-02,-1.686971855163574219e+01,-2.763515281677246094e+01
2.796601367187500000e+04,6.672940000000000000e+05,-9.485986083745956421e-02,-1.065727174282073975e-01,-3.787994384765625000e-02,1.676021702587604523e-02,-1.691304588317871094e+01,-2.765534591674804688e+01
2.798800976562500000e+04,6.678190000000000000e+05,9.090470266528427601e-04,-1.437501609325408936e-01,-3.908894211053848267e-02,-1.300193741917610168e-02,-1.684766006469726562e+01,-2.770319175720214844e+01
2.801002343750000000e+04,6.683440000000000000e+05,-4.123404622077941895e-02,1.376149654388427734e-01,3.407522290945053101e-02,2.375218085944652557e-02,-1.685329818725585938e+01,-2.763138771057128906e+01
2.803205468750000000e+04,6.688690000000000000e+05,4.681571945548057556e-02,1.353726983070373535e-01,4.148439317941665649e-02,-6.905149784870445728e-04,-1.687875938415527344e+01,-2.764110183715820312e+01
2.805410351562500000e+04,6.693940000000000000e+05,-4.112786054611206055e-02,-1.377989649772644043e-01,-4.127655178308486938e-02,-1.237710472196340561e-03,-1.684448432922363281e+01,-2.768202781677246094e+01
2.807616992187500000e+04,6.699190000000000000e+05,-1.311251670122146606e-01,-5.851344764232635498e-02,-2.786613442003726959e-02,3.056210093200206757e-02,-1.685761260986328125e+01,-2.766860771179199219e+01
2.809825390625000000e+04,6.704440000000000000e+05,1.347611397504806519e-01,-4.893784597516059875e-02,-1.312995911575853825e-03,-4.116376116871833801e-02,-1.687072372436523438e+01,-2.770528411865234375e+01
2.812035351562500000e+04,6.709690000000000000e+05,-1.389731615781784058e-01,-3.537800163030624390e-02,-2.209719084203243256e-02,3.481578826904296875e-02,-1.686868286132812500e+01,-2.769442558288574219e+01
2.814247265625000000e+04,6.714940000000000000e+05,-8.561626821756362915e-02,-1.154561042785644531e-01,-3.915182873606681824e-02,1.282066758722066879e-02,-1.684864234924316406e+01,-2.770257949829101562e+01
2.816460742187500000e+04,6.720430000000000000e+05,1.411010622978210449e-01,2.676474675536155701e-02,1.976878009736537933e-02,-3.616834804415702820e-02,-1.685587882995605469e+01,-2.769818305969238281e+01
2.818676171875000000e+04,6.725680000000000000e+05,4.694040864706039429e-02,1.356496512889862061e-01,4.113639146089553833e-02,-7.756244158372282982e-04,-1.686043548583984375e+01,-2.771393203735351562e+01
2.820893164062500000e+04,6.730920000000000000e+05,-8.248725533485412598e-02,-1.173160895705223083e-01,-3.905100002884864807e-02,1.221105642616748810e-02,-1.686824607849121094e+01,-2.776221084594726562e+01
2.823111914062500000e+04,6.736170000000000000e+05,-1.406483203172683716e-01,-2.608984336256980896e-02,-1.958766393363475800e-02,3.584163635969161987e-02,-1.689038467407226562e+01,-2.777725982666015625e+01
2.825332421875000000e+04,6.741420000000000000e+05,1.161272078752517700e-01,-8.422787487506866455e-02,-1.271966192871332169e-02,-3.891652449965476990e-02,-1.686557579040527344e+01,-2.775651931762695312e+01
2.827554687500000000e+04,6.746910000000000000e+05,9.866517968475818634e-03,-1.429727971553802490e-01,-3.817144036293029785e-02,-1.523766294121742249e-02,-1.687429809570312500e+01,-2.772307395935058594e+01
2.829778710937500000e+04,6.752160000000000000e+05,1.280321478843688965e-01,6.373497843742370605e-02,2.866935543715953827e-02,-2.925995923578739166e-02,-1.689213562011718750e+01,-2.775188255310058594e+01
2.832004492187500000e+04,6.757410000000000000e+05,1.100372448563575745e-01,-9.237242490053176880e-02,-1.536000054329633713e-02,-3.790006414055824280e-02,-1.685272216796875000e+01,-2.776674270629882812e+01
2.834232031250000000e+04,6.762660000000000000e+05,1.163944974541664124e-01,8.322142809629440308e-02,3.288643062114715576e-02,-2.416487783193588257e-02,-1.688808250427246094e+01,-2.778466224670410156e+01
2.836461328125000000e+04,6.768150000000000000e+05,-8.024913072586059570e-02,-1.187560260295867920e-01,-3.911493718624114990e-02,1.139332540333271027e-02,-1.687337875366210938e+01,-2.779948043823242188e+01
2.838692187500000000e+04,6.773400000000000000e+05,-4.105542227625846863e-02,-1.373320668935775757e-01,-4.096113145351409912e-02,-9.452297235839068890e-04,-1.687280273437500000e+01,-2.775024795532226562e+01
2.840925000000000000e+04,6.778650000000000000e+05,7.088842988014221191e-02,1.240394860506057739e-01,3.996316716074943542e-02,-8.384487591683864594e-03,-1.690136528015136719e+01,-2.777972221374511719e+01
2.843159570312500000e+04,6.784130000000000000e+05,7.982821762561798096e-02,1.191561743617057800e-01,3.904898464679718018e-02,-1.136947795748710632e-02,-1.686750030517578125e+01,-2.781441116333007812e+01
2.845395898437500000e+04,6.789380000000000000e+05,-1.151728853583335876e-01,-8.562082052230834961e-02,-3.331379219889640808e-02,2.374618686735630035e-02,-1.686223030090332031e+01,-2.776324844360351562e+01
2.847633984375000000e+04,6.794630000000000000e+05,-1.418697237968444824e-01,-2.031640335917472839e-02,-1.772490143775939941e-02,3.649036958813667297e-02,-1.687404441833496094e+01,-2.783644104003906250e+01
2.849873828125000000e+04,6.800120000000000000e+05,4.435310885310173035e-02,-1.358747184276580811e-01,-3.292002156376838684e-02,-2.388708852231502533e-02,-1.689749908447265625e+01,-2.781380081176757812e+01
2.852115234375000000e+04,6.805370000000000000e+05,-1.255946457386016846e-01,-6.903705000877380371e-02,-2.967359684407711029e-02,2.778081409633159637e-02,-1.687396812438964844e+01,-2.781912040710449219e+01
2.854358593750000000e+04,6.810860000000000000e+05,-2.994338423013687134e-02,-1.403239369392395020e-01,-4.047420993447303772e-02,-4.050495103001594543e-03,-1.686398124694824219e+01,-2.781315231323242188e+01
2.856603710937500000e+04,6.816110000000000000e+05,9.753006510436534882e-03,1.430412083864212036e-01,3.944189473986625671e-02,9.801939129829406738e-03,-1.687063407897949219e+01,-2.782057952880859375e+01
2.858850585937500000e+04,6.821600000000000000e+05,3.271342813968658447e-02,1.399133354425430298e-01,4.053753614425659180e-02,3.293969435617327690e-03,-1.685165977478027344e+01,-2.781427192687988281e+01
2.861099218750000000e+04,6.826850000000000000e+05,3.653946518898010254e-02,-1.386195719242095947e-01,-3.402172774076461792e-02,-2.165422774851322174e-02,-1.687177276611328125e+01,-2.788777160644531250e+01
2.863349609375000000e+04,6.832330000000000000e+05,1.057564467191696167e-01,-9.635823220014572144e-02,-1.686104387044906616e-02,-3.683011233806610107e-02,-1.688896369934082031e+01,-2.784957122802734375e+01
2.865601757812500000e+04,6.837580000000000000e+05,-5.794972553849220276e-02,1.313885003328323364e-01,3.041869029402732849e-02,2.702569030225276947e-02,-1.685687828063964844e+01,-2.781022262573242188e+01
2.867855859375000000e+04,6.843070000000000000e+05,6.908582150936126709e-02,1.258433163166046143e-01,3.964985162019729614e-02,-7.590092252939939499e-03,-1.685934829711914062e+01,-2.787886810302734375e+01
2.870111523437500000e+04,6.848320000000000000e+05,-1.426323652267456055e-01,1.705276034772396088e-02,-7.691878359764814377e-03,3.960018232464790344e-02,-1.685399818420410156e+01,-2.788521766662597656e+01
2.872368945312500000e+04,6.853810000000000000e+05,-1.417763531208038330e-02,1.426795572042465210e-01,3.716679289937019348e-02,1.616712845861911774e-02,-1.687009429931640625e+01,-2.784429550170898438e+01
2.874628320312500000e+04,6.859060000000000000e+05,-7.452039420604705811e-02,-1.224436908960342407e-01,-3.923171758651733398e-02,9.435911662876605988e-03,-1.687277984619140625e+01,-2.788301849365234375e+01
2.876889257812500000e+04,6.864550000000000000e+05,-9.099905192852020264e-02,1.104331761598587036e-01,2.186371199786663055e-02,3.397038206458091736e-02,-1.688748168945312500e+01,-2.787277412414550781e+01
2.879152148437500000e+04,6.870030000000000000e+05,-1.121560111641883850e-01,-8.855158090591430664e-02,-3.354102000594139099e-02,2.247931808233261108e-02,-1.689936828613281250e+01,-2.787727165222167969e+01
2.881416796875000000e+04,6.875280000000000000e+05,-2.686401829123497009e-02,1.409741193056106567e-01,3.540619835257530212e-02,1.921655423939228058e-02,-1.686230278015136719e+01,-2.789715003967285156e+01
2.883683007812500000e+04,6.880770000000000000e+05,-1.016774028539657593e-01,1.012615486979484558e-01,1.835867762565612793e-02,3.583115339279174805e-02,-1.686297416687011719e+01,-2.790240287780761719e+01
2.885951171875000000e+04,6.886260000000000000e+05,1.215318143367767334e-01,-7.632702589035034180e-02,-1.010941062122583389e-02,-3.896444290876388550e-02,-1.686221504211425781e+01,-2.790370178222656250e+01
2.888221289062500000e+04,6.891510000000000000e+05,5.382572486996650696e-02,-1.329375803470611572e-01,-3.095785528421401978e-02,-2.558671310544013977e-02,-1.686773872375488281e+01,-2.792347145080566406e+01
2.890492968750000000e+04,6.897000000000000000e+05,8.517210930585861206e-02,1.156237423419952393e-01,3.794769197702407837e-02,-1.273971609771251678e-02,-1.685645294189453125e+01,-2.795248794555664062e+01
2.892766406250000000e+04,6.902480000000000000e+05,1.387645006179809570e-01,3.669955208897590637e-02,2.153317630290985107e-02,-3.401330113410949707e-02,-1.686081314086914062e+01,-2.790328979492187500e+01
2.895041796875000000e+04,6.907730000000000000e+05,-1.138790994882583618e-01,8.693128079175949097e-02,1.366722211241722107e-02,3.763794153928756714e-02,-1.687706184387207031e+01,-2.794956016540527344e+01
2.897318945312500000e+04,6.913220000000000000e+05,1.174187511205673218e-01,8.162644505500793457e-02,3.195292130112648010e-02,-2.436487004160881042e-02,-1.689305877685546875e+01,-2.791925430297851562e+01
2.899597851562500000e+04,6.918710000000000000e+05,3.287258371710777283e-02,1.395609825849533081e-01,3.988139703869819641e-02,3.115169005468487740e-03,-1.687021827697753906e+01,-2.795817565917968750e+01
2.901878515625000000e+04,6.924200000000000000e+05,3.196981921792030334e-02,-1.399864256381988525e-01,-3.451668098568916321e-02,-2.039850689470767975e-02,-1.685747909545898438e+01,-2.793848991394042969e+01
2.904160937500000000e+04,6.929690000000000000e+05,1.191286891698837280e-01,-7.964949309825897217e-02,-1.106271240860223770e-02,-3.848265111446380615e-02,-1.687490844726562500e+01,-2.794985771179199219e+01
2.906445117187500000e+04,6.934940000000000000e+05,-1.027275323867797852e-01,9.949272871017456055e-02,1.780196093022823334e-02,3.556245192885398865e-02,-1.689269638061523438e+01,-2.800904083251953125e+01
2.908731250000000000e+04,6.940420000000000000e+05,-1.358818858861923218e-01,4.529478400945663452e-02,6.025256589055061340e-04,3.977697342634201050e-02,-1.687917900085449219e+01,-2.800637054443359375e+01
2.911019140625000000e+04,6.945910000000000000e+05,8.982427418231964111e-02,-1.113780736923217773e-01,-2.214251831173896790e-02,-3.331102058291435242e-02,-1.688808441162109375e+01,-2.795903205871582031e+01
2.913308789062500000e+04,6.951400000000000000e+05,9.318966418504714966e-02,-1.082425191998481750e-01,-2.111825346946716309e-02,-3.390295431017875671e-02,-1.690353775024414062e+01,-2.797132682800292969e+01
2.915600195312500000e+04,6.956890000000000000e+05,-4.801114089787006378e-03,1.432237923145294189e-01,3.761544078588485718e-02,1.339660026133060455e-02,-1.687481880187988281e+01,-2.797405242919921875e+01
2.917893554687500000e+04,6.962380000000000000e+05,2.438987977802753448e-02,1.409270316362380981e-01,3.943432494997978210e-02,5.525799933820962906e-03,-1.689194297790527344e+01,-2.799806404113769531e+01
2.920188671875000000e+04,6.967860000000000000e+05,-1.121514588594436646e-01,-8.930020034313201904e-02,-3.319637477397918701e-02,2.217050082981586456e-02,-1.687135887145996094e+01,-2.797639656066894531e+01
2.922485546875000000e+04,6.973350000000000000e+05,-6.405934225767850876e-03,-1.429725140333175659e-01,-3.854633495211601257e-02,-1.035671588033437729e-02,-1.688623809814453125e+01,-2.797761917114257812e+01
2.924784179687500000e+04,6.978840000000000000e+05,1.396404206752777100e-01,-2.270585671067237854e-02,5.565508734434843063e-03,-3.894829377532005310e-02,-1.698644256591796875e+01,-2.810244560241699219e+01
2.927084570312500000e+04,6.984330000000000000e+05,-1.283053755760192871e-01,-6.310772150754928589e-02,-2.744369581341743469e-02,2.868694253265857697e-02,-1.689415931701660156e+01,-2.802416992187500000e+01
2.929386914062500000e+04,6.989820000000000000e+05,-1.801276393234729767e-02,1.421234458684921265e-01,3.616534546017646790e-02,1.663653552532196045e-02,-1.687747764587402344e+01,-2.800051116943359375e+01
2.931691015625000000e+04,6.995300000000000000e+05,-1.429142802953720093e-01,2.562220441177487373e-03,-1.136653032153844833e-02,3.816641494631767273e-02,-1.689709091186523438e+01,-2.799731445312500000e+01
2.933997070312500000e+04,7.000790000000000000e+05,-1.249566599726676941e-01,-6.720505654811859131e-02,-2.812652476131916046e-02,2.744660340249538422e-02,-1.696141433715820312e+01,-2.811235237121582031e+01
2.936304687500000000e+04,7.006280000000000000e+05,-2.386543434113264084e-03,-1.389006227254867554e-01,-3.707692027091979980e-02,-1.094604376703500748e-02,-1.714463424682617188e+01,-2.825500106811523438e+01
2.938614257812500000e+04,7.011770000000000000e+05,2.913990989327430725e-02,-1.325054317712783813e-01,-3.272748738527297974e-02,-1.909433118999004364e-02,-1.735021209716796875e+01,-2.842941665649414062e+01
2.940925585937500000e+04,7.017260000000000000e+05,1.214838027954101562e-01,-5.030909180641174316e-02,-2.919845050200819969e-03,-3.644978627562522888e-02,-1.762222099304199219e+01,-2.873832321166992188e+01
2.943238867187500000e+04,7.022740000000000000e+05,9.981451928615570068e-02,-8.143446594476699829e-02,-1.320374477654695511e-02,-3.327429294586181641e-02,-1.780035400390625000e+01,-2.892275619506835938e+01
2.945553906250000000e+04,7.028470000000000000e+05,-1.221180334687232971e-01,-7.050258573144674301e-03,-1.235260907560586929e-02,3.205529227852821350e-02,-1.824995231628417969e+01,-2.928070449829101562e+01
2.947870703125000000e+04,7.033960000000000000e+05,6.048421934247016907e-02,-9.807979315519332886e-02,-2.081517130136489868e-02,-2.436454407870769501e-02,-1.876867675781250000e+01,-2.988470840454101562e+01
2.950189257812500000e+04,7.039450000000000000e+05,-4.773835465312004089e-02,9.942489117383956909e-02,2.239628136157989502e-02,2.106137014925479889e-02,-1.914914321899414062e+01,-3.024487686157226562e+01
2.952509765625000000e+04,7.044930000000000000e+05,8.162438124418258667e-02,-6.086337566375732422e-02,-9.090338833630084991e-03,-2.718560211360454559e-02,-1.984351539611816406e+01,-3.085291290283203125e+01
2.954832031250000000e+04,7.050420000000000000e+05,-9.826248884201049805e-02,4.456015676259994507e-02,3.669983940199017525e-03,2.999976277351379395e-02,-1.934004974365234375e+01,-3.039313125610351562e+01
2.957156250000000000e+04,7.056150000000000000e+05,1.096912994980812073e-01,-5.090764909982681274e-02,-4.368342459201812744e-03,-3.332588076591491699e-02,-1.834940719604492188e+01,-2.947038269042968750e+01
2.959482226562500000e+04,7.061640000000000000e+05,-2.864941488951444626e-03,-1.366963684558868408e-01,-3.632522746920585632e-02,-1.078731566667556763e-02,-1.728295326232910156e+01,-2.842879295349121094e+01
2.961809960937500000e+04,7.067130000000000000e+05,1.156038790941238403e-01,3.911822289228439331e-02,2.014449983835220337e-02,-2.738157659769058228e-02,-1.826974296569824219e+01,-2.937210464477539062e+01
2.964139648437500000e+04,7.072610000000000000e+05,3.642702475190162659e-02,1.361936777830123901e-01,3.875720500946044922e-02,1.597696100361645222e-03,-1.701678848266601562e+01,-2.822557640075683594e+01
2.966471093750000000e+04,7.078340000000000000e+05,1.315951794385910034e-01,-4.617454018443822861e-03,9.611484594643115997e-03,-3.502817451953887939e-02,-1.760985755920410156e+01,-2.879638862609863281e+01
2.968804296875000000e+04,7.083830000000000000e+05,3.865204751491546631e-03,1.378713697195053101e-01,3.668084740638732910e-02,1.029975991696119308e-02,-1.720710563659667969e+01,-2.838162231445312500e+01
2.971139453125000000e+04,7.089320000000000000e+05,9.470572322607040405e-02,1.064590662717819214e-01,3.561288118362426758e-02,-1.593941636383533478e-02,-1.692445945739746094e+01,-2.817487716674804688e+01
2.973476367187500000e+04,7.095040000000000000e+05,-2.325014956295490265e-02,-1.365626305341720581e-01,-3.778263553977012634e-02,-5.115267354995012283e-03,-1.716926765441894531e+01,-2.837527084350585938e+01
2.975815234375000000e+04,7.100530000000000000e+05,1.423317641019821167e-01,3.484442830085754395e-03,1.230381801724433899e-02,-3.695687651634216309e-02,-1.693136024475097656e+01,-2.818958663940429688e+01
2.978155859375000000e+04,7.106260000000000000e+05,-8.467792719602584839e-02,1.132462322711944580e-01,2.269874513149261475e-02,3.140335902571678162e-02,-1.699077415466308594e+01,-2.823502540588378906e+01
2.980498242187500000e+04,7.111750000000000000e+05,-1.416285634040832520e-01,-7.253558840602636337e-03,-1.350531354546546936e-02,3.647141531109809875e-02,-1.696560668945312500e+01,-2.820288085937500000e+01
2.982842578125000000e+04,7.117230000000000000e+05,-1.431456059217453003e-01,2.723413286730647087e-03,-1.080394349992275238e-02,3.760266304016113281e-02,-1.688286781311035156e+01,-2.815114021301269531e+01
2.985188867187500000e+04,7.122960000000000000e+05,1.429771482944488525e-01,1.018664147704839706e-02,1.433369424194097519e-02,-3.661366552114486694e-02,-1.687267684936523438e+01,-2.810786247253417969e+01
2.987536718750000000e+04,7.128450000000000000e+05,8.891851454973220825e-02,1.116975545883178711e-01,3.637050837278366089e-02,-1.442314591258764267e-02,-1.690735244750976562e+01,-2.815069961547851562e+01
2.989886718750000000e+04,7.134170000000000000e+05,6.474228203296661377e-02,1.280991137027740479e-01,3.838229179382324219e-02,-6.667034700512886047e-03,-1.686112785339355469e+01,-2.818828582763671875e+01
2.992238281250000000e+04,7.139660000000000000e+05,8.974874764680862427e-02,-1.119364053010940552e-01,-2.157759107649326324e-02,-3.227127715945243835e-02,-1.686457443237304688e+01,-2.821878623962402344e+01
2.994591796875000000e+04,7.145390000000000000e+05,1.379153877496719360e-01,-3.791279718279838562e-02,1.293811132200062275e-03,-3.912489488720893860e-02,-1.689136123657226562e+01,-2.814619064331054688e+01
2.996947265625000000e+04,7.150880000000000000e+05,-1.393622606992721558e-01,3.405885025858879089e-02,-2.220700029283761978e-03,3.885847330093383789e-02,-1.686515617370605469e+01,-2.819612503051757812e+01
2.999304492187500000e+04,7.156600000000000000e+05,-1.416488140821456909e-01,-1.992011815309524536e-02,-1.641120575368404388e-02,3.530003502964973450e-02,-1.689068984985351562e+01,-2.819466781616210938e+01
3.001663671875000000e+04,7.162330000000000000e+05,1.324222981929779053e-01,5.545182898640632629e-02,2.508682757616043091e-02,-2.963313832879066467e-02,-1.685910034179687500e+01,-2.821750831604003906e+01
3.004024609375000000e+04,7.167820000000000000e+05,3.104252181947231293e-02,1.399066597223281860e-01,3.875803202390670776e-02,3.174006473273038864e-03,-1.687452125549316406e+01,-2.820373725891113281e+01
3.006387500000000000e+04,7.173540000000000000e+05,-4.999728873372077942e-02,-1.343486458063125610e-01,-3.884353116154670715e-02,2.181448042392730713e-03,-1.687203216552734375e+01,-2.819994926452636719e+01
3.008752148437500000e+04,7.179270000000000000e+05,-4.392787441611289978e-02,-1.365921944379806519e-01,-3.894919902086257935e-02,5.156902479939162731e-04,-1.686404991149902344e+01,-2.818926811218261719e+01
3.011118554687500000e+04,7.184760000000000000e+05,1.172165796160697937e-01,8.189295232295989990e-02,3.047754056751728058e-02,-2.387754246592521667e-02,-1.689387893676757812e+01,-2.824193191528320312e+01
3.013487109375000000e+04,7.190490000000000000e+05,1.433428674936294556e-01,-9.427634999155998230e-03,8.906232193112373352e-03,-3.791655227541923523e-02,-1.685373306274414062e+01,-2.819018363952636719e+01
3.015857226562500000e+04,7.196210000000000000e+05,-1.236396580934524536e-01,7.214867323637008667e-02,8.792151696979999542e-03,3.775737807154655457e-02,-1.688411331176757812e+01,-2.823063659667968750e+01
3.018229492187500000e+04,7.201700000000000000e+05,7.768148183822631836e-02,1.205163076519966125e-01,3.727075830101966858e-02,-1.048884633928537369e-02,-1.687006568908691406e+01,-2.824161911010742188e+01
3.020603515625000000e+04,7.207430000000000000e+05,-8.381619304418563843e-02,-1.161278858780860901e-01,-3.654228523373603821e-02,1.251425780355930328e-02,-1.688016510009765625e+01,-2.826247215270996094e+01
3.022979296875000000e+04,7.213150000000000000e+05,-1.282990127801895142e-01,-6.459212303161621094e-02,-2.693836577236652374e-02,2.782791294157505035e-02,-1.685442352294921875e+01,-2.823888969421386719e+01
3.025357031250000000e+04,7.218880000000000000e+05,1.280212849378585815e-01,-6.462313234806060791e-02,-6.571589503437280655e-03,-3.788918629288673401e-02,-1.686858749389648438e+01,-2.830097389221191406e+01
3.027736523437500000e+04,7.224370000000000000e+05,-3.598387539386749268e-02,-1.385978758335113525e-01,-3.866934776306152344e-02,-1.731315278448164463e-03,-1.688156890869140625e+01,-2.824396514892578125e+01
3.030118164062500000e+04,7.230100000000000000e+05,1.312646865844726562e-01,5.372062698006629944e-02,2.405427768826484680e-02,-3.007550723850727081e-02,-1.696451377868652344e+01,-2.828816604614257812e+01
3.032501367187500000e+04,7.235820000000000000e+05,1.427703350782394409e-01,3.095406340435147285e-03,1.239038165658712387e-02,-3.644392266869544983e-02,-1.690520095825195312e+01,-2.829245376586914062e+01
3.034886718750000000e+04,7.241550000000000000e+05,-9.474403923377394676e-04,1.434288024902343750e-01,3.660095855593681335e-02,1.150549855083227158e-02,-1.686708259582519531e+01,-2.832090187072753906e+01
3.037273828125000000e+04,7.247280000000000000e+05,1.334951668977737427e-01,-5.215965956449508667e-02,-3.022753167897462845e-03,-3.841959312558174133e-02,-1.687365913391113281e+01,-2.828214454650878906e+01
3.039662695312500000e+04,7.253000000000000000e+05,1.083984747529029846e-01,9.391566365957260132e-02,3.262019157409667969e-02,-2.031433954834938049e-02,-1.686757659912109375e+01,-2.830693244934082031e+01
3.042053515625000000e+04,7.258730000000000000e+05,1.290416121482849121e-01,-6.246965005993843079e-02,-5.964341573417186737e-03,-3.791016712784767151e-02,-1.687099456787109375e+01,-2.831869888305664062e+01
3.044446289062500000e+04,7.264220000000000000e+05,1.408697813749313354e-01,-2.666779607534408569e-02,4.363649990409612656e-03,-3.778369352221488953e-02,-1.687072563171386719e+01,-2.839636802673339844e+01
3.046840820312500000e+04,7.269940000000000000e+05,-1.041354835033416748e-01,9.860602766275405884e-02,1.721397601068019867e-02,3.443935140967369080e-02,-1.686821746826171875e+01,-2.829037475585937500e+01
3.049237500000000000e+04,7.275670000000000000e+05,-6.613696366548538208e-02,1.261760592460632324e-01,2.728822268545627594e-02,2.676336281001567841e-02,-1.692621612548828125e+01,-2.835372161865234375e+01
3.051635742187500000e+04,7.281400000000000000e+05,1.408013403415679932e-01,-2.501699700951576233e-02,4.669338930398225784e-03,-3.796471655368804932e-02,-1.689288330078125000e+01,-2.834719085693359375e+01
3.054036132812500000e+04,7.287120000000000000e+05,1.365073323249816895e-01,-4.418006911873817444e-02,-4.992317408323287964e-04,-3.852089121937751770e-02,-1.686425399780273438e+01,-2.828534317016601562e+01
3.056438281250000000e+04,7.292850000000000000e+05,-6.367241591215133667e-02,1.280168890953063965e-01,2.774337306618690491e-02,2.632640115916728973e-02,-1.689466094970703125e+01,-2.834822654724121094e+01
3.058842187500000000e+04,7.298580000000000000e+05,1.423419713973999023e-01,-1.586460135877132416e-02,7.032227702438831329e-03,-3.756943717598915100e-02,-1.687972450256347656e+01,-2.835375022888183594e+01
3.061248242187500000e+04,7.304300000000000000e+05,1.359204500913619995e-01,4.575709253549575806e-02,2.231035940349102020e-02,-3.116352669894695282e-02,-1.686806297302246094e+01,-2.833002471923828125e+01
3.063656054687500000e+04,7.310270000000000000e+05,-8.674345910549163818e-02,-1.129536405205726624e-01,-3.550036996603012085e-02,1.351461652666330338e-02,-1.692868995666503906e+01,-2.840757560729980469e+01
3.066065820312500000e+04,7.315990000000000000e+05,-1.255296915769577026e-01,6.831868737936019897e-02,7.603503763675689697e-03,3.714168444275856018e-02,-1.689834785461425781e+01,-2.842447090148925781e+01
3.068477343750000000e+04,7.321720000000000000e+05,5.544839426875114441e-02,1.265718489885330200e-01,3.669934347271919250e-02,-4.497560206800699234e-03,-1.719081306457519531e+01,-2.864209175109863281e+01
3.070890820312500000e+04,7.327450000000000000e+05,-1.412580907344818115e-01,-1.100129168480634689e-02,-1.358543243259191513e-02,3.499956801533699036e-02,-1.697347068786621094e+01,-2.850924491882324219e+01
3.073306250000000000e+04,7.333170000000000000e+05,1.214056238532066345e-01,-6.125283241271972656e-02,-6.189570296555757523e-03,-3.582898154854774475e-02,-1.733033943176269531e+01,-2.878759765625000000e+01
3.075723632812500000e+04,7.338900000000000000e+05,-4.431156814098358154e-02,1.198246926069259644e-01,2.729849144816398621e-02,2.064390853047370911e-02,-1.787240600585937500e+01,-2.931302833557128906e+01
3.078142773437500000e+04,7.344630000000000000e+05,-9.432651102542877197e-02,8.676212280988693237e-02,1.493753865361213684e-02,3.085707314312458038e-02,-1.784490394592285156e+01,-2.929855346679687500e+01
3.080563867187500000e+04,7.350590000000000000e+05,1.174640730023384094e-01,-5.042259022593498230e-02,-3.994750790297985077e-03,-3.405872732400894165e-02,-1.786741447448730469e+01,-2.929609298706054688e+01
3.082986914062500000e+04,7.356320000000000000e+05,7.442954182624816895e-02,9.808225929737091064e-02,3.093976341187953949e-02,-1.156161446124315262e-02,-1.819303894042968750e+01,-2.962199211120605469e+01
3.085411914062500000e+04,7.362050000000000000e+05,-1.307506859302520752e-01,4.351607337594032288e-02,1.217541866935789585e-03,3.663950040936470032e-02,-1.721488952636718750e+01,-2.871621704101562500e+01
3.087838671875000000e+04,7.367770000000000000e+05,7.323182374238967896e-02,1.214205175638198853e-01,3.649142757058143616e-02,-9.237927384674549103e-03,-1.696677780151367188e+01,-2.848641395568847656e+01
3.090267382812500000e+04,7.373740000000000000e+05,6.353462487459182739e-02,8.332187682390213013e-02,2.631063200533390045e-02,-9.786027483642101288e-03,-1.959429931640625000e+01,-3.103465080261230469e+01
3.092698046875000000e+04,7.379460000000000000e+05,-7.560379058122634888e-02,1.208067014813423157e-01,2.493894658982753754e-02,2.857557311654090881e-02,-1.692285919189453125e+01,-2.842085838317871094e+01
3.095130664062500000e+04,7.385190000000000000e+05,8.104915916919708252e-02,-9.462138265371322632e-02,-1.786263659596443176e-02,-2.814659103751182556e-02,-1.809047508239746094e+01,-2.954167175292968750e+01
3.097565234375000000e+04,7.391160000000000000e+05,-9.036222845315933228e-02,-8.097250759601593018e-02,-2.776699513196945190e-02,1.703293621540069580e-02,-1.832036781311035156e+01,-2.974232673645019531e+01
3.100001562500000000e+04,7.396880000000000000e+05,-9.142155200242996216e-02,-9.398217499256134033e-02,-3.102310933172702789e-02,1.597842201590538025e-02,-1.764710235595703125e+01,-2.914444160461425781e+01
3.102439843750000000e+04,7.402610000000000000e+05,-1.361486613750457764e-01,-4.283295944333076477e-02,-2.099836058914661407e-02,3.095951676368713379e-02,-1.690985107421875000e+01,-2.854051208496093750e+01
3.104880078125000000e+04,7.408570000000000000e+05,-1.298849880695343018e-01,-1.023728959262371063e-02,-1.255064085125923157e-02,3.219077736139297485e-02,-1.770192337036132812e+01,-2.923081207275390625e+01
3.107322265625000000e+04,7.414300000000000000e+05,5.886629223823547363e-02,-1.227797418832778931e-01,-2.657158114016056061e-02,-2.412518672645092010e-02,-1.731887817382812500e+01,-2.890059280395507812e+01
3.109766406250000000e+04,7.420270000000000000e+05,1.268375515937805176e-01,5.898488312959671021e-02,2.475425601005554199e-02,-2.763022296130657196e-02,-1.708476257324218750e+01,-2.861317634582519531e+01
3.112212304687500000e+04,7.425990000000000000e+05,-8.648670464754104614e-02,1.083468347787857056e-01,2.077587693929672241e-02,3.009154461324214935e-02,-1.716269493103027344e+01,-2.873823547363281250e+01
3.114660156250000000e+04,7.431960000000000000e+05,-2.387446537613868713e-02,1.356971263885498047e-01,3.231481835246086121e-02,1.628350280225276947e-02,-1.721619033813476562e+01,-2.882927703857421875e+01
3.117110156250000000e+04,7.437690000000000000e+05,-7.722254842519760132e-02,-1.188680380582809448e-01,-3.570374473929405212e-02,1.042979117482900620e-02,-1.696956634521484375e+01,-2.859008979797363281e+01
3.119561914062500000e+04,7.443650000000000000e+05,-1.321365684270858765e-01,-5.276410281658172607e-02,-2.323455177247524261e-02,2.937525138258934021e-02,-1.693700981140136719e+01,-2.853019714355468750e+01
3.122015625000000000e+04,7.449380000000000000e+05,-5.179157480597496033e-02,-1.331971287727355957e-01,-3.744546696543693542e-02,3.097495762631297112e-03,-1.689862442016601562e+01,-2.850239944458007812e+01
3.124471093750000000e+04,7.455340000000000000e+05,1.392380744218826294e-01,3.415776416659355164e-02,1.893606223165988922e-02,-3.229633718729019165e-02,-1.687103652954101562e+01,-2.853367233276367188e+01
3.126928710937500000e+04,7.461070000000000000e+05,2.799650188535451889e-03,-1.433727890253067017e-01,-3.559968993067741394e-02,-1.139281224459409714e-02,-1.686900901794433594e+01,-2.854761886596679688e+01
3.129388281250000000e+04,7.467030000000000000e+05,-3.673152253031730652e-02,-1.386775374412536621e-01,-3.737774491310119629e-02,-1.046833349391818047e-03,-1.686540603637695312e+01,-2.854433250427246094e+01
3.131849609375000000e+04,7.472760000000000000e+05,-2.855241298675537109e-02,1.398416459560394287e-01,3.279846906661987305e-02,1.751138269901275635e-02,-1.690989112854003906e+01,-2.859370040893554688e+01
3.134313085937500000e+04,7.478730000000000000e+05,3.894884139299392700e-02,1.379241794347763062e-01,3.711244463920593262e-02,4.607693699654191732e-04,-1.687397575378417969e+01,-2.860894012451171875e+01
3.136778320312500000e+04,7.484690000000000000e+05,-8.279664814472198486e-02,-1.163369864225387573e-01,-3.527048602700233459e-02,1.208421215415000916e-02,-1.690591812133789062e+01,-2.856974029541015625e+01
3.139245507812500000e+04,7.490420000000000000e+05,1.195080345496535301e-03,-1.433172076940536499e-01,-3.551460057497024536e-02,-1.088588591665029526e-02,-1.687373161315917969e+01,-2.860187149047851562e+01
3.141714648437500000e+04,7.496380000000000000e+05,-1.047508269548416138e-01,9.765805304050445557e-02,1.659954153001308441e-02,3.328271955251693726e-02,-1.688037872314453125e+01,-2.859088706970214844e+01
3.144185742187500000e+04,7.502350000000000000e+05,-1.307000666856765747e-01,5.796119198203086853e-02,4.781535360962152481e-03,3.673952445387840271e-02,-1.689476394653320312e+01,-2.862438201904296875e+01
3.146658984375000000e+04,7.508310000000000000e+05,6.898771971464157104e-02,-1.255690157413482666e-01,-2.619058825075626373e-02,-2.637898735702037811e-02,-1.687677001953125000e+01,-2.859555435180664062e+01
3.149133984375000000e+04,7.514040000000000000e+05,8.510094135999679565e-02,-1.154847964644432068e-01,-2.237567491829395294e-02,-2.956693246960639954e-02,-1.686577606201171875e+01,-2.861737060546875000e+01
3.151610937500000000e+04,7.520010000000000000e+05,-1.084358692169189453e-01,-9.377955645322799683e-02,-3.121900185942649841e-02,2.008521929383277893e-02,-1.687125968933105469e+01,-2.860737609863281250e+01
3.154089843750000000e+04,7.525970000000000000e+05,-1.751100458204746246e-02,-1.417094022035598755e-01,-3.657774254679679871e-02,-6.010259035974740982e-03,-1.690621376037597656e+01,-2.861996078491210938e+01
3.156570703125000000e+04,7.531940000000000000e+05,9.564159810543060303e-02,1.068865060806274414e-01,3.334008902311325073e-02,-1.571866124868392944e-02,-1.686722564697265625e+01,-2.866896057128906250e+01
3.159053320312500000e+04,7.537900000000000000e+05,5.159127991646528244e-03,1.432437002658843994e-01,3.583849221467971802e-02,9.222877211868762970e-03,-1.687285995483398438e+01,-2.863451004028320312e+01
3.161538085937500000e+04,7.543630000000000000e+05,-5.114863067865371704e-02,-1.334026008844375610e-01,-3.707343712449073792e-02,2.945553744211792946e-03,-1.690105247497558594e+01,-2.859141349792480469e+01
3.164024804687500000e+04,7.549590000000000000e+05,-1.406795382499694824e-01,2.583780325949192047e-02,-3.891393076628446579e-03,3.667148947715759277e-02,-1.689130020141601562e+01,-2.866479873657226562e+01
3.166513476562500000e+04,7.555560000000000000e+05,-8.174961060285568237e-02,-1.176447644829750061e-01,-3.494085744023323059e-02,1.162972860038280487e-02,-1.687752914428710938e+01,-2.867703628540039062e+01
3.169004101562500000e+04,7.561520000000000000e+05,-9.895870834589004517e-02,-1.029670536518096924e-01,-3.264031931757926941e-02,1.697300747036933899e-02,-1.690475463867187500e+01,-2.868550300598144531e+01
3.171496679687500000e+04,7.567490000000000000e+05,-3.506226092576980591e-02,-1.374488174915313721e-01,-3.666672483086585999e-02,-1.358398352749645710e-03,-1.696338844299316406e+01,-2.870860099792480469e+01
3.173991406250000000e+04,7.573450000000000000e+05,-1.312332302331924438e-01,5.275242030620574951e-02,3.427148563787341118e-03,3.637517988681793213e-02,-1.698861885070800781e+01,-2.874551582336425781e+01
3.176487890625000000e+04,7.579420000000000000e+05,4.916815832257270813e-02,1.322078108787536621e-01,3.625556454062461853e-02,-2.432279055938124657e-03,-1.701225090026855469e+01,-2.879300308227539062e+01
3.178986328125000000e+04,7.585380000000000000e+05,-1.294050365686416626e-01,6.145607680082321167e-02,5.756151862442493439e-03,3.619413077831268311e-02,-1.687769508361816406e+01,-2.871875953674316406e+01
3.181486718750000000e+04,7.591350000000000000e+05,-1.386381089687347412e-01,1.093779411166906357e-02,-7.291922811418771744e-03,3.502525761723518372e-02,-1.713539886474609375e+01,-2.892810058593750000e+01
3.183989062500000000e+04,7.597310000000000000e+05,-1.012336537241935730e-01,9.289173781871795654e-02,1.591241359710693359e-02,3.234632313251495361e-02,-1.724064064025878906e+01,-2.886227416992187500e+01
3.186493554687500000e+04,7.603280000000000000e+05,-1.201516687870025635e-01,6.748703867197036743e-02,7.895756512880325317e-03,3.471985831856727600e-02,-1.721453857421875000e+01,-2.896945190429687500e+01
3.188999804687500000e+04,7.609250000000000000e+05,-3.043886460363864899e-02,1.364113837480545044e-01,3.149354830384254456e-02,1.743269152939319611e-02,-1.709195709228515625e+01,-2.887481498718261719e+01
3.191508203125000000e+04,7.615210000000000000e+05,-1.159840971231460571e-01,7.954157143831253052e-02,1.139863021671772003e-02,3.428525477647781372e-02,-1.703791809082031250e+01,-2.884254074096679688e+01
3.194018359375000000e+04,7.621180000000000000e+05,-5.156958103179931641e-02,1.270524859428405762e-01,2.771940454840660095e-02,2.203016541898250580e-02,-1.725801658630371094e+01,-2.901808547973632812e+01
3.196530664062500000e+04,7.627140000000000000e+05,-1.424060016870498657e-01,-3.513160860165953636e-03,-1.125715207308530807e-02,3.482474759221076965e-02,-1.692679214477539062e+01,-2.873061752319335938e+01
3.199044921875000000e+04,7.633110000000000000e+05,-9.646982699632644653e-02,-9.216580539941787720e-02,-2.984599210321903229e-02,1.726968586444854736e-02,-1.749556350708007812e+01,-2.924808883666992188e+01
3.201561132812500000e+04,7.639310000000000000e+05,5.067805573344230652e-02,-1.141089871525764465e-01,-2.469338104128837585e-02,-2.115238457918167114e-02,-1.807178306579589844e+01,-2.975848388671875000e+01
3.204079296875000000e+04,7.645280000000000000e+05,-6.159295886754989624e-02,1.142804324626922607e-01,2.389272674918174744e-02,2.362499386072158813e-02,-1.773304367065429688e+01,-2.947304916381835938e+01
3.206599609375000000e+04,7.651240000000000000e+05,-1.348119527101516724e-01,-4.462876915931701660e-02,-2.051204629242420197e-02,2.985973842442035675e-02,-1.695380401611328125e+01,-2.881950759887695312e+01
3.209121679687500000e+04,7.657210000000000000e+05,5.501987785100936890e-02,1.175984293222427368e-01,3.301878273487091064e-02,-5.095059983432292938e-03,-1.773230743408203125e+01,-2.952258110046386719e+01
3.211645898437500000e+04,7.663170000000000000e+05,-1.166638508439064026e-01,-6.375284283421933651e-04,-8.748413994908332825e-03,2.900030836462974548e-02,-1.866114425659179688e+01,-3.037368965148925781e+01
3.214171875000000000e+04,7.669370000000000000e+05,-6.117253005504608154e-02,1.002532839775085449e-01,2.024424821138381958e-02,2.252946421504020691e-02,-1.860347557067871094e+01,-3.037438392639160156e+01
3.216700000000000000e+04,7.675340000000000000e+05,3.237066045403480530e-02,1.166933700442314148e-01,3.130489215254783630e-02,5.694098072126507759e-04,-1.833712005615234375e+01,-3.008631896972656250e+01
3.219230078125000000e+04,7.681310000000000000e+05,-1.970892585813999176e-02,-1.205837279558181763e-01,-3.097270242869853973e-02,-3.796605393290519714e-03,-1.825972938537597656e+01,-3.011564636230468750e+01
3.221762304687500000e+04,7.687510000000000000e+05,9.871979802846908569e-02,-9.281068295240402222e-02,-1.561634894460439682e-02,-3.059682808816432953e-02,-1.736141014099121094e+01,-2.928104591369628906e+01
3.224296289062500000e+04,7.693470000000000000e+05,-7.887691259384155273e-03,-1.404291540384292603e-01,-3.504186496138572693e-02,-8.217274211347103119e-03,-1.703717422485351562e+01,-2.887577247619628906e+01
3.226832421875000000e+04,7.699440000000000000e+05,2.603002823889255524e-02,1.115150824189186096e-01,2.931157872080802917e-02,1.769428723491728306e-03,-1.882291984558105469e+01,-3.064341735839843750e+01
3.229370507812500000e+04,7.705640000000000000e+05,-2.651139162480831146e-02,1.280018091201782227e-01,2.948320098221302032e-02,1.574971340596675873e-02,-1.767326164245605469e+01,-2.951825332641601562e+01
3.231910546875000000e+04,7.711610000000000000e+05,-1.169018745422363281e-01,2.141379751265048981e-03,-7.881442084908485413e-03,2.884027920663356781e-02,-1.864211273193359375e+01,-3.048721313476562500e+01
3.234452539062500000e+04,7.717810000000000000e+05,8.065509796142578125e-02,1.065407693386077881e-01,3.169842809438705444e-02,-1.227067410945892334e-02,-1.748211288452148438e+01,-2.937282752990722656e+01
3.236996679687500000e+04,7.723780000000000000e+05,5.326924100518226624e-02,-1.288935542106628418e-01,-2.767516486346721649e-02,-2.217556722462177277e-02,-1.711054420471191406e+01,-2.900432968139648438e+01
3.239542773437500000e+04,7.729740000000000000e+05,1.375550031661987305e-01,-5.104445852339267731e-03,8.528275415301322937e-03,-3.394251689314842224e-02,-1.722449493408203125e+01,-2.911925506591796875e+01
3.242090820312500000e+04,7.735950000000000000e+05,1.315771341323852539e-01,-4.952702298760414124e-02,-2.702854340896010399e-03,-3.564411029219627380e-02,-1.704092788696289062e+01,-2.893534469604492188e+01
3.244640820312500000e+04,7.741910000000000000e+05,-1.102336272597312927e-01,7.871495932340621948e-02,1.134116481989622116e-02,3.241767734289169312e-02,-1.736423301696777344e+01,-2.928291702270507812e+01
3.247192968750000000e+04,7.748120000000000000e+05,-1.379903405904769897e-01,-5.187621340155601501e-03,-1.091732736676931381e-02,3.332058340311050415e-02,-1.719689178466796875e+01,-2.910289382934570312e+01
3.249747070312500000e+04,7.754080000000000000e+05,6.884113699197769165e-02,-1.232217475771903992e-01,-2.513833343982696533e-02,-2.560342103242874146e-02,-1.700651741027832031e+01,-2.890262603759765625e+01
3.252303125000000000e+04,7.760290000000000000e+05,-1.368807405233383179e-01,-3.589948266744613647e-02,-1.829688064754009247e-02,3.058841452002525330e-02,-1.698425102233886719e+01,-2.896050262451171875e+01
3.254861132812500000e+04,7.766490000000000000e+05,7.338790595531463623e-02,1.220794245600700378e-01,3.441910073161125183e-02,-9.200105443596839905e-03,-1.692735671997070312e+01,-2.896430206298828125e+01
3.257421289062500000e+04,7.772450000000000000e+05,-5.498064681887626648e-02,1.320339590311050415e-01,2.789879962801933289e-02,2.244733646512031555e-02,-1.689182662963867188e+01,-2.892035484313964844e+01
3.259983398437500000e+04,7.778660000000000000e+05,1.089647263288497925e-01,9.321735054254531860e-02,3.004555590450763702e-02,-1.972666941583156586e-02,-1.686918067932128906e+01,-2.888778877258300781e+01
3.262547656250000000e+04,7.784620000000000000e+05,-1.096534505486488342e-01,9.246457368135452271e-02,1.462074089795351028e-02,3.278131037950515747e-02,-1.686690139770507812e+01,-2.889955902099609375e+01
3.265113671875000000e+04,7.790830000000000000e+05,-2.873673103749752045e-02,-1.402629911899566650e-01,-3.592219203710556030e-02,-2.683063969016075134e-03,-1.688256645202636719e+01,-2.886858177185058594e+01
3.267682031250000000e+04,7.797030000000000000e+05,-1.422290056943893433e-01,-1.785829104483127594e-02,-1.398471742868423462e-02,3.291263431310653687e-02,-1.687230300903320312e+01,-2.893192672729492188e+01
3.270252148437500000e+04,7.803230000000000000e+05,1.155686676502227783e-01,-8.365501463413238525e-02,-1.231805793941020966e-02,-3.368333727121353149e-02,-1.691344261169433594e+01,-2.890657234191894531e+01
3.272824414062500000e+04,7.809200000000000000e+05,6.784953922033309937e-02,-1.261792182922363281e-01,-2.566132508218288422e-02,-2.508174814283847809e-02,-1.687722015380859375e+01,-2.890219879150390625e+01
3.275398632812500000e+04,7.815400000000000000e+05,9.652915410697460175e-03,1.427513957023620605e-01,3.477839753031730652e-02,7.522604428231716156e-03,-1.688857841491699219e+01,-2.897522926330566406e+01
3.277975000000000000e+04,7.821610000000000000e+05,2.101239003241062164e-02,1.416275203227996826e-01,3.533956408500671387e-02,4.560347646474838257e-03,-1.688248825073242188e+01,-2.896305084228515625e+01
3.280553125000000000e+04,7.827810000000000000e+05,-3.508181497454643250e-02,-1.383656263351440430e-01,-3.575642779469490051e-02,-9.416013490408658981e-04,-1.690885734558105469e+01,-2.892990875244140625e+01
3.283133593750000000e+04,7.833780000000000000e+05,-1.182212755084037781e-01,-8.066074550151824951e-02,-2.742523141205310822e-02,2.300669252872467041e-02,-1.688618659973144531e+01,-2.892297935485839844e+01
3.285716015625000000e+04,7.839980000000000000e+05,1.428294628858566284e-01,-2.016221405938267708e-03,9.132855571806430817e-03,-3.447628766298294067e-02,-1.690277862548828125e+01,-2.895504760742187500e+01
3.288300390625000000e+04,7.846180000000000000e+05,1.432798206806182861e-01,-2.385490806773304939e-03,9.254363365471363068e-03,-3.454555198550224304e-02,-1.687509727478027344e+01,-2.893116378784179688e+01
3.290886718750000000e+04,7.852390000000000000e+05,-1.377012431621551514e-01,3.884470090270042419e-02,-2.725940139498561621e-04,3.549660742282867432e-02,-1.688870620727539062e+01,-2.899600791931152344e+01
3.293475000000000000e+04,7.858590000000000000e+05,-1.389308869838714600e-01,-3.137514367699623108e-02,-1.690229028463363647e-02,3.111210092902183533e-02,-1.692799377441406250e+01,-2.901823806762695312e+01
3.296065625000000000e+04,7.864800000000000000e+05,1.377985328435897827e-01,-3.621621429920196533e-02,6.174642476253211498e-04,-3.548606485128402710e-02,-1.692502784729003906e+01,-2.899752807617187500e+01
3.298658203125000000e+04,7.871000000000000000e+05,1.300344467163085938e-01,-6.033440306782722473e-02,-5.387472920119762421e-03,-3.502500802278518677e-02,-1.687205123901367188e+01,-2.901087760925292969e+01
3.301252734375000000e+04,7.877200000000000000e+05,-1.429913491010665894e-01,1.106199156492948532e-02,-7.108408957719802856e-03,3.497750312089920044e-02,-1.686788940429687500e+01,-2.894845771789550781e+01
3.303849218750000000e+04,7.883170000000000000e+05,-1.370276063680648804e-01,-4.067256301641464233e-02,-1.903614029288291931e-02,3.001979552209377289e-02,-1.689714241027832031e+01,-2.898403167724609375e+01
3.306448046875000000e+04,7.889370000000000000e+05,1.111745238304138184e-01,8.973042666912078857e-02,2.905537374317646027e-02,-2.054223604500293732e-02,-1.690128707885742188e+01,-2.897498321533203125e+01
3.309048437500000000e+04,7.895580000000000000e+05,-5.993377417325973511e-02,1.299536973237991333e-01,2.672139555215835571e-02,2.299575321376323700e-02,-1.688669586181640625e+01,-2.905585479736328125e+01
3.311651171875000000e+04,7.902020000000000000e+05,1.423359066247940063e-01,1.369143463671207428e-02,1.277867704629898071e-02,-3.296555206179618835e-02,-1.689371109008789062e+01,-2.903082275390625000e+01
3.314256250000000000e+04,7.908220000000000000e+05,9.965240955352783203e-02,1.025354266166687012e-01,3.111647814512252808e-02,-1.697582378983497620e-02,-1.689431762695312500e+01,-2.900867271423339844e+01
3.316862890625000000e+04,7.914430000000000000e+05,8.588583022356033325e-02,-1.141286045312881470e-01,-2.145723998546600342e-02,-2.811389975249767303e-02,-1.690333366394042969e+01,-2.902810668945312500e+01
3.319471875000000000e+04,7.920630000000000000e+05,1.129199564456939697e-01,8.753761649131774902e-02,2.827377989888191223e-02,-2.113403007388114929e-02,-1.690077209472656250e+01,-2.904463195800781250e+01
3.322082812500000000e+04,7.926830000000000000e+05,9.699393063783645630e-02,-1.051317527890205383e-01,-1.849563047289848328e-02,-2.999449707567691803e-02,-1.689083480834960938e+01,-2.905962944030761719e+01
3.324695703125000000e+04,7.933040000000000000e+05,1.171602755784988403e-01,-8.304218947887420654e-02,-1.182506140321493149e-02,-3.326537832617759705e-02,-1.685657882690429688e+01,-2.904336547851562500e+01
3.327310937500000000e+04,7.939240000000000000e+05,-5.580616369843482971e-02,-1.316310167312622070e-01,-3.502177447080612183e-02,4.266900010406970978e-03,-1.689496803283691406e+01,-2.904924392700195312e+01
3.329928125000000000e+04,7.945450000000000000e+05,1.239238232374191284e-01,-7.111248373985290527e-02,-8.623945526778697968e-03,-3.412710875272750854e-02,-1.690069770812988281e+01,-2.906917381286621094e+01
3.332547265625000000e+04,7.951650000000000000e+05,-7.007167488336563110e-02,-1.242115199565887451e-01,-3.428670763969421387e-02,8.248248137533664703e-03,-1.691680145263671875e+01,-2.905315208435058594e+01
3.335168359375000000e+04,7.958090000000000000e+05,1.307415962219238281e-01,-5.878314748406410217e-02,-5.203187931329011917e-03,-3.478347137570381165e-02,-1.687213134765625000e+01,-2.907643318176269531e+01
3.337791406250000000e+04,7.964300000000000000e+05,5.034179985523223877e-02,-1.335587799549102783e-01,-2.814922481775283813e-02,-2.072640694677829742e-02,-1.690961074829101562e+01,-2.912941932678222656e+01
3.340416796875000000e+04,7.970500000000000000e+05,1.362100988626480103e-01,4.366460070013999939e-02,1.947300694882869720e-02,-2.930663526058197021e-02,-1.689098930358886719e+01,-2.907252311706542969e+01
3.343044531250000000e+04,7.976700000000000000e+05,1.396668851375579834e-01,-3.126213699579238892e-02,1.944639952853322029e-03,-3.508336469531059265e-02,-1.688581848144531250e+01,-2.908465194702148438e+01
3.345673828125000000e+04,7.983150000000000000e+05,-1.332099735736846924e-01,5.174649879336357117e-02,3.362187184393405914e-03,3.492477163672447205e-02,-1.689889144897460938e+01,-2.909726715087890625e+01
3.348305468750000000e+04,7.989350000000000000e+05,2.475199289619922638e-02,1.409817337989807129e-01,3.493816033005714417e-02,3.479938022792339325e-03,-1.688489723205566406e+01,-2.909112739562988281e+01
3.350939062500000000e+04,7.995550000000000000e+05,-9.036521613597869873e-02,-1.108075976371765137e-01,-3.211224451661109924e-02,1.398639008402824402e-02,-1.689429855346679688e+01,-2.911220741271972656e+01
3.353574609375000000e+04,8.002000000000000000e+05,-2.337219379842281342e-02,-1.413486003875732422e-01,-3.489791229367256165e-02,-3.870153101161122322e-03,-1.687702369689941406e+01,-2.909092330932617188e+01
3.356212500000000000e+04,8.008200000000000000e+05,-7.270976155996322632e-02,1.233973205089569092e-01,2.426540106534957886e-02,2.544536069035530090e-02,-1.687957954406738281e+01,-2.907884407043457031e+01
3.358852343750000000e+04,8.014640000000000000e+05,-8.270069956779479980e-02,-1.166306585073471069e-01,-3.296791762113571167e-02,1.182251423597335815e-02,-1.689474105834960938e+01,-2.911277580261230469e+01
3.361494140625000000e+04,8.020850000000000000e+05,-9.773105382919311523e-02,1.047022342681884766e-01,1.808438077569007874e-02,2.996046468615531921e-02,-1.687951469421386719e+01,-2.911979484558105469e+01
3.364138281250000000e+04,8.027050000000000000e+05,-1.421439796686172485e-01,-1.769788749516010284e-02,-1.339350827038288116e-02,3.226981312036514282e-02,-1.687862205505371094e+01,-2.913381576538085938e+01
3.366784375000000000e+04,8.033490000000000000e+05,7.528867572546005249e-02,1.213827952742576599e-01,3.356678411364555359e-02,-9.593875147402286530e-03,-1.690323638916015625e+01,-2.914077758789062500e+01
3.369432421875000000e+04,8.039700000000000000e+05,-6.337984651327133179e-02,1.282432824373245239e-01,2.597478963434696198e-02,2.326652966439723969e-02,-1.689023399353027344e+01,-2.915058898925781250e+01
3.372082421875000000e+04,8.046140000000000000e+05,1.433180570602416992e-01,-4.985361825674772263e-03,8.270944468677043915e-03,-3.386454284191131592e-02,-1.686873054504394531e+01,-2.915346527099609375e+01
3.374734765625000000e+04,8.052340000000000000e+05,1.329814046621322632e-01,5.009940639138221741e-02,2.037088759243488312e-02,-2.801423519849777222e-02,-1.694777488708496094e+01,-2.920901870727539062e+01
3.377389453125000000e+04,8.058790000000000000e+05,7.532596588134765625e-02,-1.214313581585884094e-01,-2.358547784388065338e-02,-2.534044906497001648e-02,-1.689953231811523438e+01,-2.921393394470214844e+01
3.380045703125000000e+04,8.064990000000000000e+05,7.344006001949310303e-02,1.225731223821640015e-01,3.356401249766349792e-02,-9.308855980634689331e-03,-1.689995193481445312e+01,-2.916068267822265625e+01
3.382704296875000000e+04,8.071430000000000000e+05,7.902342081069946289e-02,-1.193021833896636963e-01,-2.280057594180107117e-02,-2.621381543576717377e-02,-1.688718605041503906e+01,-2.918281745910644531e+01
3.385365234375000000e+04,8.077870000000000000e+05,8.619792759418487549e-02,1.146392226219177246e-01,3.228766843676567078e-02,-1.260557491332292557e-02,-1.686718368530273438e+01,-2.920314598083496094e+01
3.388027734375000000e+04,8.084080000000000000e+05,1.391307860612869263e-01,-3.238495811820030212e-02,1.497811637818813324e-03,-3.451932221651077271e-02,-1.690238571166992188e+01,-2.923058509826660156e+01
3.390692578125000000e+04,8.090520000000000000e+05,-7.565698772668838501e-02,1.215471774339675903e-01,2.342586964368820190e-02,2.547784894704818726e-02,-1.688294982910156250e+01,-2.921582221984863281e+01
3.393359765625000000e+04,8.096960000000000000e+05,9.288351237773895264e-02,1.088905408978462219e-01,3.134277462959289551e-02,-1.461440697312355042e-02,-1.688574600219726562e+01,-2.922286987304687500e+01
3.396028515625000000e+04,8.103170000000000000e+05,-8.225060254335403442e-02,1.166512444615364075e-01,2.196789532899856567e-02,2.689642272889614105e-02,-1.690951919555664062e+01,-2.918650436401367188e+01
3.398700000000000000e+04,8.109610000000000000e+05,4.290211945772171021e-02,1.361356079578399658e-01,3.456812724471092224e-02,-1.116687431931495667e-03,-1.690934371948242188e+01,-2.922195243835449219e+01
3.401373046875000000e+04,8.116050000000000000e+05,1.142083182930946350e-01,-8.564728498458862305e-02,-1.247496437281370163e-02,-3.218887373805046082e-02,-1.690817070007324219e+01,-2.923815536499023438e+01
3.404048437500000000e+04,8.122260000000000000e+05,1.427928060293197632e-01,-5.193579941987991333e-03,7.870279252529144287e-03,-3.365385904908180237e-02,-1.690013122558593750e+01,-2.922805404663085938e+01
3.406725781250000000e+04,8.128700000000000000e+05,-9.156506508588790894e-02,-1.096370667219161987e-01,-3.149803727865219116e-02,1.425082609057426453e-02,-1.690275192260742188e+01,-2.922554969787597656e+01
3.409405468750000000e+04,8.135140000000000000e+05,-6.835903972387313843e-02,-1.256581842899322510e-01,-3.360554203391075134e-02,7.669529877603054047e-03,-1.689031982421875000e+01,-2.925127220153808594e+01
3.412087109375000000e+04,8.141580000000000000e+05,-1.425407826900482178e-01,6.396345794200897217e-03,-7.504286244511604309e-03,3.355178609490394592e-02,-1.691248130798339844e+01,-2.927369117736816406e+01
3.414771093750000000e+04,8.148030000000000000e+05,3.225886821746826172e-02,-1.392374634742736816e-01,-3.038096986711025238e-02,-1.637292280793190002e-02,-1.689780426025390625e+01,-2.924060630798339844e+01
3.417456640625000000e+04,8.154470000000000000e+05,-1.377880126237869263e-01,3.920580819249153137e-02,1.907256373669952154e-04,3.448401018977165222e-02,-1.687767028808593750e+01,-2.924751281738281250e+01
3.420144921875000000e+04,8.160670000000000000e+05,-8.855284005403518677e-02,-1.128505393862724304e-01,-3.185570240020751953e-02,1.299479790031909943e-02,-1.686621093750000000e+01,-2.926776504516601562e+01
3.422834765625000000e+04,8.167110000000000000e+05,-1.402558833360671997e-01,3.025699034333229065e-02,-2.154542366042733192e-03,3.423075377941131592e-02,-1.686402893066406250e+01,-2.929450035095214844e+01
3.425527343750000000e+04,8.173560000000000000e+05,-5.673029646277427673e-02,-1.313149929046630859e-01,-3.408260643482208252e-02,4.849789664149284363e-03,-1.689052772521972656e+01,-2.926228713989257812e+01
3.428221484375000000e+04,8.180000000000000000e+05,-1.411472856998443604e-01,2.177224308252334595e-02,-3.860967000946402550e-03,3.416756540536880493e-02,-1.690442657470703125e+01,-2.927261543273925781e+01
3.430917968750000000e+04,8.186440000000000000e+05,-8.620926737785339355e-02,-1.140567362308502197e-01,-3.182654455304145813e-02,1.270445156842470169e-02,-1.689498329162597656e+01,-2.930209159851074219e+01
3.433616796875000000e+04,8.192880000000000000e+05,-1.376119703054428101e-01,-3.988651558756828308e-02,-1.798905432224273682e-02,2.925916574895381927e-02,-1.687653732299804688e+01,-2.928226470947265625e+01
3.436317187500000000e+04,8.199330000000000000e+05,1.414009928703308105e-01,1.789675094187259674e-02,1.316806208342313766e-02,-3.177657723426818848e-02,-1.692193222045898438e+01,-2.926960754394531250e+01
3.439020312500000000e+04,8.205770000000000000e+05,1.292037665843963623e-01,-6.196173653006553650e-02,-5.892393179237842560e-03,-3.359505161643028259e-02,-1.687550354003906250e+01,-2.934290313720703125e+01
3.441725000000000000e+04,8.212210000000000000e+05,-1.076664403080940247e-01,9.401070326566696167e-02,1.480115950107574463e-02,3.082344867289066315e-02,-1.689730072021484375e+01,-2.932126235961914062e+01
3.444432031250000000e+04,8.218650000000000000e+05,-1.379814147949218750e-01,3.674087300896644592e-02,-2.960506244562566280e-04,3.422724083065986633e-02,-1.690609169006347656e+01,-2.931223678588867188e+01
3.447141406250000000e+04,8.225100000000000000e+05,1.294359564781188965e-01,-6.139767169952392578e-02,-5.902010016143321991e-03,-3.356101736426353455e-02,-1.687751960754394531e+01,-2.935102081298828125e+01
3.449852734375000000e+04,8.231780000000000000e+05,1.421998441219329834e-01,1.544556114822626114e-02,1.254121214151382446e-02,-3.162471204996109009e-02,-1.689108085632324219e+01,-2.936514854431152344e+01
3.452566406250000000e+04,8.238220000000000000e+05,-2.355133555829524994e-02,-1.410534828901290894e-01,-3.382299467921257019e-02,-3.282905090600252151e-03,-1.689290618896484375e+01,-2.937503623962402344e+01
3.455282031250000000e+04,8.244660000000000000e+05,1.256100237369537354e-01,6.861697882413864136e-02,2.356094494462013245e-02,-2.447544038295745850e-02,-1.688539314270019531e+01,-2.937731933593750000e+01
3.457999609375000000e+04,8.251100000000000000e+05,7.441459596157073975e-02,-1.223383992910385132e-01,-2.338407561182975769e-02,-2.478109672665596008e-02,-1.688156890869140625e+01,-2.935198593139648438e+01
3.460719531250000000e+04,8.257550000000000000e+05,1.419390439987182617e-01,1.754907704889774323e-02,1.304383669048547745e-02,-3.158103302121162415e-02,-1.689207839965820312e+01,-2.932741928100585938e+01
3.463441406250000000e+04,8.263990000000000000e+05,1.405041217803955078e-01,-2.727783471345901489e-02,2.371322596445679665e-03,-3.380173817276954651e-02,-1.688553619384765625e+01,-2.939989852905273438e+01
3.466165625000000000e+04,8.270670000000000000e+05,-1.416249275207519531e-01,-2.151263505220413208e-02,-1.367534417659044266e-02,3.103973716497421265e-02,-1.687813949584960938e+01,-2.939120864868164062e+01
3.468892187500000000e+04,8.277110000000000000e+05,-1.428284943103790283e-01,-8.517747744917869568e-03,-1.083528250455856323e-02,3.216776996850967407e-02,-1.688828468322753906e+01,-2.938484001159667969e+01
3.471620703125000000e+04,8.283560000000000000e+05,1.406138539314270020e-01,2.629869244992733002e-02,1.470272801816463470e-02,-3.051105141639709473e-02,-1.689012145996093750e+01,-2.940400886535644531e+01
3.474351171875000000e+04,8.290240000000000000e+05,1.426036953926086426e-01,1.292288117110729218e-02,1.166026573628187180e-02,-3.142324462532997131e-02,-1.688186454772949219e+01,-2.949472427368164062e+01
3.477083984375000000e+04,8.296680000000000000e+05,-1.377418190240859985e-01,-3.749223798513412476e-02,-1.718374527990818024e-02,2.907030656933784485e-02,-1.690828323364257812e+01,-2.942956733703613281e+01
3.479818750000000000e+04,8.303120000000000000e+05,1.019748896360397339e-01,-1.001497507095336914e-01,-1.654899679124355316e-02,-2.937919646501541138e-02,-1.689756011962890625e+01,-2.944236946105957031e+01
3.482555859375000000e+04,8.309800000000000000e+05,1.396055072546005249e-01,2.677188999950885773e-02,1.481463108211755753e-02,-3.057823516428470612e-02,-1.694510269165039062e+01,-2.937605285644531250e+01
3.485294921875000000e+04,8.316240000000000000e+05,-2.916788309812545776e-02,-1.396505236625671387e-01,-3.367594629526138306e-02,-1.803670660592615604e-03,-1.691370773315429688e+01,-2.944116401672363281e+01
3.488036328125000000e+04,8.322690000000000000e+05,1.138041466474533081e-01,-8.538721501827239990e-02,-1.251893676817417145e-02,-3.130387887358665466e-02,-1.693738746643066406e+01,-2.944370651245117188e+01
3.490780078125000000e+04,8.329370000000000000e+05,1.363434940576553345e-01,4.169762134552001953e-02,1.792376860976219177e-02,-2.833209373056888580e-02,-1.691900062561035156e+01,-2.949245643615722656e+01
3.493525781250000000e+04,8.335810000000000000e+05,-6.911748647689819336e-02,-1.248514056205749512e-01,-3.274247050285339355e-02,7.927072234451770782e-03,-1.691113281250000000e+01,-2.945039558410644531e+01
3.496273437500000000e+04,8.342490000000000000e+05,1.015517115592956543e-02,-1.414012610912322998e-01,-3.170177340507507324e-02,-1.100831292569637299e-02,-1.696859169006347656e+01,-2.948390007019042969e+01
3.499023437500000000e+04,8.348930000000000000e+05,1.316145062446594238e-01,-5.426606535911560059e-02,-4.261883907020092010e-03,-3.344525396823883057e-02,-1.693206596374511719e+01,-2.944335556030273438e+01
3.501775781250000000e+04,8.355620000000000000e+05,1.691831275820732117e-02,1.416453868150711060e-01,3.326494619250297546e-02,4.940821323543787003e-03,-1.691443252563476562e+01,-2.946549415588378906e+01
3.504530078125000000e+04,8.362060000000000000e+05,2.996275015175342560e-02,1.060327738523483276e-01,2.631605975329875946e-02,-2.124482271028682590e-04,-1.915755844116210938e+01,-3.159529876708984375e+01
3.507286328125000000e+04,8.368740000000000000e+05,-9.237185865640640259e-02,-7.984686642885208130e-02,-2.426216378808021545e-02,1.617189869284629822e-02,-1.826578330993652344e+01,-3.070487785339355469e+01
3.510045312500000000e+04,8.375180000000000000e+05,9.060554951429367065e-02,9.017204493284225464e-02,2.622225508093833923e-02,-1.501176133751869202e-02,-1.786738204956054688e+01,-3.039548492431640625e+01
3.512805859375000000e+04,8.381860000000000000e+05,9.643550962209701538e-02,1.010993793606758118e-01,2.890984900295734406e-02,-1.573980599641799927e-02,-1.709500503540039062e+01,-2.965162658691406250e+01
3.515569140625000000e+04,8.388540000000000000e+05,-8.238194137811660767e-02,1.148709133267402649e-01,2.123443596065044403e-02,2.577093802392482758e-02,-1.699358749389648438e+01,-2.952708816528320312e+01
3.518333984375000000e+04,8.394990000000000000e+05,-7.980324327945709229e-02,1.170931011438369751e-01,2.154491469264030457e-02,2.551317960023880005e-02,-1.697250366210937500e+01,-2.952684020996093750e+01
3.521101562500000000e+04,8.401670000000000000e+05,-9.838797897100448608e-02,-9.309664368629455566e-02,-2.707748301327228546e-02,1.654698885977268219e-02,-1.736430740356445312e+01,-2.996973419189453125e+01
3.523871093750000000e+04,8.408350000000000000e+05,1.920576766133308411e-02,1.379414051771163940e-01,3.231662139296531677e-02,4.322159569710493088e-03,-1.712272262573242188e+01,-2.973448181152343750e+01
3.526642578125000000e+04,8.414790000000000000e+05,-8.598327636718750000e-02,-1.114168241620063782e-01,-3.054046072065830231e-02,1.265843026340007782e-02,-1.703184890747070312e+01,-2.961397552490234375e+01
3.529416796875000000e+04,8.421470000000000000e+05,1.337152868509292603e-01,5.026924982666969299e-02,1.938641071319580078e-02,-2.704204432666301727e-02,-1.690225791931152344e+01,-2.955811309814453125e+01
3.532192578125000000e+04,8.428150000000000000e+05,-8.223271369934082031e-02,1.172125041484832764e-01,2.156754210591316223e-02,2.552702836692333221e-02,-1.688225173950195312e+01,-2.952029228210449219e+01
3.534971093750000000e+04,8.434830000000000000e+05,4.687367379665374756e-02,1.337386965751647949e-01,3.307807445526123047e-02,-2.480232156813144684e-03,-1.697167587280273438e+01,-2.958484649658203125e+01
3.537751171875000000e+04,8.441510000000000000e+05,6.923446804285049438e-02,1.252351701259613037e-01,3.221926093101501465e-02,-7.878060452640056610e-03,-1.688728141784667969e+01,-2.958550262451171875e+01
3.540533984375000000e+04,8.447960000000000000e+05,-2.823775447905063629e-02,1.400019526481628418e-01,2.980239130556583405e-02,1.473973598331212997e-02,-1.690414237976074219e+01,-2.956463813781738281e+01
3.543318750000000000e+04,8.454640000000000000e+05,6.122773140668869019e-02,-1.288066953420639038e-01,-2.505817823112010956e-02,-2.145547047257423401e-02,-1.691649055480957031e+01,-2.963271713256835938e+01
3.546105859375000000e+04,8.461320000000000000e+05,1.370659470558166504e-01,3.982495144009590149e-02,1.702979765832424164e-02,-2.830287441611289978e-02,-1.690942764282226562e+01,-2.962148666381835938e+01
3.548894921875000000e+04,8.468000000000000000e+05,9.682711213827133179e-02,1.058202683925628662e-01,2.940202690660953522e-02,-1.515629049390554428e-02,-1.686693572998046875e+01,-2.960906219482421875e+01
3.551686328125000000e+04,8.474680000000000000e+05,8.141436427831649780e-02,-1.182179152965545654e-01,-2.136035263538360596e-02,-2.530034072697162628e-02,-1.686053085327148438e+01,-2.960041999816894531e+01
3.554480078125000000e+04,8.481360000000000000e+05,1.061843484640121460e-01,9.649017453193664551e-02,2.773220837116241455e-02,-1.780314743518829346e-02,-1.686439323425292969e+01,-2.964159202575683594e+01
3.557275781250000000e+04,8.488040000000000000e+05,1.918891258537769318e-02,-1.419375687837600708e-01,-3.059725090861320496e-02,-1.274267025291919708e-02,-1.687939453125000000e+01,-2.959173202514648438e+01
3.560073828125000000e+04,8.494720000000000000e+05,2.570815756916999817e-02,-1.407334953546524048e-01,-2.998974546790122986e-02,-1.411883067339658737e-02,-1.688949584960937500e+01,-2.959110450744628906e+01
3.562873828125000000e+04,8.501410000000000000e+05,-1.288459450006484985e-01,-6.200874224305152893e-02,-2.150125429034233093e-02,2.505800686776638031e-02,-1.689384078979492188e+01,-2.962490844726562500e+01
3.565676171875000000e+04,8.508090000000000000e+05,1.427198201417922974e-01,8.245500735938549042e-03,1.002607867121696472e-02,-3.131741657853126526e-02,-1.689584350585937500e+01,-2.966052627563476562e+01
3.568480859375000000e+04,8.514770000000000000e+05,8.326724916696548462e-02,1.160096973180770874e-01,3.085875883698463440e-02,-1.173252891749143600e-02,-1.690546798706054688e+01,-2.962607383728027344e+01
3.571287500000000000e+04,8.521450000000000000e+05,-6.010982766747474670e-02,-1.269856840372085571e-01,-3.261581063270568848e-02,5.692316219210624695e-03,-1.704684829711914062e+01,-2.960112762451171875e+01
3.574096484375000000e+04,8.528130000000000000e+05,9.442850947380065918e-02,-1.074400991201400757e-01,-1.826268248260021210e-02,-2.701254375278949738e-02,-1.689091873168945312e+01,-2.973383712768554688e+01
3.576907812500000000e+04,8.534810000000000000e+05,-1.370747834444046021e-01,-3.948919102549552917e-02,-1.663316227495670319e-02,2.795633673667907715e-02,-1.691459274291992188e+01,-2.975424575805664062e+01
3.579721484375000000e+04,8.541490000000000000e+05,8.074656128883361816e-02,-1.180514171719551086e-01,-2.144698984920978546e-02,-2.485797367990016937e-02,-1.689176368713378906e+01,-2.967424583435058594e+01
3.582537109375000000e+04,8.548170000000000000e+05,-7.363521307706832886e-02,1.224044933915138245e-01,2.299200557172298431e-02,2.350504696369171143e-02,-1.690263366699218750e+01,-2.966126441955566406e+01
3.585354687500000000e+04,8.555090000000000000e+05,-1.273165047168731689e-01,6.491098552942276001e-02,7.117094472050666809e-03,3.228798136115074158e-02,-1.689882087707519531e+01,-2.961313438415527344e+01
3.588175000000000000e+04,8.561770000000000000e+05,1.200116123072803020e-03,1.426988542079925537e-01,3.156854584813117981e-02,8.231176063418388367e-03,-1.691128349304199219e+01,-2.972925376892089844e+01
3.590997265625000000e+04,8.568450000000000000e+05,-1.406310498714447021e-01,-2.497399412095546722e-02,-1.378922350704669952e-02,2.974559925496578217e-02,-1.690353012084960938e+01,-2.968614387512207031e+01
3.593821484375000000e+04,8.575140000000000000e+05,-1.206756755709648132e-01,7.655531913042068481e-02,9.586998261511325836e-03,3.126329556107521057e-02,-1.689873313903808594e+01,-2.970898628234863281e+01
3.596648437500000000e+04,8.581820000000000000e+05,1.026523932814598083e-01,-9.972649067640304565e-02,-1.592911407351493835e-02,-2.844538539648056030e-02,-1.688608741760253906e+01,-2.973517227172851562e+01
3.599477343750000000e+04,8.588740000000000000e+05,1.385720670223236084e-01,-3.460763022303581238e-02,6.476463167928159237e-04,-3.271137550473213196e-02,-1.690371894836425781e+01,-2.970432281494140625e+01
3.602308593750000000e+04,8.595420000000000000e+05,-3.000958636403083801e-02,-1.398223936557769775e-01,-3.238561749458312988e-02,-1.364821800962090492e-03,-1.689287948608398438e+01,-2.978524971008300781e+01
3.605141796875000000e+04,8.602100000000000000e+05,1.383695751428604126e-01,-3.530256077647209167e-02,3.673506435006856918e-04,-3.261448442935943604e-02,-1.690531349182128906e+01,-2.973123741149902344e+01
3.607977343750000000e+04,8.609020000000000000e+05,5.068271886557340622e-03,-1.422176957130432129e-01,-3.122716583311557770e-02,-9.444996714591979980e-03,-1.693541526794433594e+01,-2.972917938232421875e+01
3.610815234375000000e+04,8.615700000000000000e+05,1.146177425980567932e-01,-8.431661874055862427e-02,-1.175245828926563263e-02,-3.035767003893852234e-02,-1.693649673461914062e+01,-2.974813652038574219e+01
3.613655468750000000e+04,8.622620000000000000e+05,9.743487834930419922e-02,1.006391495466232300e-01,2.791200391948223114e-02,-1.587370038032531738e-02,-1.707261276245117188e+01,-2.986718368530273438e+01
3.616497656250000000e+04,8.629300000000000000e+05,-1.078798696398735046e-01,8.683496713638305664e-02,1.295281015336513519e-02,2.882153727114200592e-02,-1.717188072204589844e+01,-3.000671005249023438e+01
3.619342187500000000e+04,8.635980000000000000e+05,3.394468501210212708e-02,-1.376703530550003052e-01,-2.855514734983444214e-02,-1.535666268318891525e-02,-1.696687889099121094e+01,-2.978304862976074219e+01
3.622189062500000000e+04,8.642900000000000000e+05,8.304208517074584961e-02,-1.038197278976440430e-01,-1.813806593418121338e-02,-2.447200007736682892e-02,-1.752652359008789062e+01,-3.032513618469238281e+01
3.625038281250000000e+04,8.649580000000000000e+05,1.242111697793006897e-01,3.456729277968406677e-02,1.497930195182561874e-02,-2.570304088294506073e-02,-1.779282379150390625e+01,-3.053044128417968750e+01
3.627889453125000000e+04,8.656500000000000000e+05,-1.298234909772872925e-01,-2.196550182998180389e-02,-1.252619922161102295e-02,2.746000140905380249e-02,-1.761035537719726562e+01,-3.040502166748046875e+01
3.630742968750000000e+04,8.663180000000000000e+05,-4.769324511289596558e-02,-1.339057087898254395e-01,-3.224855288863182068e-02,2.793908817693591118e-03,-1.694532775878906250e+01,-2.979732131958007812e+01
3.633598828125000000e+04,8.670100000000000000e+05,-6.437378376722335815e-02,-1.059840619564056396e-01,-2.721685171127319336e-02,8.154558017849922180e-03,-1.813139533996582031e+01,-3.092989921569824219e+01
3.636456640625000000e+04,8.677020000000000000e+05,1.250831335783004761e-01,6.647243350744247437e-02,2.178865857422351837e-02,-2.368575334548950195e-02,-1.697574424743652344e+01,-2.984740829467773438e+01
3.639317187500000000e+04,8.683700000000000000e+05,7.958196103572845459e-03,1.059741303324699402e-01,2.392066083848476410e-02,4.497757647186517715e-03,-1.947158050537109375e+01,-3.227364349365234375e+01
3.642179687500000000e+04,8.690620000000000000e+05,1.283156573772430420e-01,-2.180938422679901123e-02,2.844666596502065659e-03,-2.976734191179275513e-02,-1.771072387695312500e+01,-3.048571777343750000e+01
3.645044140625000000e+04,8.697300000000000000e+05,4.607468098402023315e-02,1.250534206628799438e-01,3.017428517341613770e-02,-2.973948372527956963e-03,-1.750526809692382812e+01,-3.036527633666992188e+01
3.647911328125000000e+04,8.704220000000000000e+05,-1.132165417075157166e-01,6.180428713560104370e-02,7.003365084528923035e-03,2.845212258398532867e-02,-1.778905105590820312e+01,-3.066224098205566406e+01
3.650780468750000000e+04,8.711140000000000000e+05,-2.673819102346897125e-02,1.328690499067306519e-01,2.753766253590583801e-02,1.342826988548040390e-02,-1.735911750793457031e+01,-3.027500343322753906e+01
3.653651953125000000e+04,8.718060000000000000e+05,1.355461478233337402e-01,1.176678016781806946e-02,1.061759516596794128e-02,-2.887339890003204346e-02,-1.732565116882324219e+01,-3.023922157287597656e+01
3.656525781250000000e+04,8.724740000000000000e+05,1.049763485789299011e-01,8.381140977144241333e-02,2.432177029550075531e-02,-1.813718862831592560e-02,-1.743657875061035156e+01,-3.035973358154296875e+01
3.659401953125000000e+04,8.731660000000000000e+05,-9.203515946865081787e-03,1.387859880924224854e-01,2.978593483567237854e-02,9.907145053148269653e-03,-1.713403129577636719e+01,-3.006407928466796875e+01
3.662280078125000000e+04,8.738580000000000000e+05,2.344007231295108795e-02,-1.357519030570983887e-01,-2.830409444868564606e-02,-1.299944799393415451e-02,-1.721749114990234375e+01,-3.013180160522460938e+01
3.665160937500000000e+04,8.745500000000000000e+05,-2.927723573520779610e-03,1.419893950223922729e-01,3.074797987937927246e-02,8.550008758902549744e-03,-1.695303535461425781e+01,-2.992021560668945312e+01
3.668043750000000000e+04,8.752180000000000000e+05,-1.107323095202445984e-01,8.487986773252487183e-02,1.218139845877885818e-02,2.905992418527603149e-02,-1.710717964172363281e+01,-3.003109359741210938e+01
3.670928906250000000e+04,8.759100000000000000e+05,-3.814138099551200867e-02,1.374554485082626343e-01,2.778559550642967224e-02,1.613491959869861603e-02,-1.691461944580078125e+01,-2.986162567138671875e+01
3.673816015625000000e+04,8.766020000000000000e+05,-1.391148418188095093e-01,-3.242887184023857117e-02,-1.485274545848369598e-02,2.832958474755287170e-02,-1.690272521972656250e+01,-2.990052413940429688e+01
3.676705859375000000e+04,8.772940000000000000e+05,5.212509259581565857e-02,1.331092119216918945e-01,3.184773400425910950e-02,-3.862826153635978699e-03,-1.689623641967773438e+01,-2.987500381469726562e+01
3.679597656250000000e+04,8.779860000000000000e+05,-3.493689000606536865e-02,1.390698254108428955e-01,2.812119387090206146e-02,1.551435142755508423e-02,-1.686955642700195312e+01,-2.986532211303710938e+01
3.682491796875000000e+04,8.786780000000000000e+05,1.389203667640686035e-01,-3.255805000662803650e-02,6.270172307267785072e-04,-3.208535164594650269e-02,-1.691245841979980469e+01,-2.987220573425292969e+01
3.685388281250000000e+04,8.793700000000000000e+05,-1.269149780273437500e-01,6.615721434354782104e-02,7.137789856642484665e-03,3.103353641927242279e-02,-1.688581275939941406e+01,-2.993949890136718750e+01
3.688287109375000000e+04,8.800620000000000000e+05,-1.221714820712804794e-02,1.424000263214111328e-01,3.010906279087066650e-02,1.093850750476121902e-02,-1.689794921875000000e+01,-2.988765335083007812e+01
3.691188281250000000e+04,8.807540000000000000e+05,-5.965448915958404541e-03,-1.425383538007736206e-01,-3.119567222893238068e-02,-6.740483921021223068e-03,-1.691376495361328125e+01,-2.991994667053222656e+01
3.694091406250000000e+04,8.814460000000000000e+05,4.337026923894882202e-02,-1.364193260669708252e-01,-2.700558118522167206e-02,-1.693865843117237091e-02,-1.688432312011718750e+01,-2.993012428283691406e+01
3.696996875000000000e+04,8.821380000000000000e+05,-6.240153685212135315e-02,1.282754689455032349e-01,2.434500865638256073e-02,2.086524106562137604e-02,-1.691466522216796875e+01,-2.987991142272949219e+01
3.699905078125000000e+04,8.828300000000000000e+05,-1.349090486764907837e-01,-4.669431596994400024e-02,-1.754777319729328156e-02,2.655703946948051453e-02,-1.690778541564941406e+01,-2.994304466247558594e+01
3.702815234375000000e+04,8.835220000000000000e+05,4.981828108429908752e-02,1.336969137191772461e-01,3.153255581855773926e-02,-3.417519154027104378e-03,-1.691291999816894531e+01,-2.997410011291503906e+01
3.705727734375000000e+04,8.842140000000000000e+05,-2.207877114415168762e-02,1.413806080818176270e-01,2.918260358273983002e-02,1.261574123054742813e-02,-1.688755989074707031e+01,-2.995342636108398438e+01
3.708642187500000000e+04,8.849060000000000000e+05,-4.401004314422607422e-02,1.362153887748718262e-01,2.687699533998966217e-02,1.711138337850570679e-02,-1.688426017761230469e+01,-2.993460083007812500e+01
3.711559375000000000e+04,8.856220000000000000e+05,-1.383436564356088638e-02,-1.417733132839202881e-01,-3.146433457732200623e-02,-5.046482197940349579e-03,-1.692695236206054688e+01,-2.993332290649414062e+01
3.714478515625000000e+04,8.863140000000000000e+05,1.376592069864273071e-01,-3.580434247851371765e-02,-6.653716263826936483e-05,-3.158282861113548279e-02,-1.693960952758789062e+01,-3.001095962524414062e+01
3.717400390625000000e+04,8.870060000000000000e+05,2.330939285457134247e-02,-1.397466808557510376e-01,-2.891399338841438293e-02,-1.273727789521217346e-02,-1.697399330139160156e+01,-3.000757408142089844e+01
3.720324218750000000e+04,8.876980000000000000e+05,9.504519402980804443e-02,1.047732606530189514e-01,2.770286425948143005e-02,-1.462999265640974045e-02,-1.698730659484863281e+01,-3.008116149902343750e+01
3.723250390625000000e+04,8.884130000000000000e+05,1.376022994518280029e-01,-3.327348455786705017e-02,3.952242841478437185e-04,-3.135939687490463257e-02,-1.698069381713867188e+01,-3.007195663452148438e+01
3.726178906250000000e+04,8.891050000000000000e+05,1.253068447113037109e-01,6.616348028182983398e-02,2.109391428530216217e-02,-2.320669591426849365e-02,-1.697249031066894531e+01,-3.007223892211914062e+01
3.729109765625000000e+04,8.897970000000000000e+05,1.402420848608016968e-01,-1.570864766836166382e-02,4.566791001707315445e-03,-3.092008456587791443e-02,-1.700828361511230469e+01,-3.010146713256835938e+01
3.732042968750000000e+04,8.904890000000000000e+05,6.289897114038467407e-02,-1.271777153015136719e-01,-2.399485558271408081e-02,-2.035818435251712799e-02,-1.696146392822265625e+01,-3.004273223876953125e+01
3.734978515625000000e+04,8.912050000000000000e+05,-1.377036329358816147e-02,-1.357989460229873657e-01,-3.006340935826301575e-02,-4.645047243684530258e-03,-1.729764366149902344e+01,-3.033677673339843750e+01
3.737916015625000000e+04,8.918970000000000000e+05,-1.414981633424758911e-01,-6.593442521989345551e-04,-7.999589666724205017e-03,3.044478595256805420e-02,-1.698488998413085938e+01,-3.003979682922363281e+01
3.740856250000000000e+04,8.926130000000000000e+05,-1.325732171535491943e-01,3.461830317974090576e-02,6.947496149223297834e-05,3.026300482451915741e-02,-1.726441192626953125e+01,-3.038173675537109375e+01
3.743798437500000000e+04,8.933050000000000000e+05,-3.010165505111217499e-02,-1.398522853851318359e-01,-3.153045848011970520e-02,-1.311454572714865208e-03,-1.688993072509765625e+01,-3.001788902282714844e+01
3.746743359375000000e+04,8.939970000000000000e+05,1.221720352768898010e-01,4.681026190519332886e-02,1.689082570374011993e-02,-2.361355163156986237e-02,-1.766567039489746094e+01,-3.074224090576171875e+01
3.749690234375000000e+04,8.947130000000000000e+05,-9.796640276908874512e-02,-9.205731004476547241e-02,-2.526674978435039520e-02,1.603377982974052429e-02,-1.742994689941406250e+01,-3.047938919067382812e+01
3.752639453125000000e+04,8.954050000000000000e+05,-1.126363798975944519e-01,5.693705752491950989e-02,5.963866598904132843e-03,2.736970409750938416e-02,-1.797817420959472656e+01,-3.105313873291015625e+01
3.755591406250000000e+04,8.961210000000000000e+05,-1.209899708628654480e-01,5.641362071037292480e-02,5.396807566285133362e-03,2.883227169513702393e-02,-1.749066352844238281e+01,-3.065286827087402344e+01
3.758545312500000000e+04,8.968130000000000000e+05,5.164361000061035156e-02,1.105060279369354248e-01,2.678464353084564209e-02,-4.879388958215713501e-03,-1.827436637878417969e+01,-3.130049705505371094e+01
3.761501562500000000e+04,8.975280000000000000e+05,2.846609055995941162e-02,1.273988038301467896e-01,2.887615188956260681e-02,7.325555197894573212e-04,-1.768510627746582031e+01,-3.078641891479492188e+01
3.764460156250000000e+04,8.982440000000000000e+05,1.394732892513275146e-01,-4.922224674373865128e-03,6.644647568464279175e-03,-3.016465716063976288e-02,-1.710477447509765625e+01,-3.020425415039062500e+01
3.767421093750000000e+04,8.989360000000000000e+05,-1.062865555286407471e-01,9.513983875513076782e-02,1.444039028137922287e-02,2.761191315948963165e-02,-1.691469383239746094e+01,-3.012806320190429688e+01
3.770384375000000000e+04,8.996520000000000000e+05,-3.926846012473106384e-02,1.304901242256164551e-01,2.595724537968635559e-02,1.545071043074131012e-02,-1.731195449829101562e+01,-3.039765548706054688e+01
3.773350000000000000e+04,9.003440000000000000e+05,1.032044664025306702e-01,6.769723445177078247e-02,2.010007947683334351e-02,-1.838709414005279541e-02,-1.817183876037597656e+01,-3.129538536071777344e+01
3.776317968750000000e+04,9.010600000000000000e+05,-8.451924473047256470e-02,-6.407376378774642944e-02,-1.843033358454704285e-02,1.470481511205434799e-02,-1.948888015747070312e+01,-3.254996490478515625e+01
3.779288281250000000e+04,9.017760000000000000e+05,-3.228087350726127625e-02,-1.036700457334518433e-01,-2.401879616081714630e-02,1.268112100660800934e-03,-1.928503417968750000e+01,-3.237688827514648438e+01
3.782260546875000000e+04,9.024910000000000000e+05,-1.203119531273841858e-01,-4.096525162458419800e-02,-1.523658912628889084e-02,2.358843013644218445e-02,-1.791743659973144531e+01,-3.103161048889160156e+01
3.785235546875000000e+04,9.031830000000000000e+05,-5.536358058452606201e-02,-1.087128147482872009e-01,-2.633836306631565094e-02,6.053697783499956131e-03,-1.827291870117187500e+01,-3.136465072631835938e+01
3.788212890625000000e+04,9.038990000000000000e+05,-1.267551779747009277e-01,6.524596363306045532e-02,6.999635137617588043e-03,3.043188340961933136e-02,-1.691992759704589844e+01,-3.010953521728515625e+01
3.791192578125000000e+04,9.046150000000000000e+05,-6.730231642723083496e-02,-1.234782785177230835e-01,-2.979348599910736084e-02,7.762833964079618454e-03,-1.703850936889648438e+01,-3.023231315612792969e+01
3.794174609375000000e+04,9.053310000000000000e+05,1.325824111700057983e-01,-1.299039181321859360e-02,4.150658380240201950e-03,-2.899871021509170532e-02,-1.750878906250000000e+01,-3.066435050964355469e+01
3.797158984375000000e+04,9.060470000000000000e+05,-1.624012924730777740e-02,-1.386449635028839111e-01,-3.037176467478275299e-02,-4.035408142954111099e-03,-1.710273551940917969e+01,-3.027459907531738281e+01
3.800145703125000000e+04,9.067390000000000000e+05,-8.742322772741317749e-02,-1.075753718614578247e-01,-2.759404480457305908e-02,1.277591474354267120e-02,-1.716353225708007812e+01,-3.034020233154296875e+01
3.803134375000000000e+04,9.074550000000000000e+05,-1.326504796743392944e-01,4.715969786047935486e-02,2.946717897430062294e-03,3.062946349382400513e-02,-1.702892112731933594e+01,-3.023719978332519531e+01
3.806125781250000000e+04,9.081700000000000000e+05,1.214797571301460266e-01,7.470591366291046143e-02,2.227602712810039520e-02,-2.154565416276454926e-02,-1.691685104370117188e+01,-3.017531394958496094e+01
3.809119531250000000e+04,9.088860000000000000e+05,1.425722092390060425e-01,8.382316678762435913e-03,9.558238089084625244e-03,-2.958465181291103363e-02,-1.690431594848632812e+01,-3.014748001098632812e+01
3.812115625000000000e+04,9.096020000000000000e+05,1.082914099097251892e-01,9.311672300100326538e-02,2.537660673260688782e-02,-1.776699535548686981e-02,-1.690417671203613281e+01,-3.017892456054687500e+01
3.815114062500000000e+04,9.103180000000000000e+05,-1.000671237707138062e-01,1.020183712244033813e-01,1.628365367650985718e-02,2.640146389603614807e-02,-1.689919281005859375e+01,-3.016736984252929688e+01
3.818114843750000000e+04,9.110340000000000000e+05,-2.614611200988292694e-02,-1.396473348140716553e-01,-3.079223446547985077e-02,-1.848662854172289371e-03,-1.694971275329589844e+01,-3.021555137634277344e+01
3.821117968750000000e+04,9.117490000000000000e+05,9.787245839834213257e-02,-1.043094098567962646e-01,-1.672143302857875824e-02,-2.612518332898616791e-02,-1.689105606079101562e+01,-3.016765594482421875e+01
3.824123437500000000e+04,9.124650000000000000e+05,-1.375433802604675293e-01,3.884463384747505188e-02,9.399066329933702946e-04,3.093048557639122009e-02,-1.689793395996093750e+01,-3.018825721740722656e+01
3.827131250000000000e+04,9.131810000000000000e+05,1.329790651798248291e-01,-4.988548532128334045e-02,-3.328393679112195969e-03,-3.076804056763648987e-02,-1.695251083374023438e+01,-3.018747520446777344e+01
3.830141796875000000e+04,9.138970000000000000e+05,-9.771404415369033813e-02,-1.044978052377700806e-01,-2.689738012850284576e-02,1.483287662267684937e-02,-1.688928222656250000e+01,-3.025265884399414062e+01
3.833154296875000000e+04,9.146370000000000000e+05,-7.427872624248266220e-03,1.422983556985855103e-01,2.974915690720081329e-02,9.117624722421169281e-03,-1.692418479919433594e+01,-3.014060211181640625e+01
3.836169140625000000e+04,9.153520000000000000e+05,-7.406274229288101196e-02,1.217033341526985168e-01,2.157172933220863342e-02,2.194206416606903076e-02,-1.692568206787109375e+01,-3.023744583129882812e+01
3.839186718750000000e+04,9.160680000000000000e+05,7.286008447408676147e-02,1.226672530174255371e-01,2.951976470649242401e-02,-8.963413536548614502e-03,-1.691310882568359375e+01,-3.021472930908203125e+01
3.842206250000000000e+04,9.167840000000000000e+05,-1.355992108583450317e-01,-4.478685557842254639e-02,-1.637946628034114838e-02,2.601730078458786011e-02,-1.690518760681152344e+01,-3.024482345581054688e+01
3.845228515625000000e+04,9.175000000000000000e+05,-1.357496380805969238e-01,-4.568627104163169861e-02,-1.671317033469676971e-02,2.598045580089092255e-02,-1.687924194335937500e+01,-3.020308685302734375e+01
3.848252734375000000e+04,9.182400000000000000e+05,-1.046744212508201599e-01,-9.752896428108215332e-02,-2.566770277917385101e-02,1.677271537482738495e-02,-1.688911247253417969e+01,-3.026800537109375000e+01
3.851279687500000000e+04,9.189550000000000000e+05,-2.419246733188629150e-02,1.409882605075836182e-01,2.822059206664562225e-02,1.252115517854690552e-02,-1.689031410217285156e+01,-3.020824432373046875e+01
3.854308984375000000e+04,9.196710000000000000e+05,-1.444187713786959648e-03,1.431192457675933838e-01,2.980472333729267120e-02,7.699613459408283234e-03,-1.688559722900390625e+01,-3.023372459411621094e+01
3.857340625000000000e+04,9.203870000000000000e+05,-8.750396221876144409e-02,1.121491789817810059e-01,1.894160546362400055e-02,2.400335296988487244e-02,-1.693910217285156250e+01,-3.029213905334472656e+01
3.860374609375000000e+04,9.211270000000000000e+05,-6.342417746782302856e-02,-1.275606155395507812e-01,-2.984844148159027100e-02,6.706807762384414673e-03,-1.692625045776367188e+01,-3.028765487670898438e+01
3.863410937500000000e+04,9.218430000000000000e+05,-1.049093902111053467e-01,9.634140878915786743e-02,1.466056797653436661e-02,2.694648504257202148e-02,-1.692768287658691406e+01,-3.026389312744140625e+01
3.866449609375000000e+04,9.225580000000000000e+05,-1.037162914872169495e-01,9.792734682559967041e-02,1.498470082879066467e-02,2.679359726607799530e-02,-1.691503143310546875e+01,-3.025747108459472656e+01
3.869491015625000000e+04,9.232980000000000000e+05,-1.159358099102973938e-01,8.126919716596603394e-02,1.105568651109933853e-02,2.848583646118640900e-02,-1.697976684570312500e+01,-3.029806137084960938e+01
3.872534375000000000e+04,9.240140000000000000e+05,6.169464811682701111e-02,1.285910457372665405e-01,2.985565178096294403e-02,-5.944553297013044357e-03,-1.691608810424804688e+01,-3.033061981201171875e+01
3.875580468750000000e+04,9.247540000000000000e+05,-1.428664475679397583e-01,3.672306658700108528e-03,-6.707966793328523636e-03,2.984214387834072113e-02,-1.689852523803710938e+01,-3.028932762145996094e+01
3.878628515625000000e+04,9.254700000000000000e+05,1.419623941183090210e-01,1.261078845709562302e-02,9.756407700479030609e-03,-2.881605923175811768e-02,-1.692239952087402344e+01,-3.033598899841308594e+01
3.881679296875000000e+04,9.262090000000000000e+05,-1.426426172256469727e-01,1.966453623026609421e-03,-6.916788872331380844e-03,2.976350672543048859e-02,-1.691418838500976562e+01,-3.029788780212402344e+01
3.884732421875000000e+04,9.269250000000000000e+05,-6.656935065984725952e-02,-1.262096613645553589e-01,-2.957697771489620209e-02,7.452584337443113327e-03,-1.691214752197265625e+01,-3.031358909606933594e+01
3.887788281250000000e+04,9.276650000000000000e+05,7.828099280595779419e-02,1.194575130939483643e-01,2.854906581342220306e-02,-1.006835699081420898e-02,-1.690412139892578125e+01,-3.037904930114746094e+01
3.890846093750000000e+04,9.283810000000000000e+05,-1.361547261476516724e-01,3.767256066203117371e-02,7.124969852156937122e-04,3.039349429309368134e-02,-1.699897575378417969e+01,-3.034200286865234375e+01
3.893906250000000000e+04,9.291200000000000000e+05,7.573562860488891602e-02,1.214061677455902100e-01,2.901398949325084686e-02,-9.324599988758563995e-03,-1.688768768310546875e+01,-3.032096672058105469e+01
3.896969140625000000e+04,9.298600000000000000e+05,6.394855678081512451e-02,-1.271763145923614502e-01,-2.317899279296398163e-02,-1.969407498836517334e-02,-1.693291282653808594e+01,-3.033800888061523438e+01
3.900034375000000000e+04,9.305760000000000000e+05,-1.313787400722503662e-01,-5.671844258904457092e-02,-1.828992366790771484e-02,2.424209192395210266e-02,-1.688726043701171875e+01,-3.035174942016601562e+01
3.903101953125000000e+04,9.313150000000000000e+05,-2.765143653959967196e-05,1.426903605461120605e-01,2.941623516380786896e-02,7.079145871102809906e-03,-1.691210746765136719e+01,-3.038375473022460938e+01
3.906171875000000000e+04,9.320550000000000000e+05,-1.114790290594100952e-01,8.900593966245651245e-02,1.272202935069799423e-02,2.761257998645305634e-02,-1.691443634033203125e+01,-3.034185028076171875e+01
3.909244140625000000e+04,9.327710000000000000e+05,-7.066936790943145752e-02,1.240226551890373230e-01,2.196736261248588562e-02,2.082628943026065826e-02,-1.690885734558105469e+01,-3.037962722778320312e+01
3.912319140625000000e+04,9.335110000000000000e+05,-1.406874060630798340e-01,2.336487546563148499e-02,-2.164665143936872482e-03,2.995909005403518677e-02,-1.691673278808593750e+01,-3.044681358337402344e+01
3.915396484375000000e+04,9.342500000000000000e+05,-1.224626079201698303e-01,7.372762262821197510e-02,8.820759132504463196e-03,2.884291857481002808e-02,-1.689670944213867188e+01,-3.041092300415039062e+01
3.918476171875000000e+04,9.349900000000000000e+05,1.406701952219009399e-01,-2.515993267297744751e-02,1.844755257479846478e-03,-3.009929135441780090e-02,-1.689920234680175781e+01,-3.041259384155273438e+01
3.921558203125000000e+04,9.357300000000000000e+05,7.646386325359344482e-02,1.200779378414154053e-01,2.853360958397388458e-02,-9.533165954053401947e-03,-1.693244171142578125e+01,-3.043328285217285156e+01
3.924642578125000000e+04,9.364460000000000000e+05,1.368512362241744995e-01,4.070590808987617493e-02,1.526436582207679749e-02,-2.610899694263935089e-02,-1.690684318542480469e+01,-3.038730621337890625e+01
3.927729687500000000e+04,9.371850000000000000e+05,-7.701088488101959229e-02,-1.201808378100395203e-01,-2.853479795157909393e-02,9.558800607919692993e-03,-1.690921401977539062e+01,-3.043061065673828125e+01
3.930818750000000000e+04,9.379250000000000000e+05,-1.409797966480255127e-01,-2.288114652037620544e-02,-1.178094372153282166e-02,2.758940681815147400e-02,-1.690394401550292969e+01,-3.045774078369140625e+01
3.933910546875000000e+04,9.386650000000000000e+05,1.003085076808929443e-01,-1.003660708665847778e-01,-1.573759503662586212e-02,-2.578666433691978455e-02,-1.696045303344726562e+01,-3.039708137512207031e+01
3.937005078125000000e+04,9.394040000000000000e+05,1.347530484199523926e-01,-4.809454083442687988e-02,-2.838959218934178352e-03,-2.988297678530216217e-02,-1.688850975036621094e+01,-3.045250129699707031e+01
3.940101562500000000e+04,9.401440000000000000e+05,1.038521230220794678e-01,-9.785276651382446289e-02,-1.489862240850925446e-02,-2.627962082624435425e-02,-1.691213226318359375e+01,-3.039725494384765625e+01
3.943200781250000000e+04,9.408840000000000000e+05,1.054158955812454224e-01,-9.458635747432708740e-02,-1.417178567498922348e-02,-2.638723701238632202e-02,-1.697688865661621094e+01,-3.047146606445312500e+01
3.946302343750000000e+04,9.416230000000000000e+05,-1.035893261432647705e-01,-9.699978679418563843e-02,-2.501195110380649567e-02,1.629111543297767639e-02,-1.695946884155273438e+01,-3.050123214721679688e+01
3.949406250000000000e+04,9.423630000000000000e+05,-1.154250577092170715e-01,-8.365088701248168945e-02,-2.254161983728408813e-02,1.946202851831912994e-02,-1.692067337036132812e+01,-3.052127838134765625e+01
3.952512500000000000e+04,9.431030000000000000e+05,2.830077428370714188e-03,-1.424438357353210449e-01,-2.881722338497638702e-02,-7.711996790021657944e-03,-1.692541313171386719e+01,-3.050655364990234375e+01
3.955621484375000000e+04,9.438420000000000000e+05,1.408493965864181519e-01,-1.819794625043869019e-02,3.271560184657573700e-03,-2.960156276822090149e-02,-1.695300102233886719e+01,-3.052098083496093750e+01
3.958732812500000000e+04,9.445820000000000000e+05,9.089087694883346558e-02,-1.098131462931632996e-01,-1.797639392316341400e-02,-2.395257726311683655e-02,-1.692074584960937500e+01,-3.047267150878906250e+01
3.961846484375000000e+04,9.453220000000000000e+05,7.875438779592514038e-02,-1.189688146114349365e-01,-2.026014029979705811e-02,-2.195095643401145935e-02,-1.691311073303222656e+01,-3.049480438232421875e+01
3.964962500000000000e+04,9.460850000000000000e+05,-8.244239538908004761e-02,1.153914630413055420e-01,1.937217824161052704e-02,2.275366336107254028e-02,-1.696546173095703125e+01,-3.049143218994140625e+01
3.968081250000000000e+04,9.468250000000000000e+05,-8.380315452814102173e-02,-1.154278442263603210e-01,-2.748868428170681000e-02,1.134871412068605423e-02,-1.691509056091308594e+01,-3.053340911865234375e+01
3.971202343750000000e+04,9.475650000000000000e+05,-5.136537179350852966e-02,1.320172995328903198e-01,2.430428378283977509e-02,1.697553507983684540e-02,-1.697518157958984375e+01,-3.056076812744140625e+01
3.974326171875000000e+04,9.483040000000000000e+05,-8.118551224470138550e-02,1.173749566078186035e-01,1.986344344913959503e-02,2.211865223944187164e-02,-1.691052246093750000e+01,-3.053650283813476562e+01
3.977451953125000000e+04,9.490680000000000000e+05,-1.014828458428382874e-01,-9.928565472364425659e-02,-2.502543106675148010e-02,1.569392718374729156e-02,-1.695586776733398438e+01,-3.059199142456054688e+01
3.980580468750000000e+04,9.498080000000000000e+05,-3.560394281521439552e-03,1.427896469831466675e-01,2.879705838859081268e-02,7.832688279449939728e-03,-1.690336608886718750e+01,-3.050306701660156250e+01
3.983711328125000000e+04,9.505470000000000000e+05,1.369369626045227051e-01,3.926843777298927307e-02,1.468621473759412766e-02,-2.567123807966709137e-02,-1.692637825012207031e+01,-3.058142089843750000e+01
3.986844921875000000e+04,9.512870000000000000e+05,-3.379712998867034912e-02,1.383765637874603271e-01,2.628667838871479034e-02,1.372794155031442642e-02,-1.692711067199707031e+01,-3.055790901184082031e+01
3.989980468750000000e+04,9.520510000000000000e+05,-1.389070749282836914e-01,3.100141510367393494e-02,-6.220387876965105534e-04,2.967869304120540619e-02,-1.693440628051757812e+01,-3.054919815063476562e+01
3.993119140625000000e+04,9.527900000000000000e+05,3.343670628964900970e-03,1.421531736850738525e-01,2.889067865908145905e-02,6.240473594516515732e-03,-1.694246673583984375e+01,-3.058679962158203125e+01
3.996259765625000000e+04,9.535540000000000000e+05,-1.407246142625808716e-01,-2.302293479442596436e-02,-1.157191395759582520e-02,2.743275091052055359e-02,-1.691788482666015625e+01,-3.052338409423828125e+01
3.999403125000000000e+04,9.542940000000000000e+05,7.760143838822841644e-03,-1.420256942510604858e-01,-2.832401357591152191e-02,-8.438018150627613068e-03,-1.693971443176269531e+01,-3.058761978149414062e+01
4.002548828125000000e+04,9.550330000000000000e+05,6.121159717440605164e-02,-1.292321085929870605e-01,-2.304411679506301880e-02,-1.870408467948436737e-02,-1.689353561401367188e+01,-3.055086135864257812e+01
4.005696875000000000e+04,9.557970000000000000e+05,1.379715055227279663e-01,-3.353977575898170471e-02,9.107737241720315069e-06,-2.945562452077865601e-02,-1.695486640930175781e+01,-3.061663627624511719e+01
4.008847656250000000e+04,9.565360000000000000e+05,-6.063216179609298706e-02,-1.288620531558990479e-01,-2.888027019798755646e-02,6.196164991706609726e-03,-1.692896080017089844e+01,-3.059253311157226562e+01
4.012000781250000000e+04,9.573000000000000000e+05,-3.993234038352966309e-02,1.368951350450515747e-01,2.559137344360351562e-02,1.475853007286787033e-02,-1.691758728027343750e+01,-3.059118652343750000e+01
4.015156640625000000e+04,9.580640000000000000e+05,-7.846913300454616547e-03,1.427263617515563965e-01,2.825163118541240692e-02,8.388888090848922729e-03,-1.689680862426757812e+01,-3.061216163635253906e+01
4.018314453125000000e+04,9.588030000000000000e+05,-7.318732887506484985e-02,1.217160224914550781e-01,2.084803953766822815e-02,2.043009176850318909e-02,-1.695268821716308594e+01,-3.069545555114746094e+01
4.021475390625000000e+04,9.595670000000000000e+05,1.060995087027549744e-01,9.487999230623245239e-02,2.412443049252033234e-02,-1.655302010476589203e-02,-1.693375015258789062e+01,-3.067531204223632812e+01
4.024638281250000000e+04,9.603060000000000000e+05,1.277842819690704346e-01,-5.652042850852012634e-02,-5.001646000891923904e-03,-2.849168889224529266e-02,-1.709444808959960938e+01,-3.077382087707519531e+01
4.027803906250000000e+04,9.610700000000000000e+05,6.584049016237258911e-02,-1.213822737336158752e-01,-2.108176797628402710e-02,-1.911556348204612732e-02,-1.719680595397949219e+01,-3.091597747802734375e+01
4.030971875000000000e+04,9.618340000000000000e+05,1.267115026712417603e-01,-5.790830031037330627e-02,-5.521057173609733582e-03,-2.818688005208969116e-02,-1.711992835998535156e+01,-3.083555412292480469e+01
4.034142578125000000e+04,9.625730000000000000e+05,4.969879239797592163e-02,-1.316417306661605835e-01,-2.412846870720386505e-02,-1.630522869527339935e-02,-1.703345489501953125e+01,-3.071581840515136719e+01
4.037315625000000000e+04,9.633370000000000000e+05,-5.495868250727653503e-02,-1.186709031462669373e-01,-2.674487233161926270e-02,5.218181759119033813e-03,-1.766921615600585938e+01,-3.129293251037597656e+01
4.040491015625000000e+04,9.641000000000000000e+05,1.238296478986740112e-01,3.580195596441626549e-03,6.734002847224473953e-03,-2.472825162112712860e-02,-1.813987922668457031e+01,-3.182544898986816406e+01
4.043669140625000000e+04,9.648640000000000000e+05,1.004522815346717834e-01,-9.141324460506439209e-02,-1.360053010284900665e-02,-2.452901005744934082e-02,-1.734073257446289062e+01,-3.104220390319824219e+01
4.046849609375000000e+04,9.656040000000000000e+05,-8.536653965711593628e-02,7.720581442117691040e-02,1.144355069845914841e-02,2.140727452933788300e-02,-1.877843666076660156e+01,-3.229718017578125000e+01
4.050032812500000000e+04,9.663670000000000000e+05,1.145010814070701599e-01,3.070561774075031281e-02,1.176880579441785812e-02,-2.158511988818645477e-02,-1.852220726013183594e+01,-3.218659591674804688e+01
4.053218359375000000e+04,9.671310000000000000e+05,-1.054134741425514221e-01,-6.514805555343627930e-02,-1.822927221655845642e-02,1.820853911340236664e-02,-1.813714218139648438e+01,-3.177925300598144531e+01
4.056406640625000000e+04,9.678940000000000000e+05,-1.130325570702552795e-01,8.685168623924255371e-02,1.187268178910017014e-02,2.650763280689716339e-02,-1.692085456848144531e+01,-3.073855590820312500e+01
4.059596875000000000e+04,9.686580000000000000e+05,9.884646534919738770e-02,8.509691804647445679e-02,2.169582806527614594e-02,-1.558000687509775162e-02,-1.769241714477539062e+01,-3.146639060974121094e+01
4.062790234375000000e+04,9.694210000000000000e+05,1.365367770195007324e-01,-3.724404796957969666e-02,-8.999812998808920383e-04,-2.889070287346839905e-02,-1.698331832885742188e+01,-3.078062438964843750e+01
4.065985546875000000e+04,9.701850000000000000e+05,-6.811251491308212280e-02,-1.009006127715110779e-01,-2.341455593705177307e-02,8.859273046255111694e-03,-1.829144477844238281e+01,-3.202920532226562500e+01
4.069183984375000000e+04,9.709480000000000000e+05,-1.433805469423532486e-02,1.401544362306594849e-01,2.710602618753910065e-02,9.425063617527484894e-03,-1.702264785766601562e+01,-3.084300231933593750e+01
4.072384375000000000e+04,9.717120000000000000e+05,6.844801455736160278e-02,-1.179638057947158813e-01,-2.009487710893154144e-02,-1.938451454043388367e-02,-1.730473327636718750e+01,-3.108148574829101562e+01
4.075587500000000000e+04,9.724760000000000000e+05,1.299983114004135132e-01,4.079917073249816895e-02,1.436358690261840820e-02,-2.386219985783100128e-02,-1.731325340270996094e+01,-3.110296440124511719e+01
4.078793359375000000e+04,9.732390000000000000e+05,-7.559081166982650757e-02,1.191924363374710083e-01,2.003445103764533997e-02,2.048610337078571320e-02,-1.700692939758300781e+01,-3.085625457763671875e+01
4.082001562500000000e+04,9.740030000000000000e+05,1.215332075953483582e-01,7.480917870998382568e-02,2.064574882388114929e-02,-2.030730620026588440e-02,-1.691078567504882812e+01,-3.076427650451660156e+01
4.085212109375000000e+04,9.747660000000000000e+05,-7.748794555664062500e-02,-1.186604797840118408e-01,-2.704128250479698181e-02,9.696097113192081451e-03,-1.697134780883789062e+01,-3.083416938781738281e+01
4.088425390625000000e+04,9.755300000000000000e+05,-5.531023815274238586e-02,1.312710195779800415e-01,2.324434183537960052e-02,1.698763668537139893e-02,-1.692690086364746094e+01,-3.081508827209472656e+01
4.091641015625000000e+04,9.762930000000000000e+05,-5.081817880272865295e-02,-1.333720982074737549e-01,-2.898669429123401642e-02,3.808410838246345520e-03,-1.690995979309082031e+01,-3.068169784545898438e+01
4.094859375000000000e+04,9.770810000000000000e+05,4.844455420970916748e-02,-1.342709809541702271e-01,-2.398747019469738007e-02,-1.578783430159091949e-02,-1.690890121459960938e+01,-3.083728027343750000e+01
4.098080078125000000e+04,9.778440000000000000e+05,-1.201076507568359375e-01,7.630635797977447510e-02,9.197908453643321991e-03,2.721204422414302826e-02,-1.693606948852539062e+01,-3.083495140075683594e+01
4.101303515625000000e+04,9.786080000000000000e+05,9.620925784111022949e-02,-1.042689904570579529e-01,-1.624495908617973328e-02,-2.384783700108528137e-02,-1.696194076538085938e+01,-3.079553985595703125e+01
4.104529296875000000e+04,9.793710000000000000e+05,1.316896975040435791e-01,5.301798135042190552e-02,1.644346863031387329e-02,-2.345505356788635254e-02,-1.695658493041992188e+01,-3.085906982421875000e+01
4.107757812500000000e+04,9.801590000000000000e+05,-3.785848617553710938e-02,-1.379525065422058105e-01,-2.881460264325141907e-02,1.126352581195533276e-03,-1.689006042480468750e+01,-3.080111503601074219e+01
4.110988671875000000e+04,9.809220000000000000e+05,5.131850484758615494e-04,-1.424575448036193848e-01,-2.801938354969024658e-02,-6.744949147105216980e-03,-1.692623519897460938e+01,-3.080618286132812500e+01
4.114222265625000000e+04,9.816860000000000000e+05,1.014289781451225281e-01,-9.570505470037460327e-02,-1.417566090822219849e-02,-2.440858818590641022e-02,-1.711140823364257812e+01,-3.098689651489257812e+01
4.117458203125000000e+04,9.824730000000000000e+05,1.415267437696456909e-01,1.465413719415664673e-02,9.342347271740436554e-03,-2.718973532319068909e-02,-1.693691635131835938e+01,-3.082725143432617188e+01
4.120696875000000000e+04,9.832370000000000000e+05,-8.095717430114746094e-02,-1.171838939189910889e-01,-2.655163966119289398e-02,1.042758207768201828e-02,-1.692800903320312500e+01,-3.089522933959960938e+01
4.123938281250000000e+04,9.840000000000000000e+05,1.339933276176452637e-01,4.871752113103866577e-02,1.559689734131097794e-02,-2.402806282043457031e-02,-1.691913795471191406e+01,-3.085862731933593750e+01
4.127181640625000000e+04,9.847880000000000000e+05,9.228544682264328003e-02,1.087272241711616516e-01,2.550343982875347137e-02,-1.292040292173624039e-02,-1.691687202453613281e+01,-3.087585449218750000e+01
4.130428125000000000e+04,9.855510000000000000e+05,-8.409813046455383301e-02,-1.144127845764160156e-01,-2.646818943321704865e-02,1.126120891422033310e-02,-1.695449638366699219e+01,-3.082295227050781250e+01
4.133676953125000000e+04,9.863390000000000000e+05,2.462504059076309204e-02,1.401166468858718872e-01,2.850569970905780792e-02,1.668024808168411255e-03,-1.693809509277343750e+01,-3.088652038574218750e+01
4.136928125000000000e+04,9.871020000000000000e+05,-2.921845763921737671e-03,1.428642719984054565e-01,2.770348452031612396e-02,7.072769105434417725e-03,-1.689971160888671875e+01,-3.087508392333984375e+01
4.140182031250000000e+04,9.878900000000000000e+05,-1.130989342927932739e-01,8.588528633117675781e-02,1.159807201474905014e-02,2.588891424238681793e-02,-1.695344543457031250e+01,-3.094338417053222656e+01
4.143438671875000000e+04,9.886530000000000000e+05,-1.000909432768821716e-01,-1.008963510394096375e-01,-2.414126694202423096e-02,1.499651838093996048e-02,-1.694685745239257812e+01,-3.092752075195312500e+01
4.146697656250000000e+04,9.894410000000000000e+05,1.427555978298187256e-01,4.916795063763856888e-03,7.543545681983232498e-03,-2.735019288957118988e-02,-1.690298843383789062e+01,-3.094237518310546875e+01
4.149958984375000000e+04,9.902280000000000000e+05,-5.304003600031137466e-03,1.424760520458221436e-01,2.764289453625679016e-02,7.426181808114051819e-03,-1.691914749145507812e+01,-3.086568832397460938e+01
4.153223437500000000e+04,9.909920000000000000e+05,3.543708100914955139e-02,1.370915919542312622e-01,2.835863642394542694e-02,-8.240783936344087124e-04,-1.697887802124023438e+01,-3.094262886047363281e+01
4.156490234375000000e+04,9.917790000000000000e+05,1.264423727989196777e-01,6.528973579406738281e-02,1.863497309386730194e-02,-2.190055884420871735e-02,-1.693565750122070312e+01,-3.082548522949218750e+01
4.159759375000000000e+04,9.925660000000000000e+05,1.372414380311965942e-01,3.437548130750656128e-02,1.276677101850509644e-02,-2.505356818437576294e-02,-1.698603439331054688e+01,-3.102003860473632812e+01
4.163031250000000000e+04,9.933300000000000000e+05,1.425706595182418823e-01,-5.117908120155334473e-03,5.465222988277673721e-03,-2.784730494022369385e-02,-1.691380500793457031e+01,-3.094020080566406250e+01
4.166305468750000000e+04,9.941170000000000000e+05,-9.107917547225952148e-02,1.063419505953788757e-01,1.655978709459304810e-02,2.250697463750839233e-02,-1.707654762268066406e+01,-3.107465553283691406e+01
4.169582812500000000e+04,9.949050000000000000e+05,-5.209451913833618164e-02,-1.308376491069793701e-01,-2.766656689345836639e-02,3.987737931311130524e-03,-1.702626419067382812e+01,-3.107159423828125000e+01
4.172862109375000000e+04,9.956920000000000000e+05,8.560218662023544312e-02,1.012460440397262573e-01,2.370863035321235657e-02,-1.203049719333648682e-02,-1.755018234252929688e+01,-3.150683975219726562e+01
4.176144531250000000e+04,9.964560000000000000e+05,-8.897660672664642334e-02,-9.581916779279708862e-02,-2.260609716176986694e-02,1.277944538742303848e-02,-1.767050933837890625e+01,-3.171114730834960938e+01
4.179429296875000000e+04,9.972430000000000000e+05,-5.661188438534736633e-02,1.238889992237091064e-01,2.148873731493949890e-02,1.675506308674812317e-02,-1.731576728820800781e+01,-3.129304885864257812e+01
4.182716406250000000e+04,9.980310000000000000e+05,1.225617378950119019e-01,1.354667171835899353e-02,8.221382275223731995e-03,-2.320098131895065308e-02,-1.818016624450683594e+01,-3.217615890502929688e+01
4.186006250000000000e+04,9.988180000000000000e+05,1.376210600137710571e-01,1.471867226064205170e-02,9.014519862830638885e-03,-2.586816437542438507e-02,-1.717690849304199219e+01,-3.124693679809570312e+01
4.189298828125000000e+04,9.996050000000000000e+05,-1.175618469715118408e-01,5.410610232502222061e-03,-4.096826538443565369e-03,2.337347529828548431e-02,-1.858548355102539062e+01,-3.249411773681640625e+01
4.192594140625000000e+04,1.000393000000000000e+06,-7.823642343282699585e-03,1.086890622973442078e-01,2.082527615129947662e-02,6.287484429776668549e-03,-1.925383949279785156e+01,-3.324932479858398438e+01
4.195891796875000000e+04,1.001180000000000000e+06,-1.132908016443252563e-01,-1.905095577239990234e-02,-8.902003057301044464e-03,2.115665562450885773e-02,-1.879500198364257812e+01,-3.278313064575195312e+01
4.199192187500000000e+04,1.001968000000000000e+06,-1.190775111317634583e-01,7.642226666212081909e-02,9.486407041549682617e-03,2.639687620103359222e-02,-1.698539924621582031e+01,-3.104142951965332031e+01
4.202494921875000000e+04,1.002755000000000000e+06,-6.714815646409988403e-02,-1.163375973701477051e-01,-2.573062665760517120e-02,7.621728349477052689e-03,-1.743683815002441406e+01,-3.142573356628417969e+01
4.205800390625000000e+04,1.003542000000000000e+06,-8.593880385160446167e-02,1.040646284818649292e-01,1.619487628340721130e-02,2.135941572487354279e-02,-1.739572525024414062e+01,-3.143573951721191406e+01
4.209108593750000000e+04,1.004330000000000000e+06,2.796584181487560272e-02,-1.349864751100540161e-01,-2.473295293748378754e-02,-1.149752084165811539e-02,-1.721167755126953125e+01,-3.128478622436523438e+01
4.212419140625000000e+04,1.005117000000000000e+06,5.095197353512048721e-03,1.366923004388809204e-01,2.641198225319385529e-02,5.168083123862743378e-03,-1.727908897399902344e+01,-3.140080451965332031e+01
4.215732421875000000e+04,1.005905000000000000e+06,1.104419827461242676e-01,8.763527870178222656e-02,2.173163928091526031e-02,-1.721265166997909546e-02,-1.701640892028808594e+01,-3.114333915710449219e+01
4.219048437500000000e+04,1.006692000000000000e+06,-1.428553313016891479e-01,-3.309807972982525826e-03,-6.969898473471403122e-03,2.719544246792793274e-02,-1.689974021911621094e+01,-3.103379249572753906e+01
4.222366796875000000e+04,1.007503000000000000e+06,1.425786763429641724e-01,2.190105384215712547e-03,6.743476726114749908e-03,-2.712742239236831665e-02,-1.691788482666015625e+01,-3.107142448425292969e+01
4.225687890625000000e+04,1.008291000000000000e+06,-1.125764474272727966e-01,-8.724844455718994141e-02,-2.164356224238872528e-02,1.745901443064212799e-02,-1.692809104919433594e+01,-3.111673736572265625e+01
4.229011718750000000e+04,1.009078000000000000e+06,-1.426644176244735718e-01,1.085182465612888336e-02,-4.263867624104022980e-03,2.772688306868076324e-02,-1.688863182067871094e+01,-3.104047012329101562e+01
4.232337890625000000e+04,1.009866000000000000e+06,-6.862708181142807007e-02,-1.243351176381111145e-01,-2.678269892930984497e-02,7.811609189957380295e-03,-1.695317840576171875e+01,-3.108833694458007812e+01
4.235666796875000000e+04,1.010677000000000000e+06,-1.421965658664703369e-01,6.597027648240327835e-03,-4.918091930449008942e-03,2.749810181558132172e-02,-1.693288040161132812e+01,-3.107719802856445312e+01
4.238998437500000000e+04,1.011464000000000000e+06,2.287905663251876831e-02,1.409468501806259155e-01,2.766948379576206207e-02,1.687255688011646271e-03,-1.690594100952148438e+01,-3.114385986328125000e+01
4.242332812500000000e+04,1.012252000000000000e+06,-5.940555594861507416e-03,-1.425045132637023926e-01,-2.751028910279273987e-02,-4.906676243990659714e-03,-1.691588592529296875e+01,-3.107409477233886719e+01
4.245669531250000000e+04,1.013063000000000000e+06,-5.888328887522220612e-03,-1.425708234310150146e-01,-2.730786800384521484e-02,-5.020887590944766998e-03,-1.691198539733886719e+01,-3.112985610961914062e+01
4.249008984375000000e+04,1.013850000000000000e+06,7.814060151576995850e-02,-1.187114119529724121e-01,-1.919120177626609802e-02,-2.004078403115272522e-02,-1.694684028625488281e+01,-3.113545989990234375e+01
4.252351171875000000e+04,1.014662000000000000e+06,-1.310859173536300659e-01,-5.443971976637840271e-02,-1.610789820551872253e-02,2.248885296285152435e-02,-1.695785331726074219e+01,-3.116217613220214844e+01
4.255695703125000000e+04,1.015449000000000000e+06,-1.151533722877502441e-01,-8.336261659860610962e-02,-2.092649228870868683e-02,1.811553165316581726e-02,-1.694441604614257812e+01,-3.115719795227050781e+01
4.259042968750000000e+04,1.016236000000000000e+06,-1.188165098428726196e-01,7.801716774702072144e-02,9.720944799482822418e-03,2.588073350489139557e-02,-1.694561767578125000e+01,-3.116730880737304688e+01
4.262392968750000000e+04,1.017048000000000000e+06,1.278846263885498047e-01,-5.848833918571472168e-02,-5.537551362067461014e-03,-2.712991647422313690e-02,-1.703875541687011719e+01,-3.115376472473144531e+01
4.265745703125000000e+04,1.017835000000000000e+06,-1.413886845111846924e-01,1.484986674040555954e-02,-3.433189820498228073e-03,2.742223814129829407e-02,-1.694406127929687500e+01,-3.117039680480957031e+01
4.269100781250000000e+04,1.018646000000000000e+06,-8.484713733196258545e-02,1.130652502179145813e-01,1.767232455313205719e-02,2.087135054171085358e-02,-1.699343872070312500e+01,-3.126142311096191406e+01
4.272458593750000000e+04,1.019458000000000000e+06,-7.396012078970670700e-04,-1.373352855443954468e-01,-2.607500553131103516e-02,-5.769487470388412476e-03,-1.724423217773437500e+01,-3.146792984008789062e+01
4.275819140625000000e+04,1.020245000000000000e+06,1.315625309944152832e-01,-5.426418408751487732e-02,-4.478013142943382263e-03,-2.733799815177917480e-02,-1.693504142761230469e+01,-3.114967536926269531e+01
4.279182421875000000e+04,1.021056000000000000e+06,-1.121790781617164612e-01,-7.917184382677078247e-02,-1.986929029226303101e-02,1.803624071180820465e-02,-1.724635124206542969e+01,-3.142610359191894531e+01
4.282548046875000000e+04,1.021844000000000000e+06,-1.308422088623046875e-01,2.165264450013637543e-03,-5.435158498585224152e-03,2.501949854195117950e-02,-1.766385269165039062e+01,-3.183416557312011719e+01
4.285916406250000000e+04,1.022655000000000000e+06,-9.726566821336746216e-02,9.844497591257095337e-02,1.442102249711751938e-02,2.266434766352176666e-02,-1.717785263061523438e+01,-3.141680145263671875e+01
4.289287500000000000e+04,1.023466000000000000e+06,-7.348212599754333496e-02,1.093576103448867798e-01,1.755929365754127502e-02,1.873888261616230011e-02,-1.760482597351074219e+01,-3.180802154541015625e+01
4.292661328125000000e+04,1.024278000000000000e+06,3.074789652600884438e-03,1.391072273254394531e-01,2.647509053349494934e-02,5.526334978640079498e-03,-1.713088607788085938e+01,-3.135803031921386719e+01
4.296037890625000000e+04,1.025065000000000000e+06,1.219522282481193542e-01,3.659052029252052307e-02,1.250277645885944366e-02,-2.154261432588100433e-02,-1.790184402465820312e+01,-3.207325744628906250e+01
4.299416796875000000e+04,1.025876000000000000e+06,1.315601915121078491e-01,6.472419947385787964e-03,7.005793973803520203e-03,-2.464902400970458984e-02,-1.760701179504394531e+01,-3.182662582397460938e+01
4.302798437500000000e+04,1.026688000000000000e+06,3.197845071554183960e-02,1.275665462017059326e-01,2.556972764432430267e-02,-5.672163679264485836e-04,-1.762058258056640625e+01,-3.184333992004394531e+01
4.306182812500000000e+04,1.027499000000000000e+06,1.015335768461227417e-01,-6.425512582063674927e-02,-7.757588289678096771e-03,-2.193090319633483887e-02,-1.840499496459960938e+01,-3.266686630249023438e+01
4.309569921875000000e+04,1.028310000000000000e+06,-1.144284158945083618e-01,3.692163154482841492e-02,2.157846698537468910e-03,2.358704991638660431e-02,-1.839919662475585938e+01,-3.251033020019531250e+01
4.312959765625000000e+04,1.029121000000000000e+06,9.628372639417648315e-02,-5.435043945908546448e-02,-6.191769614815711975e-03,-2.068724855780601501e-02,-1.912767791748046875e+01,-3.331334304809570312e+01
4.316351953125000000e+04,1.029933000000000000e+06,7.736110128462314606e-03,1.038288697600364685e-01,2.000330016016960144e-02,3.050428582355380058e-03,-1.964959526062011719e+01,-3.387812805175781250e+01
4.319746875000000000e+04,1.030720000000000000e+06,-2.398187294602394104e-02,1.124861612915992737e-01,2.036708593368530273e-02,9.370199404656887054e-03,-1.878497123718261719e+01,-3.298760986328125000e+01
4.323144921875000000e+04,1.031531000000000000e+06,-1.027220189571380615e-01,1.627332158386707306e-02,-1.347983954474329948e-03,2.025225944817066193e-02,-1.965907859802246094e+01,-3.385133361816406250e+01
4.326545312500000000e+04,1.032343000000000000e+06,-8.601126074790954590e-02,4.674129560589790344e-02,5.137196741998195648e-03,1.839800924062728882e-02,-2.018512725830078125e+01,-3.437852859497070312e+01
4.329948046875000000e+04,1.033154000000000000e+06,-1.059234291315078735e-01,1.646119356155395508e-02,-1.610869541764259338e-03,2.068617194890975952e-02,-1.939651870727539062e+01,-3.366014099121093750e+01
4.333353906250000000e+04,1.033989000000000000e+06,-5.351087823510169983e-02,9.285295009613037109e-02,1.523034740239381790e-02,1.405366975814104080e-02,-1.939865875244140625e+01,-3.367068099975585938e+01
4.336762500000000000e+04,1.034800000000000000e+06,-7.328659296035766602e-02,9.448059648275375366e-02,1.474757213145494461e-02,1.778404600918292999e-02,-1.844739723205566406e+01,-3.272651290893554688e+01
4.340173437500000000e+04,1.035612000000000000e+06,1.273856312036514282e-01,-1.232926268130540848e-02,3.114327089861035347e-03,-2.482677251100540161e-02,-1.785709762573242188e+01,-3.203378677368164062e+01
4.343587109375000000e+04,1.036423000000000000e+06,-1.216856166720390320e-01,-5.234523490071296692e-02,-1.509322226047515869e-02,2.078700065612792969e-02,-1.755786895751953125e+01,-3.180518913269042969e+01
4.347003515625000000e+04,1.037234000000000000e+06,-1.174889579415321350e-01,6.958473473787307739e-02,7.817436940968036652e-03,2.538446709513664246e-02,-1.729421424865722656e+01,-3.151513099670410156e+01
4.350422656250000000e+04,1.038045000000000000e+06,1.351686269044876099e-01,2.381899207830429077e-02,1.030079275369644165e-02,-2.465029805898666382e-02,-1.724967575073242188e+01,-3.146457672119140625e+01
4.353844531250000000e+04,1.038857000000000000e+06,9.564127027988433838e-02,1.024727150797843933e-01,2.326495945453643799e-02,-1.331717800348997116e-02,-1.706683731079101562e+01,-3.143509292602539062e+01
4.357269140625000000e+04,1.039692000000000000e+06,-8.677020668983459473e-02,-1.104966774582862854e-01,-2.422876656055450439e-02,1.152245979756116867e-02,-1.704684066772460938e+01,-3.142788124084472656e+01
4.360696484375000000e+04,1.040503000000000000e+06,1.401244997978210449e-01,-2.791931293904781342e-02,6.191639695316553116e-04,-2.706657536327838898e-02,-1.690064239501953125e+01,-3.134906005859375000e+01
4.364126171875000000e+04,1.041314000000000000e+06,1.086308434605598450e-01,-8.994515240192413330e-02,-1.244256552308797836e-02,-2.420246601104736328e-02,-1.701347923278808594e+01,-3.130429840087890625e+01
4.367558984375000000e+04,1.042149000000000000e+06,1.375270038843154907e-01,3.247993811964988708e-02,1.184556353837251663e-02,-2.429088577628135681e-02,-1.699651908874511719e+01,-3.136460304260253906e+01
4.370994140625000000e+04,1.042961000000000000e+06,-8.733011037111282349e-02,1.132743060588836670e-01,1.728184334933757782e-02,2.116315811872482300e-02,-1.689144897460937500e+01,-3.126946258544921875e+01
4.374432031250000000e+04,1.043772000000000000e+06,8.327917009592056274e-02,1.153243482112884521e-01,2.494195476174354553e-02,-1.066707354038953781e-02,-1.693894004821777344e+01,-3.133188438415527344e+01
4.377873046875000000e+04,1.044607000000000000e+06,-1.060378178954124451e-01,-9.490989148616790771e-02,-2.197583578526973724e-02,1.590847223997116089e-02,-1.693534088134765625e+01,-3.133112144470214844e+01
4.381316406250000000e+04,1.045418000000000000e+06,-7.122273743152618408e-02,1.229576170444488525e-01,1.994366757571697235e-02,1.830288395285606384e-02,-1.694836807250976562e+01,-3.135046958923339844e+01
4.384762500000000000e+04,1.046254000000000000e+06,-1.306387633085250854e-01,5.715581774711608887e-02,5.142318550497293472e-03,2.670715562999248505e-02,-1.691792678833007812e+01,-3.130935287475585938e+01
4.388211328125000000e+04,1.047065000000000000e+06,1.164338439702987671e-01,8.218304067850112915e-02,2.007081732153892517e-02,-1.822262071073055267e-02,-1.692271041870117188e+01,-3.133770751953125000e+01
4.391662890625000000e+04,1.047900000000000000e+06,-3.689428418874740601e-02,1.375913470983505249e-01,2.394536137580871582e-02,1.245724968612194061e-02,-1.692663002014160156e+01,-3.137532806396484375e+01
4.395117187500000000e+04,1.048711000000000000e+06,-7.394570112228393555e-02,1.217699125409126282e-01,1.954638957977294922e-02,1.862923614680767059e-02,-1.692592239379882812e+01,-3.137207031250000000e+01
4.398574218750000000e+04,1.049546000000000000e+06,6.888008117675781250e-02,1.245804503560066223e-01,2.605295926332473755e-02,-7.680136710405349731e-03,-1.693258476257324219e+01,-3.132096099853515625e+01
4.402033984375000000e+04,1.050358000000000000e+06,7.182359695434570312e-02,-1.237739101052284241e-01,-1.994341798126697540e-02,-1.855380833148956299e-02,-1.688699531555175781e+01,-3.129605865478515625e+01
4.405496093750000000e+04,1.051193000000000000e+06,1.426198631525039673e-01,-8.811741136014461517e-03,4.440215881913900375e-03,-2.661148086190223694e-02,-1.689985275268554688e+01,-3.137936401367187500e+01
4.408961328125000000e+04,1.052028000000000000e+06,1.372024714946746826e-01,4.033190757036209106e-02,1.323449518531560898e-02,-2.360498905181884766e-02,-1.689281654357910156e+01,-3.135282707214355469e+01
4.412429296875000000e+04,1.052839000000000000e+06,1.372970342636108398e-01,-3.831668198108673096e-02,-1.298387767747044563e-03,-2.685327827930450439e-02,-1.692105293273925781e+01,-3.140991210937500000e+01
4.415900000000000000e+04,1.053674000000000000e+06,-1.234632208943367004e-01,7.094521820545196533e-02,7.793332915753126144e-03,2.593124099075794220e-02,-1.693009376525878906e+01,-3.134798049926757812e+01
4.419373046875000000e+04,1.054509000000000000e+06,-1.030219569802284241e-01,9.903087466955184937e-02,1.409633457660675049e-02,2.310454472899436951e-02,-1.689930725097656250e+01,-3.135176467895507812e+01
4.422849218750000000e+04,1.055321000000000000e+06,1.371043920516967773e-01,3.555835410952568054e-02,1.225544232875108719e-02,-2.387236990034580231e-02,-1.697625541687011719e+01,-3.142615890502929688e+01
4.426328125000000000e+04,1.056156000000000000e+06,-1.060505062341690063e-01,9.454949945211410522e-02,1.309984829276800156e-02,2.331989444792270660e-02,-1.694942855834960938e+01,-3.145436859130859375e+01
4.429809765625000000e+04,1.056991000000000000e+06,-7.410678267478942871e-02,1.218768656253814697e-01,1.919580623507499695e-02,1.871007494628429413e-02,-1.691525650024414062e+01,-3.143545532226562500e+01
4.433293750000000000e+04,1.057826000000000000e+06,-1.420463174581527710e-01,-1.285781431943178177e-02,-8.050628006458282471e-03,2.553865686058998108e-02,-1.691596221923828125e+01,-3.144459152221679688e+01
4.436780859375000000e+04,1.058661000000000000e+06,5.577445030212402344e-02,1.314982324838638306e-01,2.631961368024349213e-02,-4.830725491046905518e-03,-1.690315055847167969e+01,-3.145051765441894531e+01
4.440270703125000000e+04,1.059496000000000000e+06,-1.122275814414024353e-01,8.845576643943786621e-02,1.123369671404361725e-02,2.414148114621639252e-02,-1.689955902099609375e+01,-3.149349403381347656e+01
4.443763281250000000e+04,1.060331000000000000e+06,-4.455018043518066406e-02,1.356000900268554688e-01,2.303146757185459137e-02,1.388114131987094879e-02,-1.690964126586914062e+01,-3.140781021118164062e+01
4.447258203125000000e+04,1.061167000000000000e+06,4.188979044556617737e-02,-1.356309503316879272e-01,-2.328203432261943817e-02,-1.319671608507633209e-02,-1.695713806152343750e+01,-3.144961929321289062e+01
4.450756250000000000e+04,1.062002000000000000e+06,1.195135936141014099e-01,7.778811454772949219e-02,1.927148178219795227e-02,-1.871440932154655457e-02,-1.691766738891601562e+01,-3.141691970825195312e+01
4.454257031250000000e+04,1.062837000000000000e+06,1.361580640077590942e-01,4.245178401470184326e-02,1.334855798631906509e-02,-2.301464974880218506e-02,-1.691624069213867188e+01,-3.150053787231445312e+01
4.457760546875000000e+04,1.063672000000000000e+06,8.705180138349533081e-02,-1.127961054444313049e-01,-1.726330257952213287e-02,-2.072490751743316650e-02,-1.692482948303222656e+01,-3.138141250610351562e+01
4.461266796875000000e+04,1.064507000000000000e+06,-3.317707031965255737e-02,1.383151561021804810e-01,2.404986694455146790e-02,1.171412691473960876e-02,-1.693965530395507812e+01,-3.145319366455078125e+01
4.464775781250000000e+04,1.065342000000000000e+06,-9.233001619577407837e-02,1.085638180375099182e-01,1.629891619086265564e-02,2.149321697652339935e-02,-1.692270088195800781e+01,-3.138099670410156250e+01
4.468287500000000000e+04,1.066177000000000000e+06,-3.980720415711402893e-03,1.423511654138565063e-01,2.581636048853397369e-02,6.535720545798540115e-03,-1.692938423156738281e+01,-3.149231147766113281e+01
4.471802343750000000e+04,1.067013000000000000e+06,1.413252949714660645e-01,-2.032843790948390961e-02,2.013532212004065514e-03,-2.634266577661037445e-02,-1.690666198730468750e+01,-3.156150627136230469e+01
4.475319531250000000e+04,1.067848000000000000e+06,-6.146192178130149841e-02,1.288029700517654419e-01,2.094370126724243164e-02,1.629186794161796570e-02,-1.691056442260742188e+01,-3.152388000488281250e+01
4.478839453125000000e+04,1.068683000000000000e+06,7.863443344831466675e-02,1.192145571112632751e-01,2.510103769600391388e-02,-9.343200363218784332e-03,-1.690465927124023438e+01,-3.144264221191406250e+01
4.482362500000000000e+04,1.069542000000000000e+06,-1.165987327694892883e-01,-8.165991306304931641e-02,-1.953079551458358765e-02,1.789443567395210266e-02,-1.693283271789550781e+01,-3.153871536254882812e+01
4.485887890625000000e+04,1.070377000000000000e+06,1.136952638626098633e-01,-8.423173427581787109e-02,-1.080783735960721970e-02,-2.416013926267623901e-02,-1.698501396179199219e+01,-3.154578399658203125e+01
4.489416406250000000e+04,1.071212000000000000e+06,1.132807061076164246e-01,8.598135411739349365e-02,2.006933838129043579e-02,-1.725568063557147980e-02,-1.694104766845703125e+01,-3.154568862915039062e+01
4.492947656250000000e+04,1.072047000000000000e+06,-2.980340458452701569e-02,-1.394611746072769165e-01,-2.649492770433425903e-02,-1.869108964456245303e-04,-1.691698837280273438e+01,-3.153652954101562500e+01
4.496481640625000000e+04,1.072906000000000000e+06,3.638754412531852722e-02,1.374765932559967041e-01,2.644478157162666321e-02,-1.174023025669157505e-03,-1.694135856628417969e+01,-3.154464912414550781e+01
4.500018359375000000e+04,1.073741000000000000e+06,-8.681359887123107910e-02,1.129063293337821960e-01,1.690887846052646637e-02,2.019515261054039001e-02,-1.692836952209472656e+01,-3.158794212341308594e+01
4.503557812500000000e+04,1.074600000000000000e+06,9.447491914033889771e-02,1.072016209363937378e-01,2.336188964545726776e-02,-1.283577084541320801e-02,-1.689993286132812500e+01,-3.148414611816406250e+01
4.507100000000000000e+04,1.075435000000000000e+06,-4.679424688220024109e-02,-1.340622603893280029e-01,-2.617244236171245575e-02,3.083783201873302460e-03,-1.695457839965820312e+01,-3.158323669433593750e+01
4.510644921875000000e+04,1.076271000000000000e+06,1.425437033176422119e-01,3.653802559711039066e-05,5.567716900259256363e-03,-2.565585076808929443e-02,-1.692103958129882812e+01,-3.161640930175781250e+01
4.514192968750000000e+04,1.077130000000000000e+06,1.419808119535446167e-01,1.322694681584835052e-02,8.164552040398120880e-03,-2.508029341697692871e-02,-1.691787910461425781e+01,-3.157589912414550781e+01
4.517743750000000000e+04,1.077965000000000000e+06,7.714222371578216553e-02,-1.200366467237472534e-01,-1.863169111311435699e-02,-1.863090880215167999e-02,-1.691228294372558594e+01,-3.158483695983886719e+01
4.521296875000000000e+04,1.078824000000000000e+06,-8.640927821397781372e-02,1.131031811237335205e-01,1.705700717866420746e-02,2.011069469153881073e-02,-1.693384361267089844e+01,-3.157776832580566406e+01
4.524853125000000000e+04,1.079683000000000000e+06,-5.779111385345458984e-02,-1.307310312986373901e-01,-2.570204250514507294e-02,5.114608909934759140e-03,-1.689722824096679688e+01,-3.163198661804199219e+01
4.528412109375000000e+04,1.080518000000000000e+06,-6.386534869670867920e-02,-1.276218146085739136e-01,-2.534149028360843658e-02,6.646266672760248184e-03,-1.691091918945312500e+01,-3.163445472717285156e+01
4.531974218750000000e+04,1.081377000000000000e+06,-1.248630359768867493e-01,6.962792575359344482e-02,7.583920843899250031e-03,2.524170093238353729e-02,-1.689544105529785156e+01,-3.158228111267089844e+01
4.535538671875000000e+04,1.082212000000000000e+06,1.253700107336044312e-01,-6.741779297590255737e-02,-7.092698942869901657e-03,-2.524075470864772797e-02,-1.693300628662109375e+01,-3.162789154052734375e+01
4.539106250000000000e+04,1.083071000000000000e+06,1.205011233687400818e-01,7.605397701263427734e-02,1.829700917005538940e-02,-1.885048858821392059e-02,-1.692402839660644531e+01,-3.161074447631835938e+01
4.542676562500000000e+04,1.083930000000000000e+06,1.411349922418594360e-01,2.224651165306568146e-02,9.468620643019676208e-03,-2.435326576232910156e-02,-1.690072059631347656e+01,-3.165746879577636719e+01
4.546249609375000000e+04,1.084765000000000000e+06,-8.425559848546981812e-02,-1.156229004263877869e-01,-2.395178563892841339e-02,1.065682526677846909e-02,-1.688931846618652344e+01,-3.162881469726562500e+01
4.549825390625000000e+04,1.085624000000000000e+06,5.661555752158164978e-02,-1.311463862657546997e-01,-2.110276557505130768e-02,-1.507438812404870987e-02,-1.690269851684570312e+01,-3.172266387939453125e+01
4.553403906250000000e+04,1.086483000000000000e+06,-4.749683290719985962e-02,-1.343135833740234375e-01,-2.595167979598045349e-02,3.305311547592282295e-03,-1.692587661743164062e+01,-3.164680671691894531e+01
4.556985546875000000e+04,1.087342000000000000e+06,-1.215374320745468140e-01,7.418973743915557861e-02,8.337184786796569824e-03,2.473738044500350952e-02,-1.693029212951660156e+01,-3.166568374633789062e+01
4.560569921875000000e+04,1.088201000000000000e+06,7.193972822278738022e-03,-1.419297903776168823e-01,-2.506288513541221619e-02,-6.805053912103176117e-03,-1.694738578796386719e+01,-3.171045684814453125e+01
4.564157031250000000e+04,1.089060000000000000e+06,1.309101283550262451e-01,-5.680828914046287537e-02,-5.208643153309822083e-03,-2.550519444048404694e-02,-1.691123199462890625e+01,-3.168997764587402344e+01
4.567746875000000000e+04,1.089895000000000000e+06,2.765949442982673645e-02,-1.399557888507843018e-01,-2.391886897385120392e-02,-1.040448527783155441e-02,-1.691378593444824219e+01,-3.167257690429687500e+01
4.571339453125000000e+04,1.090754000000000000e+06,-1.138928756117820740e-01,8.607921749353408813e-02,1.096778642386198044e-02,2.356014214456081390e-02,-1.690769767761230469e+01,-3.170456695556640625e+01
4.574935156250000000e+04,1.091613000000000000e+06,1.022797301411628723e-01,-9.905248880386352539e-02,-1.359927188605070114e-02,-2.208402939140796661e-02,-1.693091964721679688e+01,-3.172214508056640625e+01
4.578533593750000000e+04,1.092472000000000000e+06,1.412789523601531982e-01,-4.987672902643680573e-03,4.700400866568088531e-03,-2.539567276835441589e-02,-1.699304199218750000e+01,-3.175852012634277344e+01
4.582134765625000000e+04,1.093331000000000000e+06,1.473903283476829529e-02,-1.419222652912139893e-01,-2.466645091772079468e-02,-8.058020845055580139e-03,-1.691239929199218750e+01,-3.171749114990234375e+01
4.585739062500000000e+04,1.094190000000000000e+06,1.803441904485225677e-03,1.433040201663970947e-01,2.540903724730014801e-02,5.269899498671293259e-03,-1.687414550781250000e+01,-3.171732711791992188e+01
4.589345703125000000e+04,1.095049000000000000e+06,-1.283168494701385498e-01,6.267672777175903320e-02,6.422242149710655212e-03,2.509509585797786713e-02,-1.690506362915039062e+01,-3.173271560668945312e+01
4.592955468750000000e+04,1.095932000000000000e+06,1.262165904045104980e-01,6.646107882261276245e-02,1.687954925000667572e-02,-1.988937705755233765e-02,-1.691484642028808594e+01,-3.167167663574218750e+01
4.596568359375000000e+04,1.096791000000000000e+06,8.062060177326202393e-02,-1.162023395299911499e-01,-1.750796847045421600e-02,-1.876433566212654114e-02,-1.698912048339843750e+01,-3.181359100341796875e+01
4.600183593750000000e+04,1.097650000000000000e+06,1.048739254474639893e-01,9.674269706010818481e-02,2.116479352116584778e-02,-1.464821677654981613e-02,-1.691271591186523438e+01,-3.178801727294921875e+01
4.603801953125000000e+04,1.098509000000000000e+06,3.283254336565732956e-04,1.428631097078323364e-01,2.528975531458854675e-02,5.470599979162216187e-03,-1.690157508850097656e+01,-3.174249839782714844e+01
4.607423046875000000e+04,1.099368000000000000e+06,1.158743724226951599e-01,8.253601938486099243e-02,1.885931380093097687e-02,-1.747560873627662659e-02,-1.693809509277343750e+01,-3.179752159118652344e+01
4.611046875000000000e+04,1.100227000000000000e+06,-1.401019543409347534e-01,-2.653043717145919800e-02,-1.025809720158576965e-02,2.371727302670478821e-02,-1.691810798645019531e+01,-3.175394248962402344e+01
4.614673828125000000e+04,1.101110000000000000e+06,9.184082597494125366e-02,-1.093370914459228516e-01,-1.566904596984386444e-02,-2.029435709118843079e-02,-1.690596771240234375e+01,-3.182183456420898438e+01
4.618303515625000000e+04,1.101969000000000000e+06,-1.162550374865531921e-01,-8.218646049499511719e-02,-1.892117224633693695e-02,1.727920211851596832e-02,-1.693149375915527344e+01,-3.182711410522460938e+01
4.621935937500000000e+04,1.102828000000000000e+06,1.404064334928989410e-02,1.422699838876724243e-01,2.569841407239437103e-02,3.144967369735240936e-03,-1.689563941955566406e+01,-3.173731040954589844e+01
4.625571484375000000e+04,1.103711000000000000e+06,-1.108691282570362091e-02,-1.420034319162368774e-01,-2.535598725080490112e-02,-3.399048699066042900e-03,-1.692762947082519531e+01,-3.184103965759277344e+01
4.629209765625000000e+04,1.104570000000000000e+06,1.138090565800666809e-01,8.642687648534774780e-02,1.954806596040725708e-02,-1.658192463219165802e-02,-1.689899444580078125e+01,-3.182377052307128906e+01
4.632850781250000000e+04,1.105452000000000000e+06,1.407783329486846924e-01,-2.398000285029411316e-02,1.174504053778946400e-03,-2.564061619341373444e-02,-1.690506362915039062e+01,-3.181232643127441406e+01
4.636494921875000000e+04,1.106311000000000000e+06,-8.314047753810882568e-02,-1.160282716155052185e-01,-2.339350804686546326e-02,1.017649192363023758e-02,-1.690904426574707031e+01,-3.186540985107421875e+01
4.640141796875000000e+04,1.107170000000000000e+06,1.409577578306198120e-01,-1.927257142961025238e-02,2.055069897323846817e-03,-2.546894550323486328e-02,-1.693778419494628906e+01,-3.185159683227539062e+01
4.643791406250000000e+04,1.108053000000000000e+06,1.069970652461051941e-01,9.345187246799468994e-02,2.040362730622291565e-02,-1.515409257262945175e-02,-1.695043754577636719e+01,-3.189798164367675781e+01
4.647444140625000000e+04,1.108912000000000000e+06,8.200047165155410767e-02,-1.165273040533065796e-01,-1.726652495563030243e-02,-1.900149136781692505e-02,-1.692446327209472656e+01,-3.180989837646484375e+01
4.651099218750000000e+04,1.109795000000000000e+06,-6.278442591428756714e-02,1.275045275688171387e-01,2.001551911234855652e-02,1.580018363893032074e-02,-1.694663810729980469e+01,-3.186908531188964844e+01
4.654757812500000000e+04,1.110678000000000000e+06,-4.351717606186866760e-02,1.349769681692123413e-01,2.202258445322513580e-02,1.269274763762950897e-02,-1.696533393859863281e+01,-3.189700126647949219e+01
4.658419140625000000e+04,1.111537000000000000e+06,1.426094174385070801e-01,2.284326357766985893e-03,5.756682716310024261e-03,-2.447572723031044006e-02,-1.691592025756835938e+01,-3.199145126342773438e+01
4.662083203125000000e+04,1.112420000000000000e+06,-3.795753046870231628e-02,-1.374573260545730591e-01,-2.526213601231575012e-02,1.477482262998819351e-03,-1.691749763488769531e+01,-3.193576812744140625e+01
4.665750000000000000e+04,1.113303000000000000e+06,1.294818520545959473e-01,6.021333485841751099e-02,1.541659422218799591e-02,-2.022631466388702393e-02,-1.690557289123535156e+01,-3.189246749877929688e+01
4.669419921875000000e+04,1.114162000000000000e+06,6.879027187824249268e-02,1.245325952768325806e-01,2.415372617542743683e-02,-7.290632929652929306e-03,-1.693779373168945312e+01,-3.196163368225097656e+01
4.673092578125000000e+04,1.115045000000000000e+06,-5.934146419167518616e-02,1.296579688787460327e-01,2.032318711280822754e-02,1.513685379177331924e-02,-1.691806983947753906e+01,-3.192359161376953125e+01
4.676768359375000000e+04,1.115927000000000000e+06,1.171627268195152283e-01,-8.143580704927444458e-02,-9.773682802915573120e-03,-2.334879897534847260e-02,-1.691245841979980469e+01,-3.193351364135742188e+01
4.680446875000000000e+04,1.116786000000000000e+06,-1.666878722608089447e-02,1.422030031681060791e-01,2.391947060823440552e-02,8.228399790823459625e-03,-1.688255882263183594e+01,-3.193923568725585938e+01
4.684128125000000000e+04,1.117669000000000000e+06,7.982952147722244263e-02,1.181604117155075073e-01,2.336308360099792480e-02,-9.475377388298511505e-03,-1.691763687133789062e+01,-3.196804809570312500e+01
4.687812500000000000e+04,1.118552000000000000e+06,1.310092955827713013e-01,5.720549821853637695e-02,1.475517824292182922e-02,-2.059104852378368378e-02,-1.689606094360351562e+01,-3.192663574218750000e+01
4.691499609375000000e+04,1.119435000000000000e+06,-1.385121345520019531e-01,-3.361264988780021667e-02,-1.100603118538856506e-02,2.279705740511417389e-02,-1.692174148559570312e+01,-3.193251419067382812e+01
4.695189843750000000e+04,1.120318000000000000e+06,-9.763818234205245972e-02,-1.030684858560562134e-01,-2.171650901436805725e-02,1.340098306536674500e-02,-1.695588684082031250e+01,-3.186290359497070312e+01
4.698882812500000000e+04,1.121201000000000000e+06,-1.337972730398178101e-01,4.953100159764289856e-02,3.646557452157139778e-03,2.476456388831138611e-02,-1.691328239440917969e+01,-3.203022766113281250e+01
4.702578515625000000e+04,1.122084000000000000e+06,-4.231731221079826355e-02,1.360602527856826782e-01,2.212269231677055359e-02,1.235066913068294525e-02,-1.692436599731445312e+01,-3.192497062683105469e+01
4.706277343750000000e+04,1.122966000000000000e+06,8.894516527652740479e-02,-1.111462339758872986e-01,-1.595106348395347595e-02,-1.956515572965145111e-02,-1.693259429931640625e+01,-3.195702552795410156e+01
4.709979296875000000e+04,1.123849000000000000e+06,-1.351408511400222778e-01,4.369469732046127319e-02,2.738102339208126068e-03,2.492092736065387726e-02,-1.695245170593261719e+01,-3.201660537719726562e+01
4.713683984375000000e+04,1.124732000000000000e+06,5.087605863809585571e-02,-1.310581117868423462e-01,-2.078362181782722473e-02,-1.365896873176097870e-02,-1.704111862182617188e+01,-3.208641815185546875e+01
4.717391406250000000e+04,1.125615000000000000e+06,1.376003772020339966e-01,-2.753563597798347473e-02,2.086004387820139527e-04,-2.487113326787948608e-02,-1.705708503723144531e+01,-3.208578491210937500e+01
4.721101953125000000e+04,1.126498000000000000e+06,1.366239339113235474e-01,2.483825571835041046e-02,9.337385185062885284e-03,-2.288682200014591217e-02,-1.714824485778808594e+01,-3.213963317871093750e+01
4.724815234375000000e+04,1.127381000000000000e+06,1.093112751841545105e-01,7.009320706129074097e-02,1.609506644308567047e-02,-1.653556898236274719e-02,-1.773090553283691406e+01,-3.273699951171875000e+01
4.728531640625000000e+04,1.128264000000000000e+06,-9.992870688438415527e-02,-7.371668517589569092e-02,-1.653961092233657837e-02,1.468943059444427490e-02,-1.811918449401855469e+01,-3.310390853881835938e+01
4.732250781250000000e+04,1.129170000000000000e+06,-8.213307708501815796e-02,-1.147409901022911072e-01,-2.277833782136440277e-02,9.989458136260509491e-03,-1.700899505615234375e+01,-3.208560562133789062e+01
4.735973046875000000e+04,1.130053000000000000e+06,9.447618573904037476e-02,-7.991038262844085693e-02,-1.025925762951374054e-02,-1.933497004210948944e-02,-1.814984512329101562e+01,-3.319579696655273438e+01
4.739698046875000000e+04,1.130936000000000000e+06,4.837817326188087463e-02,1.193310469388961792e-01,2.243234589695930481e-02,-3.917299676686525345e-03,-1.780406379699707031e+01,-3.285205078125000000e+01
4.743426171875000000e+04,1.131819000000000000e+06,-1.176233589649200439e-01,-1.386949792504310608e-02,-6.779951043426990509e-03,1.981087587773799896e-02,-1.853016090393066406e+01,-3.358091354370117188e+01
4.747157031250000000e+04,1.132726000000000000e+06,-4.519464075565338135e-02,-1.282276958227157593e-01,-2.375134266912937164e-02,2.996010007336735725e-03,-1.733182907104492188e+01,-3.241767883300781250e+01
4.750891015625000000e+04,1.133608000000000000e+06,9.681311249732971191e-02,1.043707430362701416e-01,2.133860811591148376e-02,-1.284733973443508148e-02,-1.693231391906738281e+01,-3.207334899902343750e+01
4.754627734375000000e+04,1.134491000000000000e+06,1.376023590564727783e-01,-2.978668548166751862e-02,-2.487760502845048904e-04,-2.455660514533519745e-02,-1.702860069274902344e+01,-3.219618988037109375e+01
4.758367578125000000e+04,1.135398000000000000e+06,2.246645279228687286e-03,1.379881203174591064e-01,2.363519370555877686e-02,4.621825180947780609e-03,-1.720201301574707031e+01,-3.236584091186523438e+01
4.762110156250000000e+04,1.136281000000000000e+06,-1.209542229771614075e-01,-7.155454903841018677e-02,-1.670573465526103973e-02,1.778256334364414215e-02,-1.704433441162109375e+01,-3.225263214111328125e+01
4.765855859375000000e+04,1.137188000000000000e+06,-8.498969674110412598e-02,-1.144619956612586975e-01,-2.256821095943450928e-02,1.040096487849950790e-02,-1.691973876953125000e+01,-3.209360122680664062e+01
4.769604296875000000e+04,1.138070000000000000e+06,-1.162289157509803772e-01,-8.189770579338073730e-02,-1.830058544874191284e-02,1.685668155550956726e-02,-1.694296264648437500e+01,-3.208267974853515625e+01
4.773355859375000000e+04,1.138977000000000000e+06,-1.343072503805160522e-01,-4.786173626780509949e-02,-1.292278710752725601e-02,2.123760245740413666e-02,-1.691880035400390625e+01,-3.208987426757812500e+01
4.777110546875000000e+04,1.139860000000000000e+06,1.761072874069213867e-02,1.412626206874847412e-01,2.463912032544612885e-02,1.961109228432178497e-03,-1.693247604370117188e+01,-3.214006805419921875e+01
4.780867968750000000e+04,1.140767000000000000e+06,-1.317678987979888916e-01,5.455107986927032471e-02,4.486886784434318542e-03,2.431206777691841125e-02,-1.691679000854492188e+01,-3.213810348510742188e+01
4.784628125000000000e+04,1.141650000000000000e+06,-2.733466960489749908e-02,1.400337815284729004e-01,2.249271422624588013e-02,9.543921798467636108e-03,-1.691293907165527344e+01,-3.224019241333007812e+01
4.788391796875000000e+04,1.142556000000000000e+06,1.067560017108917236e-01,9.426152706146240234e-02,1.972958631813526154e-02,-1.470382232218980789e-02,-1.692887496948242188e+01,-3.217915344238281250e+01
4.792157812500000000e+04,1.143463000000000000e+06,-1.311622709035873413e-01,-5.563085153698921204e-02,-1.406991761177778244e-02,2.029853314161300659e-02,-1.692539596557617188e+01,-3.214675140380859375e+01
4.795927343750000000e+04,1.144346000000000000e+06,1.018758937716484070e-01,-9.911557286977767944e-02,-1.331118494272232056e-02,-2.075585536658763885e-02,-1.694592857360839844e+01,-3.216101455688476562e+01
4.799699609375000000e+04,1.145253000000000000e+06,1.259378492832183838e-01,-6.722978502511978149e-02,-6.875294260680675507e-03,-2.353731915354728699e-02,-1.690791893005371094e+01,-3.220926666259765625e+01
4.803474609375000000e+04,1.146159000000000000e+06,4.684634134173393250e-02,-1.347005367279052734e-01,-2.115018293261528015e-02,-1.268355920910835266e-02,-1.691674423217773438e+01,-3.215951538085937500e+01
4.807252734375000000e+04,1.147066000000000000e+06,7.139334827661514282e-02,1.229936033487319946e-01,2.362457476556301117e-02,-7.754010614007711411e-03,-1.694123649597167969e+01,-3.208839035034179688e+01
4.811033984375000000e+04,1.147949000000000000e+06,-1.409418880939483643e-01,-1.875300891697406769e-02,-7.990980520844459534e-03,2.319397218525409698e-02,-1.694298362731933594e+01,-3.220536041259765625e+01
4.814818359375000000e+04,1.148856000000000000e+06,-1.258784830570220947e-01,-6.666511297225952148e-02,-1.545422244817018509e-02,1.904777623713016510e-02,-1.692725944519042969e+01,-3.220655441284179688e+01
4.818605468750000000e+04,1.149762000000000000e+06,-5.461519211530685425e-02,1.313351988792419434e-01,2.006690017879009247e-02,1.403667964041233063e-02,-1.693966484069824219e+01,-3.222059631347656250e+01
4.822395312500000000e+04,1.150669000000000000e+06,6.877638399600982666e-02,-1.250634938478469849e-01,-1.855330541729927063e-02,-1.589031703770160675e-02,-1.690986251831054688e+01,-3.224224090576171875e+01
4.826188281250000000e+04,1.151576000000000000e+06,1.354795098304748535e-01,4.425203427672386169e-02,1.225152146071195602e-02,-2.128342911601066589e-02,-1.692227172851562500e+01,-3.219622039794921875e+01
4.829984375000000000e+04,1.152482000000000000e+06,7.983256876468658447e-02,-1.177745163440704346e-01,-1.707334816455841064e-02,-1.756929047405719757e-02,-1.693701934814453125e+01,-3.221718978881835938e+01
4.833783593750000000e+04,1.153389000000000000e+06,-6.593540310859680176e-02,1.258383393287658691e-01,1.900342293083667755e-02,1.542501524090766907e-02,-1.695019340515136719e+01,-3.222528839111328125e+01
4.837585546875000000e+04,1.154296000000000000e+06,4.142802953720092773e-02,-1.356832832098007202e-01,-2.114165760576725006e-02,-1.186439953744411469e-02,-1.696237564086914062e+01,-3.230819320678710938e+01
4.841390625000000000e+04,1.155203000000000000e+06,1.238058358430862427e-01,-7.053622603416442871e-02,-7.409890182316303253e-03,-2.323268540203571320e-02,-1.692434501647949219e+01,-3.225728225708007812e+01
4.845198437500000000e+04,1.156109000000000000e+06,1.422219872474670410e-01,-7.986197248101234436e-03,3.683269023895263672e-03,-2.426970563828945160e-02,-1.692699241638183594e+01,-3.219981765747070312e+01
4.849009375000000000e+04,1.157016000000000000e+06,-9.788826853036880493e-02,1.022506654262542725e-01,1.377249415963888168e-02,2.005491964519023895e-02,-1.698160552978515625e+01,-3.227765274047851562e+01
4.852823437500000000e+04,1.157923000000000000e+06,1.314721256494522095e-01,4.093420505523681641e-02,1.152458041906356812e-02,-2.067631296813488007e-02,-1.722149467468261719e+01,-3.251559448242187500e+01
4.856640625000000000e+04,1.158829000000000000e+06,-6.897860020399093628e-02,-1.221975013613700867e-01,-2.308790571987628937e-02,7.351404987275600433e-03,-1.705748176574707031e+01,-3.231291961669921875e+01
4.860460546875000000e+04,1.159760000000000000e+06,1.111990585923194885e-01,-6.456676870584487915e-02,-6.871325895190238953e-03,-2.108876593410968781e-02,-1.781619644165039062e+01,-3.308078002929687500e+01
4.864283593750000000e+04,1.160667000000000000e+06,-8.270672708749771118e-02,8.976328372955322266e-02,1.239549741148948669e-02,1.707813888788223267e-02,-1.826876449584960938e+01,-3.351336288452148438e+01
4.868109375000000000e+04,1.161573000000000000e+06,8.192902058362960815e-02,-9.428562968969345093e-02,-1.293858233839273453e-02,-1.704993471503257751e-02,-1.806815719604492188e+01,-3.339032745361328125e+01
4.871938671875000000e+04,1.162480000000000000e+06,-8.771544694900512695e-02,-7.666339725255966187e-02,-1.598628051578998566e-02,1.203949190676212311e-02,-1.867379379272460938e+01,-3.397386169433593750e+01
4.875770703125000000e+04,1.163411000000000000e+06,9.382637590169906616e-02,4.916810989379882812e-02,1.164256129413843155e-02,-1.440596114844083786e-02,-1.949972534179687500e+01,-3.464603424072265625e+01
4.879605468750000000e+04,1.164317000000000000e+06,-8.759871125221252441e-02,1.038921996951103210e-01,1.439096778631210327e-02,1.826753653585910797e-02,-1.733600807189941406e+01,-3.266960906982421875e+01
4.883443750000000000e+04,1.165224000000000000e+06,-1.398585587739944458e-01,-2.790326625108718872e-02,-9.465832263231277466e-03,2.229018509387969971e-02,-1.691670227050781250e+01,-3.231765747070312500e+01
4.887284765625000000e+04,1.166155000000000000e+06,-1.147200688719749451e-01,5.714823305606842041e-02,5.607190076261758804e-03,2.110151201486587524e-02,-1.784451866149902344e+01,-3.321741867065429688e+01
4.891128906250000000e+04,1.167061000000000000e+06,-1.288204789161682129e-01,4.698481410741806030e-02,3.320530988276004791e-03,2.292602695524692535e-02,-1.725789260864257812e+01,-3.270326232910156250e+01
4.894976171875000000e+04,1.167992000000000000e+06,-1.378534138202667236e-01,8.142149075865745544e-03,-3.268002765253186226e-03,2.336995303630828857e-02,-1.719652557373046875e+01,-3.254273986816406250e+01
4.898826171875000000e+04,1.168899000000000000e+06,1.836345414631068707e-03,1.346288947388529778e-03,2.907458983827382326e-04,-2.449027088005095720e-04,-5.285279846191406250e+01,-6.840100860595703125e+01
4.902679296875000000e+04,1.169829000000000000e+06,1.561664231121540070e-02,-1.406745612621307373e-01,-2.277880720794200897e-02,-7.549271918833255768e-03,-1.698249435424804688e+01,-3.239678955078125000e+01
4.906535546875000000e+04,1.170736000000000000e+06,3.537666052579879761e-02,-1.383533477783203125e-01,-2.158561535179615021e-02,-1.069718599319458008e-02,-1.690515518188476562e+01,-3.236296081542968750e+01
4.910394921875000000e+04,1.171667000000000000e+06,5.169849470257759094e-02,1.327843070030212402e-01,2.374750934541225433e-02,-4.208426456898450851e-03,-1.692409706115722656e+01,-3.235334396362304688e+01
4.914257031250000000e+04,1.172597000000000000e+06,-1.131994500756263733e-01,8.640925586223602295e-02,1.036207936704158783e-02,2.196357212960720062e-02,-1.692917633056640625e+01,-3.229316329956054688e+01
4.918122265625000000e+04,1.173504000000000000e+06,-1.240777075290679932e-01,6.831929087638854980e-02,7.135490421205759048e-03,2.293327637016773224e-02,-1.697608375549316406e+01,-3.238936996459960938e+01
4.921990625000000000e+04,1.174434000000000000e+06,5.429693683981895447e-02,1.315354555845260620e-01,2.377135492861270905e-02,-4.431016277521848679e-03,-1.693580627441406250e+01,-3.233058547973632812e+01
4.925862109375000000e+04,1.175365000000000000e+06,-9.685701131820678711e-02,-1.043906360864639282e-01,-2.066407725214958191e-02,1.247890666127204895e-02,-1.692960357666015625e+01,-3.234534835815429688e+01
4.929736718750000000e+04,1.176272000000000000e+06,6.064950488507747650e-03,-1.426140666007995605e-01,-2.323342673480510712e-02,-5.754630547016859055e-03,-1.690890502929687500e+01,-3.241915130615234375e+01
4.933614062500000000e+04,1.177202000000000000e+06,6.096919625997543335e-02,-1.289879977703094482e-01,-1.927758753299713135e-02,-1.425892114639282227e-02,-1.691325759887695312e+01,-3.240375900268554688e+01
4.937494531250000000e+04,1.178133000000000000e+06,-1.152376085519790649e-01,-8.297007530927658081e-02,-1.776010915637016296e-02,1.630024425685405731e-02,-1.695429039001464844e+01,-3.235734558105468750e+01
4.941378125000000000e+04,1.179063000000000000e+06,3.406333178281784058e-02,1.387679576873779297e-01,2.401246875524520874e-02,-8.086280431598424911e-04,-1.690011215209960938e+01,-3.238634109497070312e+01
4.945264843750000000e+04,1.179994000000000000e+06,-1.418439000844955444e-01,-4.583518020808696747e-03,-5.527201108634471893e-03,2.324807830154895782e-02,-1.695925521850585938e+01,-3.243346405029296875e+01
4.949154687500000000e+04,1.180925000000000000e+06,-7.438115775585174561e-03,-1.418447345495223999e-01,-2.369906008243560791e-02,-3.695457708090543747e-03,-1.695181083679199219e+01,-3.240104293823242188e+01
4.953047265625000000e+04,1.181831000000000000e+06,3.569359704852104187e-02,-1.385011523962020874e-01,-2.131250686943531036e-02,-1.054792385548353195e-02,-1.689166641235351562e+01,-3.247581481933593750e+01
4.956942968750000000e+04,1.182762000000000000e+06,-2.052231132984161377e-02,1.412266492843627930e-01,2.258738875389099121e-02,8.260836824774742126e-03,-1.691091346740722656e+01,-3.237747955322265625e+01
4.960842187500000000e+04,1.183692000000000000e+06,-8.386675268411636353e-02,1.155022308230400085e-01,1.611064374446868896e-02,1.776282303035259247e-02,-1.690915298461914062e+01,-3.240278625488281250e+01
4.964744140625000000e+04,1.184623000000000000e+06,-1.404815316200256348e-01,2.594058774411678314e-02,-5.294901784509420395e-04,2.384771220386028290e-02,-1.690200042724609375e+01,-3.244892501831054688e+01
4.968648828125000000e+04,1.185554000000000000e+06,4.666391760110855103e-03,1.426521539688110352e-01,2.377041429281234741e-02,4.109671339392662048e-03,-1.690978813171386719e+01,-3.235135269165039062e+01
4.972557031250000000e+04,1.186508000000000000e+06,1.279783695936203003e-01,-6.133174523711204529e-02,-5.825144238770008087e-03,-2.303652837872505188e-02,-1.695939636230468750e+01,-3.248248291015625000e+01
4.976468359375000000e+04,1.187439000000000000e+06,-1.343823820352554321e-01,4.653774946928024292e-02,3.004787256941199303e-03,2.362593822181224823e-02,-1.694124603271484375e+01,-3.246253204345703125e+01
4.980382421875000000e+04,1.188369000000000000e+06,1.114720776677131653e-01,-8.902272582054138184e-02,-1.082594506442546844e-02,-2.121182903647422791e-02,-1.691412734985351562e+01,-3.246307754516601562e+01
4.984300000000000000e+04,1.189300000000000000e+06,1.361332833766937256e-01,-4.103524237871170044e-02,-2.319846069440245628e-03,-2.362040430307388306e-02,-1.694301223754882812e+01,-3.249256134033203125e+01
4.988220312500000000e+04,1.190230000000000000e+06,-1.405934095382690430e-01,-2.366117946803569794e-02,-8.694831281900405884e-03,2.221777662634849548e-02,-1.691940498352050781e+01,-3.244712448120117188e+01
4.992143750000000000e+04,1.191161000000000000e+06,7.281269878149032593e-02,1.226189434528350830e-01,2.246843464672565460e-02,-7.756558712571859360e-03,-1.691711044311523438e+01,-3.247955703735351562e+01
4.996070312500000000e+04,1.192115000000000000e+06,-1.426523923873901367e-01,5.845506675541400909e-03,-3.860914614051580429e-03,2.360737137496471405e-02,-1.690713310241699219e+01,-3.242441177368164062e+01
5.000000000000000000e+04,1.193046000000000000e+06,-4.106680862605571747e-03,-1.424932777881622314e-01,-2.324695698916912079e-02,-3.760186256840825081e-03,-1.692050743103027344e+01,-3.256051635742187500e+01
