freq_hz,mag_db
1.000000000000000000e+04,-3.885479211807250977e+00
1.000786523437500000e+04,-3.885902881622314453e+00
1.001573730468750000e+04,-3.901075124740600586e+00
1.002361523437500000e+04,-3.893208265304565430e+00
1.003149902343750000e+04,-3.840619325637817383e+00
1.003938964843750000e+04,-3.877899885177612305e+00
1.004728613281250000e+04,-3.911687850952148438e+00
1.005518847656250000e+04,-3.850159645080566406e+00
1.006309765625000000e+04,-3.872115373611450195e+00
1.007101269531250000e+04,-3.859975337982177734e+00
1.007893457031250000e+04,-3.895447731018066406e+00
1.008686132812500000e+04,-3.916006565093994141e+00
1.009479589843750000e+04,-3.832880020141601562e+00
1.010273535156250000e+04,-3.897916793823242188e+00
1.011068164062500000e+04,-3.846688270568847656e+00
1.011863476562500000e+04,-3.829868316650390625e+00
1.012659375000000000e+04,-3.883543252944946289e+00
1.013455859375000000e+04,-3.911407470703125000e+00
1.014253027343750000e+04,-3.972278833389282227e+00
1.015050781250000000e+04,-3.935385942459106445e+00
1.015849121093750000e+04,-3.870402812957763672e+00
1.016648144531250000e+04,-3.833645343780517578e+00
1.017447753906250000e+04,-3.768952846527099609e+00
1.018248046875000000e+04,-3.775250434875488281e+00
1.019048925781250000e+04,-3.865809917449951172e+00
1.019850488281250000e+04,-3.799593210220336914e+00
1.020652636718750000e+04,-3.814460992813110352e+00
1.021455468750000000e+04,-3.923152685165405273e+00
1.022258886718750000e+04,-3.961960315704345703e+00
1.023062988281250000e+04,-3.786082506179809570e+00
1.023867675781250000e+04,-3.821174144744873047e+00
1.024672949218750000e+04,-3.792126417160034180e+00
1.025478906250000000e+04,-3.747769594192504883e+00
1.026285546875000000e+04,-3.761164665222167969e+00
1.027092773437500000e+04,-3.757635354995727539e+00
1.027900585937500000e+04,-3.922310829162597656e+00
1.028709082031250000e+04,-3.790804862976074219e+00
1.029518261718750000e+04,-3.824176311492919922e+00
1.030328027343750000e+04,-3.733119487762451172e+00
1.031138378906250000e+04,-3.836907863616943359e+00
1.031949414062500000e+04,-3.895188331604003906e+00
1.032761132812500000e+04,-3.956375122070312500e+00
1.033573437500000000e+04,-4.029400825500488281e+00
1.034386425781250000e+04,-4.033270359039306641e+00
1.035200000000000000e+04,-3.974634647369384766e+00
1.036014257812500000e+04,-3.927799463272094727e+00
1.036829101562500000e+04,-3.888079881668090820e+00
1.037644628906250000e+04,-3.807533025741577148e+00
1.038460839843750000e+04,-3.962344646453857422e+00
1.039277636718750000e+04,-3.936393499374389648e+00
1.040095019531250000e+04,-3.879641056060791016e+00
1.040913183593750000e+04,-3.880676269531250000e+00
1.041731835937500000e+04,-3.950262308120727539e+00
1.042551269531250000e+04,-4.069773197174072266e+00
1.043371289062500000e+04,-3.963208675384521484e+00
1.044191894531250000e+04,-3.945137262344360352e+00
1.045013281250000000e+04,-4.000769138336181641e+00
1.045835253906250000e+04,-4.075397968292236328e+00
1.046657812500000000e+04,-4.135756015777587891e+00
1.047481054687500000e+04,-4.053112983703613281e+00
1.048304980468750000e+04,-4.031079292297363281e+00
1.049129492187500000e+04,-4.036410808563232422e+00
1.049954687500000000e+04,-4.053930282592773438e+00
1.050780566406250000e+04,-4.045800209045410156e+00
1.051607031250000000e+04,-4.113214492797851562e+00
1.052434179687500000e+04,-4.090991973876953125e+00
1.053262011718750000e+04,-4.116431236267089844e+00
1.054090429687500000e+04,-4.093449592590332031e+00
1.054919531250000000e+04,-4.135400772094726562e+00
1.055749218750000000e+04,-4.147576332092285156e+00
1.056579687500000000e+04,-4.165544509887695312e+00
1.057410742187500000e+04,-4.146981239318847656e+00
1.058242382812500000e+04,-4.155399322509765625e+00
1.059074804687500000e+04,-4.143224239349365234e+00
1.059907812500000000e+04,-4.169237613677978516e+00
1.060741503906250000e+04,-4.208539009094238281e+00
1.061575781250000000e+04,-4.194593906402587891e+00
1.062410742187500000e+04,-4.210371971130371094e+00
1.063246386718750000e+04,-4.210725784301757812e+00
1.064082714843750000e+04,-4.199740886688232422e+00
1.064919726562500000e+04,-4.218663692474365234e+00
1.065757324218750000e+04,-4.235039710998535156e+00
1.066595605468750000e+04,-4.253119468688964844e+00
1.067434472656250000e+04,-4.251493453979492188e+00
1.068274121093750000e+04,-4.245154380798339844e+00
1.069114355468750000e+04,-4.250660896301269531e+00
1.069955273437500000e+04,-4.253426074981689453e+00
1.070796875000000000e+04,-4.280280113220214844e+00
1.071639062500000000e+04,-4.272439479827880859e+00
1.072481933593750000e+04,-4.253582000732421875e+00
1.073325488281250000e+04,-4.260110378265380859e+00
1.074169726562500000e+04,-4.282199382781982422e+00
1.075014648437500000e+04,-4.283091545104980469e+00
1.075860156250000000e+04,-4.307970046997070312e+00
1.076706445312500000e+04,-4.302472114562988281e+00
1.077553320312500000e+04,-4.277416706085205078e+00
1.078400878906250000e+04,-4.306143283843994141e+00
1.079249121093750000e+04,-4.310178279876708984e+00
1.080097949218750000e+04,-4.305920600891113281e+00
1.080947558593750000e+04,-4.323225498199462891e+00
1.081797753906250000e+04,-4.305861949920654297e+00
1.082648632812500000e+04,-4.316886901855468750e+00
1.083500195312500000e+04,-4.314751625061035156e+00
1.084352441406250000e+04,-4.331366062164306641e+00
1.085205273437500000e+04,-4.334458351135253906e+00
1.086058886718750000e+04,-4.327543735504150391e+00
1.086913085937500000e+04,-4.319286823272705078e+00
1.087768066406250000e+04,-4.359586715698242188e+00
1.088623632812500000e+04,-4.346499919891357422e+00
1.089479882812500000e+04,-4.367938995361328125e+00
1.090336816406250000e+04,-4.362027645111083984e+00
1.091194433593750000e+04,-4.354263305664062500e+00
1.092052734375000000e+04,-4.382165431976318359e+00
1.092911621093750000e+04,-4.369220733642578125e+00
1.093771289062500000e+04,-4.362362861633300781e+00
1.094631542968750000e+04,-4.354156970977783203e+00
1.095492578125000000e+04,-4.369787693023681641e+00
1.096354199218750000e+04,-4.395226955413818359e+00
1.097216601562500000e+04,-4.398978710174560547e+00
1.098079589843750000e+04,-4.401453495025634766e+00
1.098943261718750000e+04,-4.393767833709716797e+00
1.099807617187500000e+04,-4.401301383972167969e+00
1.100672753906250000e+04,-4.403717994689941406e+00
1.101538476562500000e+04,-4.408888339996337891e+00
1.102404882812500000e+04,-4.407127857208251953e+00
1.103271972656250000e+04,-4.416349887847900391e+00
1.104139746093750000e+04,-4.408304214477539062e+00
1.105008203125000000e+04,-4.418314456939697266e+00
1.105877343750000000e+04,-4.432726383209228516e+00
1.106747167968750000e+04,-4.435349941253662109e+00
1.107617675781250000e+04,-4.452538967132568359e+00
1.108488867187500000e+04,-4.440455913543701172e+00
1.109360742187500000e+04,-4.454149723052978516e+00
1.110233398437500000e+04,-4.457576751708984375e+00
1.111106640625000000e+04,-4.465043067932128906e+00
1.111980566406250000e+04,-4.476503372192382812e+00
1.112855175781250000e+04,-4.465665340423583984e+00
1.113730468750000000e+04,-4.474133014678955078e+00
1.114606542968750000e+04,-4.460638046264648438e+00
1.115483203125000000e+04,-4.484228610992431641e+00
1.116360546875000000e+04,-4.481722354888916016e+00
1.117238671875000000e+04,-4.477421283721923828e+00
1.118117382812500000e+04,-4.496713638305664062e+00
1.118996875000000000e+04,-4.492145061492919922e+00
1.119877050781250000e+04,-4.503876686096191406e+00
1.120757910156250000e+04,-4.509454250335693359e+00
1.121639453125000000e+04,-4.522832870483398438e+00
1.122521679687500000e+04,-4.517739772796630859e+00
1.123404589843750000e+04,-4.519538402557373047e+00
1.124288183593750000e+04,-4.510648727416992188e+00
1.125172460937500000e+04,-4.526387691497802734e+00
1.126057519531250000e+04,-4.509517669677734375e+00
1.126943164062500000e+04,-4.552144050598144531e+00
1.127829589843750000e+04,-4.528792381286621094e+00
1.128716699218750000e+04,-4.557059288024902344e+00
1.129604492187500000e+04,-4.529015541076660156e+00
1.130492968750000000e+04,-4.569603443145751953e+00
1.131382128906250000e+04,-4.545897960662841797e+00
1.132272070312500000e+04,-4.560844898223876953e+00
1.133162597656250000e+04,-4.566281318664550781e+00
1.134053906250000000e+04,-4.558016300201416016e+00
1.134945898437500000e+04,-4.572262287139892578e+00
1.135838574218750000e+04,-4.574356555938720703e+00
1.136732031250000000e+04,-4.570173740386962891e+00
1.137626074218750000e+04,-4.578085422515869141e+00
1.138520898437500000e+04,-4.576620101928710938e+00
1.139416406250000000e+04,-4.581678390502929688e+00
1.140312597656250000e+04,-4.610141754150390625e+00
1.141209570312500000e+04,-4.627609729766845703e+00
1.142107128906250000e+04,-4.593758106231689453e+00
1.143005468750000000e+04,-4.605593681335449219e+00
1.143904492187500000e+04,-4.612111568450927734e+00
1.144804296875000000e+04,-4.596048831939697266e+00
1.145704687500000000e+04,-4.635891437530517578e+00
1.146605859375000000e+04,-4.622530937194824219e+00
1.147507714843750000e+04,-4.637137413024902344e+00
1.148410253906250000e+04,-4.659893512725830078e+00
1.149313574218750000e+04,-4.638040542602539062e+00
1.150217578125000000e+04,-4.651962757110595703e+00
1.151122265625000000e+04,-4.655613899230957031e+00
1.152027734375000000e+04,-4.671515941619873047e+00
1.152933789062500000e+04,-4.665180206298828125e+00
1.153840625000000000e+04,-4.659811019897460938e+00
1.154748242187500000e+04,-4.665019989013671875e+00
1.155656542968750000e+04,-4.675595760345458984e+00
1.156565429687500000e+04,-4.677049636840820312e+00
1.157475195312500000e+04,-4.688906192779541016e+00
1.158385546875000000e+04,-4.685250759124755859e+00
1.159296679687500000e+04,-4.701706409454345703e+00
1.160208593750000000e+04,-4.721384525299072266e+00
1.161121093750000000e+04,-4.687917709350585938e+00
1.162034375000000000e+04,-4.730334758758544922e+00
1.162948437500000000e+04,-4.701773166656494141e+00
1.163863085937500000e+04,-4.733377456665039062e+00
1.164778613281250000e+04,-4.715536117553710938e+00
1.165694726562500000e+04,-4.732972145080566406e+00
1.166611621093750000e+04,-4.723946571350097656e+00
1.167529199218750000e+04,-4.720012664794921875e+00
1.168447558593750000e+04,-4.748564243316650391e+00
1.169366601562500000e+04,-4.758799552917480469e+00
1.170286328125000000e+04,-4.738336563110351562e+00
1.171206835937500000e+04,-4.719102382659912109e+00
1.172128027343750000e+04,-4.739154338836669922e+00
1.173050000000000000e+04,-4.737153530120849609e+00
1.173972656250000000e+04,-4.761082172393798828e+00
1.174895996093750000e+04,-4.782659530639648438e+00
1.175820117187500000e+04,-4.788207054138183594e+00
1.176745019531250000e+04,-4.787571907043457031e+00
1.177670605468750000e+04,-4.779491424560546875e+00
1.178596875000000000e+04,-4.789441585540771484e+00
1.179523925781250000e+04,-4.802317142486572266e+00
1.180451660156250000e+04,-4.798550128936767578e+00
1.181380175781250000e+04,-4.806295394897460938e+00
1.182309375000000000e+04,-4.813115119934082031e+00
1.183239257812500000e+04,-4.813264846801757812e+00
1.184170019531250000e+04,-4.821908950805664062e+00
1.185101367187500000e+04,-4.824636459350585938e+00
1.186033496093750000e+04,-4.824518203735351562e+00
1.186966406250000000e+04,-4.823753833770751953e+00
1.187900000000000000e+04,-4.840818405151367188e+00
1.188834375000000000e+04,-4.821598052978515625e+00
1.189769433593750000e+04,-4.850796699523925781e+00
1.190705273437500000e+04,-4.841550827026367188e+00
1.191641796875000000e+04,-4.867207527160644531e+00
1.192579101562500000e+04,-4.857736110687255859e+00
1.193517089843750000e+04,-4.859435081481933594e+00
1.194455859375000000e+04,-4.874942779541015625e+00
1.195395410156250000e+04,-4.869344711303710938e+00
1.196335644531250000e+04,-4.864094734191894531e+00
1.197276562500000000e+04,-4.886210441589355469e+00
1.198218359375000000e+04,-4.888338088989257812e+00
1.199160742187500000e+04,-4.880355358123779297e+00
1.200104003906250000e+04,-4.892286777496337891e+00
1.201047949218750000e+04,-4.880416870117187500e+00
1.201992578125000000e+04,-4.919057369232177734e+00
1.202938085937500000e+04,-4.890986919403076172e+00
1.203884179687500000e+04,-4.888359546661376953e+00
1.204831152343750000e+04,-4.905853748321533203e+00
1.205778808593750000e+04,-4.915865421295166016e+00
1.206727246093750000e+04,-4.894794940948486328e+00
1.207676367187500000e+04,-4.939382553100585938e+00
1.208626269531250000e+04,-4.934507369995117188e+00
1.209576855468750000e+04,-4.958492279052734375e+00
1.210528320312500000e+04,-4.960412025451660156e+00
1.211480468750000000e+04,-4.958640575408935547e+00
1.212433300781250000e+04,-4.967027664184570312e+00
1.213387011718750000e+04,-4.949038028717041016e+00
1.214341406250000000e+04,-4.983039855957031250e+00
1.215296484375000000e+04,-4.967251777648925781e+00
1.216252441406250000e+04,-4.976263046264648438e+00
1.217209082031250000e+04,-4.957762718200683594e+00
1.218166406250000000e+04,-4.991393566131591797e+00
1.219124609375000000e+04,-4.984976768493652344e+00
1.220083496093750000e+04,-4.992762088775634766e+00
1.221043164062500000e+04,-4.969285011291503906e+00
1.222003515625000000e+04,-4.993386745452880859e+00
1.222964746093750000e+04,-4.988582134246826172e+00
1.223926660156250000e+04,-5.012627124786376953e+00
1.224889355468750000e+04,-5.000052928924560547e+00
1.225852734375000000e+04,-5.002200603485107422e+00
1.226816992187500000e+04,-4.997817039489746094e+00
1.227781933593750000e+04,-5.020285129547119141e+00
1.228747656250000000e+04,-5.027542114257812500e+00
1.229714160156250000e+04,-5.023298740386962891e+00
1.230681347656250000e+04,-5.020145893096923828e+00
1.231649316406250000e+04,-5.043472766876220703e+00
1.232618066406250000e+04,-5.054711341857910156e+00
1.233587597656250000e+04,-5.033719539642333984e+00
1.234557910156250000e+04,-5.060221672058105469e+00
1.235528906250000000e+04,-5.051708221435546875e+00
1.236500781250000000e+04,-5.059000968933105469e+00
1.237473339843750000e+04,-5.061094284057617188e+00
1.238446679687500000e+04,-5.064217567443847656e+00
1.239420800781250000e+04,-5.060304641723632812e+00
1.240395605468750000e+04,-5.059662342071533203e+00
1.241371289062500000e+04,-5.079052925109863281e+00
1.242347656250000000e+04,-5.078444480895996094e+00
1.243324804687500000e+04,-5.079632282257080078e+00
1.244302734375000000e+04,-5.089212417602539062e+00
1.245281445312500000e+04,-5.095996856689453125e+00
1.246260937500000000e+04,-5.130143642425537109e+00
1.247241210937500000e+04,-5.122705459594726562e+00
1.248222265625000000e+04,-5.122467994689941406e+00
1.249204003906250000e+04,-5.117837905883789062e+00
1.250186621093750000e+04,-5.137619018554687500e+00
1.251169921875000000e+04,-5.136205673217773438e+00
1.252154003906250000e+04,-5.129115581512451172e+00
1.253138867187500000e+04,-5.127713203430175781e+00
1.254124609375000000e+04,-5.143333435058593750e+00
1.255111035156250000e+04,-5.186973571777343750e+00
1.256098242187500000e+04,-5.152941703796386719e+00
1.257086230468750000e+04,-5.173754215240478516e+00
1.258075000000000000e+04,-5.160162448883056641e+00
1.259064453125000000e+04,-5.159551620483398438e+00
1.260054785156250000e+04,-5.165660858154296875e+00
1.261045898437500000e+04,-5.182308673858642578e+00
1.262037792968750000e+04,-5.159960746765136719e+00
1.263030468750000000e+04,-5.184907436370849609e+00
1.264023925781250000e+04,-5.182308673858642578e+00
1.265018066406250000e+04,-5.200379371643066406e+00
1.266013085937500000e+04,-5.195580482482910156e+00
1.267008886718750000e+04,-5.226730823516845703e+00
1.268005468750000000e+04,-5.197691917419433594e+00
1.269002832031250000e+04,-5.197574615478515625e+00
1.270000976562500000e+04,-5.212546348571777344e+00
1.270999902343750000e+04,-5.238176345825195312e+00
1.271999609375000000e+04,-5.224392890930175781e+00
1.273000097656250000e+04,-5.219388008117675781e+00
1.274001367187500000e+04,-5.253542900085449219e+00
1.275003417968750000e+04,-5.261782646179199219e+00
1.276006250000000000e+04,-5.241214752197265625e+00
1.277009960937500000e+04,-5.252452373504638672e+00
1.278014355468750000e+04,-5.267256736755371094e+00
1.279019531250000000e+04,-5.285962104797363281e+00
1.280025585937500000e+04,-5.262393474578857422e+00
1.281032421875000000e+04,-5.279955863952636719e+00
1.282040039062500000e+04,-5.269954204559326172e+00
1.283048339843750000e+04,-5.261401176452636719e+00
1.284057617187500000e+04,-5.305905342102050781e+00
1.285067578125000000e+04,-5.298985481262207031e+00
1.286078320312500000e+04,-5.294079303741455078e+00
1.287089843750000000e+04,-5.272703170776367188e+00
1.288102246093750000e+04,-5.329017162322998047e+00
1.289115429687500000e+04,-5.305471897125244141e+00
1.290129394531250000e+04,-5.298418521881103516e+00
1.291144140625000000e+04,-5.324341773986816406e+00
1.292159667968750000e+04,-5.318448066711425781e+00
1.293175976562500000e+04,-5.314524650573730469e+00
1.294193164062500000e+04,-5.336494922637939453e+00
1.295211132812500000e+04,-5.317085266113281250e+00
1.296229882812500000e+04,-5.360639095306396484e+00
1.297249414062500000e+04,-5.339190959930419922e+00
1.298269726562500000e+04,-5.355512619018554688e+00
1.299290917968750000e+04,-5.348236083984375000e+00
1.300312890625000000e+04,-5.375393867492675781e+00
1.301335644531250000e+04,-5.380756378173828125e+00
1.302359179687500000e+04,-5.378433227539062500e+00
1.303383593750000000e+04,-5.380260467529296875e+00
1.304408789062500000e+04,-5.373582839965820312e+00
1.305434765625000000e+04,-5.123287200927734375e+00
1.306461523437500000e+04,-5.339501380920410156e+00
1.307489160156250000e+04,-5.226234436035156250e+00
1.308517578125000000e+04,-5.162849903106689453e+00
1.309546777343750000e+04,-5.260888099670410156e+00
1.310576757812500000e+04,-5.235675811767578125e+00
1.311607617187500000e+04,-5.219459056854248047e+00
1.312639257812500000e+04,-5.281150341033935547e+00
1.313671777343750000e+04,-5.194437026977539062e+00
1.314704980468750000e+04,-5.215777397155761719e+00
1.315739062500000000e+04,-5.237867355346679688e+00
1.316774023437500000e+04,-5.196834087371826172e+00
1.317809667968750000e+04,-5.244164943695068359e+00
1.318846191406250000e+04,-5.267620086669921875e+00
1.319883593750000000e+04,-5.310172080993652344e+00
1.320921679687500000e+04,-5.293368339538574219e+00
1.321960644531250000e+04,-5.361313343048095703e+00
1.323000488281250000e+04,-5.439633846282958984e+00
1.324041113281250000e+04,-5.324842453002929688e+00
1.325082519531250000e+04,-5.421633243560791016e+00
1.326124804687500000e+04,-5.357809543609619141e+00
1.327167773437500000e+04,-5.465239524841308594e+00
1.328211718750000000e+04,-5.400862216949462891e+00
1.329256445312500000e+04,-5.468282699584960938e+00
1.330301953125000000e+04,-5.420844078063964844e+00
1.331348339843750000e+04,-5.439414024353027344e+00
1.332395507812500000e+04,-5.454704284667968750e+00
1.333443457031250000e+04,-5.469885826110839844e+00
1.334492285156250000e+04,-5.462705612182617188e+00
1.335541894531250000e+04,-5.471674919128417969e+00
1.336592382812500000e+04,-5.511267662048339844e+00
1.337643750000000000e+04,-5.499713420867919922e+00
1.338695800781250000e+04,-5.529408454895019531e+00
1.339748828125000000e+04,-5.556954860687255859e+00
1.340802539062500000e+04,-5.512963294982910156e+00
1.341857128906250000e+04,-5.545697689056396484e+00
1.342912597656250000e+04,-5.540351867675781250e+00
1.343968847656250000e+04,-5.571580886840820312e+00
1.345025976562500000e+04,-5.549636840820312500e+00
1.346083886718750000e+04,-5.565130710601806641e+00
1.347142675781250000e+04,-5.599958896636962891e+00
1.348202246093750000e+04,-5.593400955200195312e+00
1.349262695312500000e+04,-5.580043792724609375e+00
1.350323925781250000e+04,-5.603214263916015625e+00
1.351386035156250000e+04,-5.610933303833007812e+00
1.352449023437500000e+04,-5.603629112243652344e+00
1.353512792968750000e+04,-5.598344802856445312e+00
1.354577343750000000e+04,-5.613720417022705078e+00
1.355642871093750000e+04,-5.620306015014648438e+00
1.356709082031250000e+04,-5.599164009094238281e+00
1.357776269531250000e+04,-5.614207267761230469e+00
1.358844238281250000e+04,-5.604943752288818359e+00
1.359912988281250000e+04,-5.637487888336181641e+00
1.360982617187500000e+04,-5.624345779418945312e+00
1.362053125000000000e+04,-5.636920928955078125e+00
1.363124414062500000e+04,-5.643668174743652344e+00
1.364196582031250000e+04,-5.667051792144775391e+00
1.365269628906250000e+04,-5.668810844421386719e+00
1.366343457031250000e+04,-5.652438163757324219e+00
1.367418164062500000e+04,-5.650408744812011719e+00
1.368493750000000000e+04,-5.668721199035644531e+00
1.369570117187500000e+04,-5.679683685302734375e+00
1.370647363281250000e+04,-5.679082393646240234e+00
1.371725390625000000e+04,-5.669643878936767578e+00
1.372804394531250000e+04,-5.680879592895507812e+00
1.373884179687500000e+04,-5.731068611145019531e+00
1.374964746093750000e+04,-5.692939758300781250e+00
1.376046289062500000e+04,-5.687296867370605469e+00
1.377128613281250000e+04,-5.705127239227294922e+00
1.378211816406250000e+04,-5.696362972259521484e+00
1.379295800781250000e+04,-5.728469371795654297e+00
1.380380664062500000e+04,-5.738772392272949219e+00
1.381466406250000000e+04,-5.717055320739746094e+00
1.382553027343750000e+04,-5.756631374359130859e+00
1.383640527343750000e+04,-5.738893032073974609e+00
1.384728808593750000e+04,-5.728234291076660156e+00
1.385817968750000000e+04,-5.762497901916503906e+00
1.386908007812500000e+04,-5.752735137939453125e+00
1.387998828125000000e+04,-5.735101222991943359e+00
1.389090527343750000e+04,-5.755334854125976562e+00
1.390183203125000000e+04,-5.797133922576904297e+00
1.391276562500000000e+04,-5.771268844604492188e+00
1.392370898437500000e+04,-5.794412612915039062e+00
1.393466113281250000e+04,-5.787587642669677734e+00
1.394562109375000000e+04,-5.812611579895019531e+00
1.395658984375000000e+04,-5.785712242126464844e+00
1.396756738281250000e+04,-5.806984424591064453e+00
1.397855371093750000e+04,-5.810001373291015625e+00
1.398954882812500000e+04,-5.805020809173583984e+00
1.400055273437500000e+04,-5.824590206146240234e+00
1.401156445312500000e+04,-5.819545269012451172e+00
1.402258496093750000e+04,-5.832223892211914062e+00
1.403361523437500000e+04,-5.824647903442382812e+00
1.404465332031250000e+04,-5.852446079254150391e+00
1.405570019531250000e+04,-5.827375411987304688e+00
1.406675488281250000e+04,-5.852666854858398438e+00
1.407781933593750000e+04,-5.876226902008056641e+00
1.408889257812500000e+04,-5.857897758483886719e+00
1.409997363281250000e+04,-5.849788665771484375e+00
1.411106445312500000e+04,-5.845748901367187500e+00
1.412216308593750000e+04,-5.825448036193847656e+00
1.413327148437500000e+04,-5.847487449645996094e+00
1.414438769531250000e+04,-5.890343666076660156e+00
1.415551367187500000e+04,-5.856775760650634766e+00
1.416664746093750000e+04,-5.812880516052246094e+00
1.417779003906250000e+04,-5.875505924224853516e+00
1.418894140625000000e+04,-5.843641281127929688e+00
1.420010156250000000e+04,-5.849852561950683594e+00
1.421127148437500000e+04,-5.837311744689941406e+00
1.422244921875000000e+04,-5.817103385925292969e+00
1.423363574218750000e+04,-5.863897800445556641e+00
1.424483105468750000e+04,-5.847994804382324219e+00
1.425603515625000000e+04,-5.849587440490722656e+00
1.426724804687500000e+04,-5.799736976623535156e+00
1.427847070312500000e+04,-5.786520957946777344e+00
1.428970117187500000e+04,-5.771515369415283203e+00
1.430094042968750000e+04,-5.848345279693603516e+00
1.431218945312500000e+04,-5.859442710876464844e+00
1.432344628906250000e+04,-5.862889289855957031e+00
1.433471289062500000e+04,-5.739395618438720703e+00
1.434598730468750000e+04,-5.901356697082519531e+00
1.435727148437500000e+04,-5.807674407958984375e+00
1.436856445312500000e+04,-5.758735656738281250e+00
1.437986621093750000e+04,-5.789781093597412109e+00
1.439117675781250000e+04,-5.750467777252197266e+00
1.440249609375000000e+04,-5.777282714843750000e+00
1.441382421875000000e+04,-5.683063507080078125e+00
1.442516113281250000e+04,-5.688865661621093750e+00
1.443650781250000000e+04,-5.721620559692382812e+00
1.444786230468750000e+04,-5.781530380249023438e+00
1.445922656250000000e+04,-5.770356178283691406e+00
1.447059960937500000e+04,-5.802614212036132812e+00
1.448198144531250000e+04,-5.796599864959716797e+00
1.449337207031250000e+04,-5.805060386657714844e+00
1.450477148437500000e+04,-5.843430042266845703e+00
1.451618066406250000e+04,-5.883738517761230469e+00
1.452759863281250000e+04,-5.887222766876220703e+00
1.453902539062500000e+04,-5.894615650177001953e+00
1.455046093750000000e+04,-5.920148849487304688e+00
1.456190527343750000e+04,-5.953141212463378906e+00
1.457335937500000000e+04,-5.944411754608154297e+00
1.458482128906250000e+04,-6.029037475585937500e+00
1.459629296875000000e+04,-5.999000549316406250e+00
1.460777441406250000e+04,-6.031422138214111328e+00
1.461926367187500000e+04,-6.070584774017333984e+00
1.463076269531250000e+04,-6.064968585968017578e+00
1.464227050781250000e+04,-6.092882633209228516e+00
1.465378710937500000e+04,-6.116998195648193359e+00
1.466531347656250000e+04,-6.112132072448730469e+00
1.467684863281250000e+04,-6.087928295135498047e+00
1.468839257812500000e+04,-6.051497459411621094e+00
1.469994531250000000e+04,-6.072112083435058594e+00
1.471150781250000000e+04,-6.087143421173095703e+00
1.472307910156250000e+04,-6.130629062652587891e+00
1.473466015625000000e+04,-6.130869388580322266e+00
1.474624902343750000e+04,-6.157908916473388672e+00
1.475784765625000000e+04,-6.110209941864013672e+00
1.476945605468750000e+04,-6.156053066253662109e+00
1.478107324218750000e+04,-6.162580490112304688e+00
1.479269921875000000e+04,-6.147300720214843750e+00
1.480433398437500000e+04,-6.179619789123535156e+00
1.481597851562500000e+04,-6.154199600219726562e+00
1.482763183593750000e+04,-6.179890155792236328e+00
1.483929492187500000e+04,-6.190381050109863281e+00
1.485096679687500000e+04,-6.186399459838867188e+00
1.486264746093750000e+04,-6.218718528747558594e+00
1.487433789062500000e+04,-6.208835124969482422e+00
1.488603710937500000e+04,-6.215090751647949219e+00
1.489774609375000000e+04,-6.200852394104003906e+00
1.490946386718750000e+04,-6.219618797302246094e+00
1.492119042968750000e+04,-6.245105266571044922e+00
1.493292675781250000e+04,-6.230518341064453125e+00
1.494467285156250000e+04,-6.239821910858154297e+00
1.495642773437500000e+04,-6.219500541687011719e+00
1.496819140625000000e+04,-6.230882644653320312e+00
1.497996484375000000e+04,-6.217424869537353516e+00
1.499174707031250000e+04,-6.246503829956054688e+00
1.500353906250000000e+04,-6.241096973419189453e+00
1.501533984375000000e+04,-6.263061046600341797e+00
1.502715039062500000e+04,-6.237534999847412109e+00
1.503896972656250000e+04,-6.268891811370849609e+00
1.505079882812500000e+04,-6.280001640319824219e+00
1.506263671875000000e+04,-6.241875648498535156e+00
1.507448437500000000e+04,-6.290603160858154297e+00
1.508634179687500000e+04,-6.292806148529052734e+00
1.509820800781250000e+04,-6.300632476806640625e+00
1.511008300781250000e+04,-6.291196346282958984e+00
1.512196777343750000e+04,-6.292245388031005859e+00
1.513386230468750000e+04,-6.342017650604248047e+00
1.514576562500000000e+04,-6.275913238525390625e+00
1.515767871093750000e+04,-6.331385612487792969e+00
1.516960058593750000e+04,-6.312417507171630859e+00
1.518153222656250000e+04,-6.318203926086425781e+00
1.519347363281250000e+04,-6.349207878112792969e+00
1.520542382812500000e+04,-6.327713966369628906e+00
1.521738378906250000e+04,-6.321059226989746094e+00
1.522935351562500000e+04,-6.332156181335449219e+00
1.524133203125000000e+04,-6.331171989440917969e+00
1.525332031250000000e+04,-6.334197521209716797e+00
1.526531738281250000e+04,-6.338264465332031250e+00
1.527732421875000000e+04,-6.366415023803710938e+00
1.528934082031250000e+04,-6.348295688629150391e+00
1.530136718750000000e+04,-6.326966285705566406e+00
1.531340234375000000e+04,-6.327752590179443359e+00
1.532544726562500000e+04,-6.329739570617675781e+00
1.533750097656250000e+04,-6.352552890777587891e+00
1.534956445312500000e+04,-6.365105628967285156e+00
1.536163769531250000e+04,-6.320852279663085938e+00
1.537372070312500000e+04,-6.343313217163085938e+00
1.538581347656250000e+04,-6.333609580993652344e+00
1.539791503906250000e+04,-6.364703178405761719e+00
1.541002636718750000e+04,-6.384518146514892578e+00
1.542214648437500000e+04,-6.361533164978027344e+00
1.543427734375000000e+04,-6.369014263153076172e+00
1.544641699218750000e+04,-6.372516155242919922e+00
1.545856640625000000e+04,-6.352968692779541016e+00
1.547072558593750000e+04,-6.384026527404785156e+00
1.548289355468750000e+04,-6.357467651367187500e+00
1.549507226562500000e+04,-6.368189811706542969e+00
1.550725976562500000e+04,-6.454154968261718750e+00
1.551945703125000000e+04,-6.405883312225341797e+00
1.553166406250000000e+04,-6.401597023010253906e+00
1.554387988281250000e+04,-6.373684406280517578e+00
1.555610644531250000e+04,-6.352935791015625000e+00
1.556834179687500000e+04,-6.332657814025878906e+00
1.558058691406250000e+04,-6.340942382812500000e+00
1.559284179687500000e+04,-6.448399543762207031e+00
1.560510644531250000e+04,-6.440791130065917969e+00
1.561738085937500000e+04,-6.336286544799804688e+00
1.562966503906250000e+04,-6.450569152832031250e+00
1.564195800781250000e+04,-6.404996871948242188e+00
1.565426171875000000e+04,-6.411806106567382812e+00
1.566657421875000000e+04,-6.376849174499511719e+00
1.567889746093750000e+04,-6.364292144775390625e+00
1.569122949218750000e+04,-6.341571331024169922e+00
1.570357128906250000e+04,-6.294560432434082031e+00
1.571592285156250000e+04,-6.349626541137695312e+00
1.572828417968750000e+04,-6.381740570068359375e+00
1.574065527343750000e+04,-6.330719470977783203e+00
1.575303613281250000e+04,-6.420547485351562500e+00
1.576542675781250000e+04,-6.414025306701660156e+00
1.577782714843750000e+04,-6.433228492736816406e+00
1.579023730468750000e+04,-6.329023838043212891e+00
1.580265722656250000e+04,-6.390395641326904297e+00
1.581508691406250000e+04,-6.550164699554443359e+00
1.582752636718750000e+04,-6.544935226440429688e+00
1.583997558593750000e+04,-6.407541751861572266e+00
1.585243457031250000e+04,-6.442874908447265625e+00
1.586490332031250000e+04,-6.410466194152832031e+00
1.587738183593750000e+04,-6.443712711334228516e+00
1.588987011718750000e+04,-6.536219596862792969e+00
1.590236816406250000e+04,-6.505787849426269531e+00
1.591487597656250000e+04,-6.518232822418212891e+00
1.592739355468750000e+04,-6.513645648956298828e+00
1.593992187500000000e+04,-6.508220672607421875e+00
1.595245898437500000e+04,-6.557873725891113281e+00
1.596500683593750000e+04,-6.610500812530517578e+00
1.597756347656250000e+04,-6.659205436706542969e+00
1.599013085937500000e+04,-6.641591072082519531e+00
1.600270800781250000e+04,-6.593047142028808594e+00
1.601529492187500000e+04,-6.583400249481201172e+00
1.602789160156250000e+04,-6.650103569030761719e+00
1.604049902343750000e+04,-6.640142917633056641e+00
1.605311523437500000e+04,-6.649556636810302734e+00
1.606574218750000000e+04,-6.674827575683593750e+00
1.607837890625000000e+04,-6.690976619720458984e+00
1.609102539062500000e+04,-6.683678150177001953e+00
1.610368164062500000e+04,-6.698331832885742188e+00
1.611634765625000000e+04,-6.697536468505859375e+00
1.612902441406250000e+04,-6.735040664672851562e+00
1.614170996093750000e+04,-6.742837429046630859e+00
1.615440625000000000e+04,-6.749636650085449219e+00
1.616711328125000000e+04,-6.751855850219726562e+00
1.617982910156250000e+04,-6.755240440368652344e+00
1.619255566406250000e+04,-6.762578487396240234e+00
1.620529199218750000e+04,-6.758909702301025391e+00
1.621803808593750000e+04,-6.775573730468750000e+00
1.623079394531250000e+04,-6.759257793426513672e+00
1.624356054687500000e+04,-6.788000583648681641e+00
1.625633691406250000e+04,-6.771779537200927734e+00
1.626912402343750000e+04,-6.780638694763183594e+00
1.628191992187500000e+04,-6.801933765411376953e+00
1.629472656250000000e+04,-6.786965847015380859e+00
1.630754296875000000e+04,-6.811961650848388672e+00
1.632037011718750000e+04,-6.816228866577148438e+00
1.633320703125000000e+04,-6.810725212097167969e+00
1.634605371093750000e+04,-6.829935073852539062e+00
1.635891113281250000e+04,-6.836901664733886719e+00
1.637177832031250000e+04,-6.834363460540771484e+00
1.638465429687500000e+04,-6.825409412384033203e+00
1.639754296875000000e+04,-6.816838264465332031e+00
1.641043945312500000e+04,-6.817245960235595703e+00
1.642334765625000000e+04,-6.868457317352294922e+00
1.643626562500000000e+04,-6.844152450561523438e+00
1.644919335937500000e+04,-6.882142543792724609e+00
1.646213085937500000e+04,-6.864304065704345703e+00
1.647508007812500000e+04,-6.881911277770996094e+00
1.648803906250000000e+04,-6.897235870361328125e+00
1.650100781250000000e+04,-6.892508506774902344e+00
1.651398632812500000e+04,-6.885196685791015625e+00
1.652697460937500000e+04,-6.902740478515625000e+00
1.653997460937500000e+04,-6.890243530273437500e+00
1.655298437500000000e+04,-6.904168128967285156e+00
1.656600390625000000e+04,-6.908654212951660156e+00
1.657903320312500000e+04,-6.928154945373535156e+00
1.659207421875000000e+04,-6.944783210754394531e+00
1.660512500000000000e+04,-6.949001312255859375e+00
1.661818554687500000e+04,-6.938687324523925781e+00
1.663125585937500000e+04,-6.947643756866455078e+00
1.664433789062500000e+04,-6.964669227600097656e+00
1.665742968750000000e+04,-6.956077575683593750e+00
1.667053125000000000e+04,-6.969958305358886719e+00
1.668364257812500000e+04,-6.958665370941162109e+00
1.669676562500000000e+04,-6.999529838562011719e+00
1.670989843750000000e+04,-6.987200260162353516e+00
1.672304296875000000e+04,-6.990309715270996094e+00
1.673619531250000000e+04,-6.979644775390625000e+00
1.674935937500000000e+04,-6.995321273803710938e+00
1.676253320312500000e+04,-7.000932693481445312e+00
1.677571875000000000e+04,-6.995328903198242188e+00
1.678891406250000000e+04,-7.025983810424804688e+00
1.680211914062500000e+04,-7.016135215759277344e+00
1.681533398437500000e+04,-7.023058414459228516e+00
1.682856054687500000e+04,-7.031686305999755859e+00
1.684179687500000000e+04,-7.018815994262695312e+00
1.685504296875000000e+04,-7.022212028503417969e+00
1.686830078125000000e+04,-7.019495487213134766e+00
1.688156835937500000e+04,-7.042152881622314453e+00
1.689484765625000000e+04,-7.037862777709960938e+00
1.690813671875000000e+04,-7.050282955169677734e+00
1.692143554687500000e+04,-7.079868793487548828e+00
1.693474414062500000e+04,-7.064034461975097656e+00
1.694806445312500000e+04,-7.072042465209960938e+00
1.696139453125000000e+04,-7.083940982818603516e+00
1.697473632812500000e+04,-7.087186813354492188e+00
1.698808789062500000e+04,-7.068222999572753906e+00
1.700144921875000000e+04,-7.091741561889648438e+00
1.701482226562500000e+04,-7.113850116729736328e+00
1.702820507812500000e+04,-7.121983528137207031e+00
1.704159960937500000e+04,-7.104076385498046875e+00
1.705500390625000000e+04,-7.110247611999511719e+00
1.706841796875000000e+04,-7.093202590942382812e+00
1.708184375000000000e+04,-7.149629592895507812e+00
1.709527929687500000e+04,-7.121862888336181641e+00
1.710872460937500000e+04,-7.119235515594482422e+00
1.712218164062500000e+04,-7.137999057769775391e+00
1.713564843750000000e+04,-7.147576808929443359e+00
1.714912695312500000e+04,-7.142839908599853516e+00
1.716261523437500000e+04,-7.154904365539550781e+00
1.717611523437500000e+04,-7.152356624603271484e+00
1.718962500000000000e+04,-7.167766571044921875e+00
1.720314648437500000e+04,-7.172945976257324219e+00
1.721667773437500000e+04,-7.175498962402343750e+00
1.723021875000000000e+04,-7.169169425964355469e+00
1.724377148437500000e+04,-7.203050136566162109e+00
1.725733398437500000e+04,-7.175027847290039062e+00
1.727090820312500000e+04,-7.172866821289062500e+00
1.728449218750000000e+04,-7.194826126098632812e+00
1.729808789062500000e+04,-7.197207450866699219e+00
1.731169335937500000e+04,-7.221646785736083984e+00
1.732531054687500000e+04,-7.242076396942138672e+00
1.733893750000000000e+04,-7.231905937194824219e+00
1.735257421875000000e+04,-7.233682155609130859e+00
1.736622460937500000e+04,-7.252202510833740234e+00
1.737988281250000000e+04,-7.228032112121582031e+00
1.739355273437500000e+04,-7.231679916381835938e+00
1.740723437500000000e+04,-7.236353874206542969e+00
1.742092578125000000e+04,-7.287899971008300781e+00
1.743462890625000000e+04,-7.288188457489013672e+00
1.744834179687500000e+04,-7.275396347045898438e+00
1.746206640625000000e+04,-7.287393569946289062e+00
1.747580078125000000e+04,-7.289187431335449219e+00
1.748954687500000000e+04,-7.263967514038085938e+00
1.750330273437500000e+04,-7.298064708709716797e+00
1.751707031250000000e+04,-7.306272983551025391e+00
1.753084765625000000e+04,-7.323884010314941406e+00
1.754463671875000000e+04,-7.344157695770263672e+00
1.755843750000000000e+04,-7.288420200347900391e+00
1.757224804687500000e+04,-7.323503017425537109e+00
1.758606835937500000e+04,-7.307868957519531250e+00
1.759990039062500000e+04,-7.322679519653320312e+00
1.761374414062500000e+04,-7.332149028778076172e+00
1.762759765625000000e+04,-7.330703258514404297e+00
1.764146289062500000e+04,-7.329368114471435547e+00
1.765533984375000000e+04,-7.336955547332763672e+00
1.766922656250000000e+04,-7.333114147186279297e+00
1.768312304687500000e+04,-7.372045040130615234e+00
1.769703320312500000e+04,-7.381975173950195312e+00
1.771095312500000000e+04,-7.392707824707031250e+00
1.772488281250000000e+04,-7.381601333618164062e+00
1.773882421875000000e+04,-7.353109836578369141e+00
1.775277734375000000e+04,-7.371755599975585938e+00
1.776674023437500000e+04,-7.398365974426269531e+00
1.778071484375000000e+04,-7.381942749023437500e+00
1.779470117187500000e+04,-7.397118568420410156e+00
1.780869726562500000e+04,-7.411549091339111328e+00
1.782270507812500000e+04,-7.428628921508789062e+00
1.783672265625000000e+04,-7.415059089660644531e+00
1.785075195312500000e+04,-7.412278175354003906e+00
1.786479296875000000e+04,-7.458551406860351562e+00
1.787884375000000000e+04,-7.465605258941650391e+00
1.789290625000000000e+04,-7.469828128814697266e+00
1.790698046875000000e+04,-7.455427646636962891e+00
1.792106445312500000e+04,-7.450153350830078125e+00
1.793516015625000000e+04,-7.429877281188964844e+00
1.794926757812500000e+04,-7.483806610107421875e+00
1.796338671875000000e+04,-7.472026348114013672e+00
1.797751562500000000e+04,-7.493409633636474609e+00
1.799165625000000000e+04,-7.466016769409179688e+00
1.800580664062500000e+04,-7.481622219085693359e+00
1.801996875000000000e+04,-7.477204799652099609e+00
1.803414257812500000e+04,-7.512637138366699219e+00
1.804832812500000000e+04,-7.499658584594726562e+00
1.806252343750000000e+04,-7.502575874328613281e+00
1.807673046875000000e+04,-7.527215957641601562e+00
1.809094921875000000e+04,-7.537621498107910156e+00
1.810517773437500000e+04,-7.508836269378662109e+00
1.811941992187500000e+04,-7.515971660614013672e+00
1.813367187500000000e+04,-7.509319782257080078e+00
1.814793359375000000e+04,-7.531861782073974609e+00
1.816220898437500000e+04,-7.552961349487304688e+00
1.817649414062500000e+04,-7.590615749359130859e+00
1.819079101562500000e+04,-7.596890926361083984e+00
1.820509765625000000e+04,-7.533324241638183594e+00
1.821941796875000000e+04,-7.556901931762695312e+00
1.823374804687500000e+04,-7.570595741271972656e+00
1.824808984375000000e+04,-7.563885688781738281e+00
1.826244335937500000e+04,-7.585268974304199219e+00
1.827680664062500000e+04,-7.576212882995605469e+00
1.829118359375000000e+04,-7.588743209838867188e+00
1.830557031250000000e+04,-7.522416591644287109e+00
1.831996875000000000e+04,-7.504351615905761719e+00
1.833437890625000000e+04,-7.570511817932128906e+00
1.834879882812500000e+04,-7.567518234252929688e+00
1.836323046875000000e+04,-7.567263603210449219e+00
1.837767578125000000e+04,-7.613467216491699219e+00
1.839212890625000000e+04,-7.566952228546142578e+00
1.840659570312500000e+04,-7.537630081176757812e+00
1.842107421875000000e+04,-7.574596405029296875e+00
1.843556250000000000e+04,-7.590918064117431641e+00
1.845006445312500000e+04,-7.521983146667480469e+00
1.846457617187500000e+04,-7.564864635467529297e+00
1.847909960937500000e+04,-7.508359432220458984e+00
1.849363281250000000e+04,-7.608230113983154297e+00
1.850817968750000000e+04,-7.629298210144042969e+00
1.852273828125000000e+04,-7.574734687805175781e+00
1.853730664062500000e+04,-7.463504791259765625e+00
1.855188671875000000e+04,-7.535405158996582031e+00
1.856647851562500000e+04,-7.508203506469726562e+00
1.858108203125000000e+04,-7.496392726898193359e+00
1.859569726562500000e+04,-7.524329185485839844e+00
1.861032421875000000e+04,-7.481118202209472656e+00
1.862496289062500000e+04,-7.562283992767333984e+00
1.863961132812500000e+04,-7.652928352355957031e+00
1.865427343750000000e+04,-7.620781898498535156e+00
1.866894531250000000e+04,-7.616914749145507812e+00
1.868362890625000000e+04,-7.633719921112060547e+00
1.869832421875000000e+04,-7.699691772460937500e+00
1.871303125000000000e+04,-7.620158672332763672e+00
1.872775000000000000e+04,-7.671456813812255859e+00
1.874248046875000000e+04,-7.681736946105957031e+00
1.875722265625000000e+04,-7.657126903533935547e+00
1.877197656250000000e+04,-7.746732711791992188e+00
1.878674218750000000e+04,-7.758882522583007812e+00
1.880151757812500000e+04,-7.760122299194335938e+00
1.881630664062500000e+04,-7.747409343719482422e+00
1.883110742187500000e+04,-7.790355205535888672e+00
1.884591796875000000e+04,-7.796435356140136719e+00
1.886074218750000000e+04,-7.795378684997558594e+00
1.887557617187500000e+04,-7.808004379272460938e+00
1.889042382812500000e+04,-7.826667785644531250e+00
1.890528125000000000e+04,-7.799545288085937500e+00
1.892015234375000000e+04,-7.850570201873779297e+00
1.893503320312500000e+04,-7.857770919799804688e+00
1.894992578125000000e+04,-7.840704441070556641e+00
1.896483203125000000e+04,-7.866379737854003906e+00
1.897974804687500000e+04,-7.865602493286132812e+00
1.899467773437500000e+04,-7.864649295806884766e+00
1.900961718750000000e+04,-7.859993934631347656e+00
1.902456835937500000e+04,-7.887846946716308594e+00
1.903953320312500000e+04,-7.907375812530517578e+00
1.905450781250000000e+04,-7.904145717620849609e+00
1.906949609375000000e+04,-7.881317615509033203e+00
1.908449609375000000e+04,-7.915079116821289062e+00
1.909950585937500000e+04,-7.901062011718750000e+00
1.911452929687500000e+04,-7.914087295532226562e+00
1.912956250000000000e+04,-7.916223526000976562e+00
1.914460937500000000e+04,-7.910006523132324219e+00
1.915966796875000000e+04,-7.904874801635742188e+00
1.917473828125000000e+04,-7.940887451171875000e+00
1.918982031250000000e+04,-7.946895599365234375e+00
1.920491406250000000e+04,-7.932431221008300781e+00
1.922001953125000000e+04,-7.962240695953369141e+00
1.923513671875000000e+04,-7.975200653076171875e+00
1.925026562500000000e+04,-7.969790458679199219e+00
1.926540820312500000e+04,-7.958423614501953125e+00
1.928056054687500000e+04,-7.965453147888183594e+00
1.929572656250000000e+04,-7.921537399291992188e+00
1.931090234375000000e+04,-7.992963314056396484e+00
1.932609179687500000e+04,-7.992316246032714844e+00
1.934129296875000000e+04,-7.947809219360351562e+00
1.935650585937500000e+04,-7.978173255920410156e+00
1.937173046875000000e+04,-7.985271930694580078e+00
1.938696875000000000e+04,-8.011177062988281250e+00
1.940221679687500000e+04,-8.034710884094238281e+00
1.941747656250000000e+04,-8.001698493957519531e+00
1.943275000000000000e+04,-8.050308227539062500e+00
1.944803515625000000e+04,-8.051243782043457031e+00
1.946333203125000000e+04,-8.018659591674804688e+00
1.947864062500000000e+04,-8.060141563415527344e+00
1.949396289062500000e+04,-8.058056831359863281e+00
1.950929492187500000e+04,-8.068273544311523438e+00
1.952464062500000000e+04,-8.054549217224121094e+00
1.953999804687500000e+04,-8.056077003479003906e+00
1.955536718750000000e+04,-8.079298973083496094e+00
1.957074804687500000e+04,-8.085277557373046875e+00
1.958614062500000000e+04,-8.047510147094726562e+00
1.960154687500000000e+04,-8.035952568054199219e+00
1.961696484375000000e+04,-8.073745727539062500e+00
1.963239453125000000e+04,-8.059453010559082031e+00
1.964783593750000000e+04,-8.095986366271972656e+00
1.966328906250000000e+04,-8.058624267578125000e+00
1.967875585937500000e+04,-8.046566963195800781e+00
1.969423437500000000e+04,-8.059925079345703125e+00
1.970972460937500000e+04,-8.108691215515136719e+00
1.972522851562500000e+04,-8.091861724853515625e+00
1.974074218750000000e+04,-8.076992988586425781e+00
1.975626953125000000e+04,-8.042321205139160156e+00
1.977180859375000000e+04,-8.013180732727050781e+00
1.978736132812500000e+04,-7.987309455871582031e+00
1.980292382812500000e+04,-8.067518234252929688e+00
1.981850000000000000e+04,-8.081963539123535156e+00
1.983408789062500000e+04,-8.047031402587890625e+00
1.984968945312500000e+04,-8.149380683898925781e+00
1.986530273437500000e+04,-7.998203754425048828e+00
1.988092773437500000e+04,-8.034869194030761719e+00
1.989656445312500000e+04,-8.009436607360839844e+00
1.991221484375000000e+04,-7.946180343627929688e+00
1.992787695312500000e+04,-8.015125274658203125e+00
1.994355078125000000e+04,-8.094833374023437500e+00
1.995923632812500000e+04,-8.126904487609863281e+00
1.997493554687500000e+04,-8.241880416870117188e+00
1.999064648437500000e+04,-8.190716743469238281e+00
2.000637109375000000e+04,-8.137796401977539062e+00
2.002210742187500000e+04,-8.082165718078613281e+00
2.003785546875000000e+04,-8.081537246704101562e+00
2.005361523437500000e+04,-8.129896163940429688e+00
2.006938867187500000e+04,-8.188549041748046875e+00
2.008517578125000000e+04,-8.209043502807617188e+00
2.010097265625000000e+04,-8.181331634521484375e+00
2.011678320312500000e+04,-8.213176727294921875e+00
2.013260546875000000e+04,-8.209036827087402344e+00
2.014844140625000000e+04,-8.200554847717285156e+00
2.016428906250000000e+04,-8.260463714599609375e+00
2.018015039062500000e+04,-8.266966819763183594e+00
2.019602148437500000e+04,-8.311693191528320312e+00
2.021190820312500000e+04,-8.310749053955078125e+00
2.022780468750000000e+04,-8.303562164306640625e+00
2.024371484375000000e+04,-8.323043823242187500e+00
2.025963867187500000e+04,-8.327804565429687500e+00
2.027557421875000000e+04,-8.320371627807617188e+00
2.029152148437500000e+04,-8.365638732910156250e+00
2.030748242187500000e+04,-8.346098899841308594e+00
2.032345507812500000e+04,-8.348227500915527344e+00
2.033943945312500000e+04,-8.352416992187500000e+00
2.035543750000000000e+04,-8.374540328979492188e+00
2.037144921875000000e+04,-8.367892265319824219e+00
2.038747265625000000e+04,-8.394851684570312500e+00
2.040350781250000000e+04,-8.384492874145507812e+00
2.041955664062500000e+04,-8.407218933105468750e+00
2.043561718750000000e+04,-8.395062446594238281e+00
2.045169140625000000e+04,-8.400604248046875000e+00
2.046777734375000000e+04,-8.445928573608398438e+00
2.048387500000000000e+04,-8.377263069152832031e+00
2.049998828125000000e+04,-8.401512145996093750e+00
2.051611132812500000e+04,-8.397261619567871094e+00
2.053224804687500000e+04,-8.430854797363281250e+00
2.054839843750000000e+04,-8.407206535339355469e+00
2.056456054687500000e+04,-8.449362754821777344e+00
2.058073632812500000e+04,-8.428490638732910156e+00
2.059692382812500000e+04,-8.401433944702148438e+00
2.061312500000000000e+04,-8.460536956787109375e+00
2.062933789062500000e+04,-8.455736160278320312e+00
2.064556445312500000e+04,-8.455797195434570312e+00
2.066180273437500000e+04,-8.469716072082519531e+00
2.067805468750000000e+04,-8.460193634033203125e+00
2.069431835937500000e+04,-8.463362693786621094e+00
2.071059570312500000e+04,-8.454610824584960938e+00
2.072688476562500000e+04,-8.460762023925781250e+00
2.074318750000000000e+04,-8.453343391418457031e+00
2.075950390625000000e+04,-8.492807388305664062e+00
2.077583203125000000e+04,-8.499501228332519531e+00
2.079217382812500000e+04,-8.511270523071289062e+00
2.080852734375000000e+04,-8.493079185485839844e+00
2.082489453125000000e+04,-8.528834342956542969e+00
2.084127343750000000e+04,-8.511129379272460938e+00
2.085766796875000000e+04,-8.494883537292480469e+00
2.087407226562500000e+04,-8.457678794860839844e+00
2.089049218750000000e+04,-8.514848709106445312e+00
2.090692187500000000e+04,-8.513280868530273438e+00
2.092336718750000000e+04,-8.464819908142089844e+00
2.093982421875000000e+04,-8.459548950195312500e+00
2.095629492187500000e+04,-8.517339706420898438e+00
2.097277734375000000e+04,-8.440076828002929688e+00
2.098927343750000000e+04,-8.501456260681152344e+00
2.100578320312500000e+04,-8.505829811096191406e+00
2.102230468750000000e+04,-8.543142318725585938e+00
2.103883984375000000e+04,-8.468428611755371094e+00
2.105538867187500000e+04,-8.466710090637207031e+00
2.107194921875000000e+04,-8.442470550537109375e+00
2.108852343750000000e+04,-8.558806419372558594e+00
2.110511132812500000e+04,-8.584789276123046875e+00
2.112171093750000000e+04,-8.471025466918945312e+00
2.113832421875000000e+04,-8.435386657714843750e+00
2.115495117187500000e+04,-8.587052345275878906e+00
2.117158984375000000e+04,-8.595085144042968750e+00
2.118824218750000000e+04,-8.489225387573242188e+00
2.120490820312500000e+04,-8.534674644470214844e+00
2.122158789062500000e+04,-8.617519378662109375e+00
2.123827929687500000e+04,-8.525220870971679688e+00
2.125498437500000000e+04,-8.558544158935546875e+00
2.127170312500000000e+04,-8.597795486450195312e+00
2.128843359375000000e+04,-8.461726188659667969e+00
2.130517773437500000e+04,-8.668074607849121094e+00
2.132193554687500000e+04,-8.573152542114257812e+00
2.133870703125000000e+04,-8.636514663696289062e+00
2.135549023437500000e+04,-8.551237106323242188e+00
2.137228710937500000e+04,-8.599933624267578125e+00
2.138909765625000000e+04,-8.592663764953613281e+00
2.140592187500000000e+04,-8.672870635986328125e+00
2.142275781250000000e+04,-8.600181579589843750e+00
2.143960937500000000e+04,-8.684170722961425781e+00
2.145647265625000000e+04,-8.668622016906738281e+00
2.147334960937500000e+04,-8.690632820129394531e+00
2.149023828125000000e+04,-8.649354934692382812e+00
2.150714257812500000e+04,-8.751213073730468750e+00
2.152405859375000000e+04,-8.752423286437988281e+00
2.154098828125000000e+04,-8.781723976135253906e+00
2.155793164062500000e+04,-8.766846656799316406e+00
2.157488671875000000e+04,-8.778228759765625000e+00
2.159185742187500000e+04,-8.761095046997070312e+00
2.160883984375000000e+04,-8.806953430175781250e+00
2.162583593750000000e+04,-8.825849533081054688e+00
2.164284765625000000e+04,-8.818717956542968750e+00
2.165986914062500000e+04,-8.816800117492675781e+00
2.167690625000000000e+04,-8.818247795104980469e+00
2.169395703125000000e+04,-8.844786643981933594e+00
2.171101953125000000e+04,-8.871292114257812500e+00
2.172809765625000000e+04,-8.877374649047851562e+00
2.174518750000000000e+04,-8.848422050476074219e+00
2.176229101562500000e+04,-8.875165939331054688e+00
2.177940820312500000e+04,-8.841378211975097656e+00
2.179653906250000000e+04,-8.878655433654785156e+00
2.181368359375000000e+04,-8.910133361816406250e+00
2.183083984375000000e+04,-8.895290374755859375e+00
2.184801171875000000e+04,-8.882757186889648438e+00
2.186519531250000000e+04,-8.921074867248535156e+00
2.188239453125000000e+04,-8.916469573974609375e+00
2.189960546875000000e+04,-8.872928619384765625e+00
2.191683007812500000e+04,-8.915063858032226562e+00
2.193407031250000000e+04,-8.899131774902343750e+00
2.195132226562500000e+04,-8.924244880676269531e+00
2.196858789062500000e+04,-8.906396865844726562e+00
2.198586718750000000e+04,-8.969160079956054688e+00
2.200316015625000000e+04,-8.952340126037597656e+00
2.202046679687500000e+04,-8.957787513732910156e+00
2.203778710937500000e+04,-8.938499450683593750e+00
2.205512109375000000e+04,-8.990446090698242188e+00
2.207246875000000000e+04,-8.953317642211914062e+00
2.208983007812500000e+04,-8.974567413330078125e+00
2.210720507812500000e+04,-8.962058067321777344e+00
2.212459179687500000e+04,-8.977092742919921875e+00
2.214199414062500000e+04,-9.001581192016601562e+00
2.215941015625000000e+04,-8.970595359802246094e+00
2.217683984375000000e+04,-8.986731529235839844e+00
2.219428320312500000e+04,-8.994227409362792969e+00
2.221174023437500000e+04,-9.006706237792968750e+00
2.222921093750000000e+04,-9.006249427795410156e+00
2.224669531250000000e+04,-9.016772270202636719e+00
2.226419335937500000e+04,-9.006135940551757812e+00
2.228170507812500000e+04,-9.041814804077148438e+00
2.229923046875000000e+04,-9.031368255615234375e+00
2.231677148437500000e+04,-9.056738853454589844e+00
2.233432421875000000e+04,-9.042840957641601562e+00
2.235189062500000000e+04,-9.025989532470703125e+00
2.236947265625000000e+04,-9.074827194213867188e+00
2.238706640625000000e+04,-9.052082061767578125e+00
2.240467578125000000e+04,-9.078024864196777344e+00
2.242229687500000000e+04,-9.091831207275390625e+00
2.243993359375000000e+04,-9.089609146118164062e+00
2.245758398437500000e+04,-9.080102920532226562e+00
2.247524804687500000e+04,-9.107891082763671875e+00
2.249292578125000000e+04,-9.122936248779296875e+00
2.251061718750000000e+04,-9.135718345642089844e+00
2.252832421875000000e+04,-9.124267578125000000e+00
2.254604296875000000e+04,-9.130738258361816406e+00
2.256377734375000000e+04,-9.127958297729492188e+00
2.258152539062500000e+04,-9.095780372619628906e+00
2.259928710937500000e+04,-9.124823570251464844e+00
2.261706250000000000e+04,-9.147954940795898438e+00
2.263485156250000000e+04,-9.168779373168945312e+00
2.265265429687500000e+04,-9.100924491882324219e+00
2.267047265625000000e+04,-9.166803359985351562e+00
2.268830273437500000e+04,-9.179034233093261719e+00
2.270614843750000000e+04,-9.167346000671386719e+00
2.272400781250000000e+04,-9.186787605285644531e+00
2.274188281250000000e+04,-9.184599876403808594e+00
2.275976953125000000e+04,-9.164160728454589844e+00
2.277767187500000000e+04,-9.203807830810546875e+00
2.279558789062500000e+04,-9.200292587280273438e+00
2.281351757812500000e+04,-9.196115493774414062e+00
2.283146093750000000e+04,-9.230554580688476562e+00
2.284941992187500000e+04,-9.240604400634765625e+00
2.286739257812500000e+04,-9.211668014526367188e+00
2.288537890625000000e+04,-9.216344833374023438e+00
2.290337890625000000e+04,-9.224967002868652344e+00
2.292139257812500000e+04,-9.231220245361328125e+00
2.293942187500000000e+04,-9.293454170227050781e+00
2.295746484375000000e+04,-9.257716178894042969e+00
2.297552148437500000e+04,-9.265707015991210938e+00
2.299359375000000000e+04,-9.270090103149414062e+00
2.301167968750000000e+04,-9.260965347290039062e+00
2.302977929687500000e+04,-9.284058570861816406e+00
2.304789257812500000e+04,-9.272240638732910156e+00
2.306602148437500000e+04,-9.282317161560058594e+00
2.308416406250000000e+04,-9.282373428344726562e+00
2.310232226562500000e+04,-9.308110237121582031e+00
2.312049218750000000e+04,-9.321093559265136719e+00
2.313867773437500000e+04,-9.317631721496582031e+00
2.315687695312500000e+04,-9.298123359680175781e+00
2.317509179687500000e+04,-9.339868545532226562e+00
2.319332031250000000e+04,-9.335861206054687500e+00
2.321156250000000000e+04,-9.338391304016113281e+00
2.322982031250000000e+04,-9.356647491455078125e+00
2.324809179687500000e+04,-9.352169990539550781e+00
2.326637695312500000e+04,-9.345345497131347656e+00
2.328467773437500000e+04,-9.355714797973632812e+00
2.330299218750000000e+04,-9.356454849243164062e+00
2.332132031250000000e+04,-9.399450302124023438e+00
2.333966406250000000e+04,-9.387103080749511719e+00
2.335802148437500000e+04,-9.411499023437500000e+00
2.337639453125000000e+04,-9.413395881652832031e+00
2.339478125000000000e+04,-9.398184776306152344e+00
2.341318164062500000e+04,-9.388639450073242188e+00
2.343159765625000000e+04,-9.440685272216796875e+00
2.345002929687500000e+04,-9.419812202453613281e+00
2.346847265625000000e+04,-9.392088890075683594e+00
2.348693164062500000e+04,-9.426946640014648438e+00
2.350540625000000000e+04,-9.429204940795898438e+00
2.352389453125000000e+04,-9.357860565185546875e+00
2.354239648437500000e+04,-9.417881965637207031e+00
2.356091406250000000e+04,-9.495822906494140625e+00
2.357944531250000000e+04,-9.475910186767578125e+00
2.359799218750000000e+04,-9.485848426818847656e+00
2.361655273437500000e+04,-9.502546310424804688e+00
2.363512890625000000e+04,-9.460621833801269531e+00
2.365371875000000000e+04,-9.501229286193847656e+00
2.367232421875000000e+04,-9.474383354187011719e+00
2.369094335937500000e+04,-9.507349014282226562e+00
2.370957812500000000e+04,-9.500806808471679688e+00
2.372822656250000000e+04,-9.552363395690917969e+00
2.374689062500000000e+04,-9.530592918395996094e+00
2.376556835937500000e+04,-9.508645057678222656e+00
2.378426171875000000e+04,-9.543706893920898438e+00
2.380296875000000000e+04,-9.555294990539550781e+00
2.382169140625000000e+04,-9.526374816894531250e+00
2.384042773437500000e+04,-9.552821159362792969e+00
2.385917968750000000e+04,-9.561199188232421875e+00
2.387794531250000000e+04,-9.583931922912597656e+00
2.389672656250000000e+04,-9.579692840576171875e+00
2.391552343750000000e+04,-9.548686027526855469e+00
2.393433398437500000e+04,-9.562677383422851562e+00
2.395316015625000000e+04,-9.603689193725585938e+00
2.397200000000000000e+04,-9.571873664855957031e+00
2.399085546875000000e+04,-9.618659019470214844e+00
2.400972460937500000e+04,-9.560107231140136719e+00
2.402860937500000000e+04,-9.619418144226074219e+00
2.404750976562500000e+04,-9.572481155395507812e+00
2.406642382812500000e+04,-9.626354217529296875e+00
2.408535351562500000e+04,-9.615245819091796875e+00
2.410429882812500000e+04,-9.645758628845214844e+00
2.412325781250000000e+04,-9.654077529907226562e+00
2.414223242187500000e+04,-9.650329589843750000e+00
2.416122070312500000e+04,-9.626102447509765625e+00
2.418022460937500000e+04,-9.702919006347656250e+00
2.419924414062500000e+04,-9.663513183593750000e+00
2.421827734375000000e+04,-9.645488739013671875e+00
2.423732617187500000e+04,-9.665210723876953125e+00
2.425639062500000000e+04,-9.660585403442382812e+00
2.427547070312500000e+04,-9.672693252563476562e+00
2.429456445312500000e+04,-9.654416084289550781e+00
2.431367187500000000e+04,-9.715842247009277344e+00
2.433279687500000000e+04,-9.689718246459960938e+00
2.435193554687500000e+04,-9.701121330261230469e+00
2.437108984375000000e+04,-9.710372924804687500e+00
2.439025781250000000e+04,-9.712053298950195312e+00
2.440944335937500000e+04,-9.744165420532226562e+00
2.442864257812500000e+04,-9.738638877868652344e+00
2.444785742187500000e+04,-9.736961364746093750e+00
2.446708593750000000e+04,-9.747547149658203125e+00
2.448633007812500000e+04,-9.743165969848632812e+00
2.450558984375000000e+04,-9.753425598144531250e+00
2.452486523437500000e+04,-9.752692222595214844e+00
2.454415625000000000e+04,-9.789137840270996094e+00
2.456346093750000000e+04,-9.790910720825195312e+00
2.458278125000000000e+04,-9.758605003356933594e+00
2.460211718750000000e+04,-9.795682907104492188e+00
2.462146679687500000e+04,-9.780002593994140625e+00
2.464083398437500000e+04,-9.815870285034179688e+00
2.466021484375000000e+04,-9.811820030212402344e+00
2.467961132812500000e+04,-9.838212013244628906e+00
2.469902343750000000e+04,-9.806915283203125000e+00
2.471845117187500000e+04,-9.789695739746093750e+00
2.473789257812500000e+04,-9.826639175415039062e+00
2.475734960937500000e+04,-9.851118087768554688e+00
2.477682226562500000e+04,-9.828330993652343750e+00
2.479631054687500000e+04,-9.884682655334472656e+00
2.481581445312500000e+04,-9.829710960388183594e+00
2.483533398437500000e+04,-9.823757171630859375e+00
2.485486718750000000e+04,-9.881696701049804688e+00
2.487441796875000000e+04,-9.865139007568359375e+00
2.489398242187500000e+04,-9.877696990966796875e+00
2.491356250000000000e+04,-9.838883399963378906e+00
2.493315820312500000e+04,-9.920907974243164062e+00
2.495276953125000000e+04,-9.919311523437500000e+00
2.497239648437500000e+04,-9.891916275024414062e+00
2.499203906250000000e+04,-9.895049095153808594e+00
2.501169726562500000e+04,-9.941687583923339844e+00
2.503136914062500000e+04,-9.898697853088378906e+00
2.505105859375000000e+04,-9.913571357727050781e+00
2.507076171875000000e+04,-9.942646980285644531e+00
2.509048046875000000e+04,-9.984961509704589844e+00
2.511021679687500000e+04,-9.962701797485351562e+00
2.512996679687500000e+04,-9.898653984069824219e+00
2.514973242187500000e+04,-9.933766365051269531e+00
2.516951367187500000e+04,-9.943086624145507812e+00
2.518931054687500000e+04,-9.846219062805175781e+00
2.520912500000000000e+04,-9.885017395019531250e+00
2.522895312500000000e+04,-9.937900543212890625e+00
2.524879687500000000e+04,-9.949979782104492188e+00
2.526865625000000000e+04,-9.836712837219238281e+00
2.528853125000000000e+04,-9.919202804565429688e+00
2.530842187500000000e+04,-9.980045318603515625e+00
2.532832812500000000e+04,-9.982985496520996094e+00
2.534825000000000000e+04,-9.813247680664062500e+00
2.536818750000000000e+04,-9.846737861633300781e+00
2.538814062500000000e+04,-9.906059265136718750e+00
2.540810937500000000e+04,-9.853099822998046875e+00
2.542809570312500000e+04,-1.000615596771240234e+01
2.544809570312500000e+04,-1.003186225891113281e+01
2.546811132812500000e+04,-9.904135704040527344e+00
2.548814453125000000e+04,-9.912866592407226562e+00
2.550819140625000000e+04,-9.968479156494140625e+00
2.552825390625000000e+04,-1.000798320770263672e+01
2.554833398437500000e+04,-1.002717971801757812e+01
2.556842968750000000e+04,-9.991514205932617188e+00
2.558854101562500000e+04,-1.005784130096435547e+01
2.560866601562500000e+04,-1.008993244171142578e+01
2.562880859375000000e+04,-1.002918338775634766e+01
2.564896679687500000e+04,-1.001753997802734375e+01
2.566914257812500000e+04,-1.011485290527343750e+01
2.568933203125000000e+04,-1.011809253692626953e+01
2.570953710937500000e+04,-1.015244102478027344e+01
2.572975976562500000e+04,-1.012097740173339844e+01
2.574999804687500000e+04,-1.016232299804687500e+01
2.577025195312500000e+04,-1.015782833099365234e+01
2.579052148437500000e+04,-1.011950874328613281e+01
2.581080664062500000e+04,-1.013945579528808594e+01
2.583110742187500000e+04,-1.018957042694091797e+01
2.585142578125000000e+04,-1.010770034790039062e+01
2.587175976562500000e+04,-1.018359947204589844e+01
2.589210937500000000e+04,-1.017518901824951172e+01
2.591247460937500000e+04,-1.019706249237060547e+01
2.593285546875000000e+04,-1.027469444274902344e+01
2.595325390625000000e+04,-1.020900249481201172e+01
2.597366601562500000e+04,-1.019220352172851562e+01
2.599409570312500000e+04,-1.019046783447265625e+01
2.601454101562500000e+04,-1.021948909759521484e+01
2.603500390625000000e+04,-1.025996303558349609e+01
2.605548242187500000e+04,-1.026940155029296875e+01
2.607597460937500000e+04,-1.023903465270996094e+01
2.609648632812500000e+04,-1.029177284240722656e+01
2.611701171875000000e+04,-1.024964523315429688e+01
2.613755468750000000e+04,-1.029207229614257812e+01
2.615811328125000000e+04,-1.029589748382568359e+01
2.617868750000000000e+04,-1.032368850708007812e+01
2.619927734375000000e+04,-1.030647087097167969e+01
2.621988476562500000e+04,-1.029721736907958984e+01
2.624050781250000000e+04,-1.031238460540771484e+01
2.626114843750000000e+04,-1.027025032043457031e+01
2.628180468750000000e+04,-1.033092403411865234e+01
2.630247656250000000e+04,-1.032007026672363281e+01
2.632316406250000000e+04,-1.032123947143554688e+01
2.634386914062500000e+04,-1.029255390167236328e+01
2.636458984375000000e+04,-1.029104137420654297e+01
2.638532617187500000e+04,-1.033949947357177734e+01
2.640608007812500000e+04,-1.033886146545410156e+01
2.642684960937500000e+04,-1.036391162872314453e+01
2.644763671875000000e+04,-1.034804248809814453e+01
2.646843750000000000e+04,-1.035188293457031250e+01
2.648925781250000000e+04,-1.034653854370117188e+01
2.651009179687500000e+04,-1.031750679016113281e+01
2.653094335937500000e+04,-1.033908653259277344e+01
2.655181250000000000e+04,-1.037158203125000000e+01
2.657269531250000000e+04,-1.039263248443603516e+01
2.659359765625000000e+04,-1.034965133666992188e+01
2.661451367187500000e+04,-1.036598300933837891e+01
2.663544726562500000e+04,-1.038482475280761719e+01
2.665639843750000000e+04,-1.035375022888183594e+01
2.667736523437500000e+04,-1.027145767211914062e+01
2.669834765625000000e+04,-1.032633876800537109e+01
2.671934765625000000e+04,-1.031587982177734375e+01
2.674036328125000000e+04,-1.038342285156250000e+01
2.676139648437500000e+04,-1.037613105773925781e+01
2.678244531250000000e+04,-1.030794143676757812e+01
2.680351171875000000e+04,-1.039846992492675781e+01
2.682459375000000000e+04,-1.032554244995117188e+01
2.684569140625000000e+04,-1.034354591369628906e+01
2.686680859375000000e+04,-1.036627388000488281e+01
2.688793945312500000e+04,-1.040382003784179688e+01
2.690908789062500000e+04,-1.048263072967529297e+01
2.693025390625000000e+04,-1.047151088714599609e+01
2.695143554687500000e+04,-1.039914703369140625e+01
2.697263476562500000e+04,-1.043881416320800781e+01
2.699384960937500000e+04,-1.045162200927734375e+01
2.701508203125000000e+04,-1.049502277374267578e+01
2.703633007812500000e+04,-1.053214550018310547e+01
2.705759570312500000e+04,-1.051185798645019531e+01
2.707887890625000000e+04,-1.050062370300292969e+01
2.710017773437500000e+04,-1.052215003967285156e+01
2.712149414062500000e+04,-1.053954887390136719e+01
2.714282617187500000e+04,-1.057079410552978516e+01
2.716417578125000000e+04,-1.053258323669433594e+01
2.718554101562500000e+04,-1.058871841430664062e+01
2.720692382812500000e+04,-1.055435752868652344e+01
2.722832421875000000e+04,-1.062432193756103516e+01
2.724974023437500000e+04,-1.057546806335449219e+01
2.727117382812500000e+04,-1.061604022979736328e+01
2.729262304687500000e+04,-1.060630798339843750e+01
2.731408984375000000e+04,-1.054305934906005859e+01
2.733557421875000000e+04,-1.063956356048583984e+01
2.735707617187500000e+04,-1.060104465484619141e+01
2.737859375000000000e+04,-1.065654850006103516e+01
2.740012695312500000e+04,-1.064047622680664062e+01
2.742167968750000000e+04,-1.061597919464111328e+01
2.744324804687500000e+04,-1.068400478363037109e+01
2.746483398437500000e+04,-1.067140102386474609e+01
2.748643554687500000e+04,-1.064881229400634766e+01
2.750805468750000000e+04,-1.072415542602539062e+01
2.752969140625000000e+04,-1.065693378448486328e+01
2.755134570312500000e+04,-1.070566272735595703e+01
2.757301562500000000e+04,-1.071380805969238281e+01
2.759470312500000000e+04,-1.067648792266845703e+01
2.761640820312500000e+04,-1.065312290191650391e+01
2.763813085937500000e+04,-1.070017051696777344e+01
2.765986914062500000e+04,-1.073177242279052734e+01
2.768162500000000000e+04,-1.068687248229980469e+01
2.770339843750000000e+04,-1.072024917602539062e+01
2.772518750000000000e+04,-1.072446918487548828e+01
2.774699609375000000e+04,-1.075611591339111328e+01
2.776882031250000000e+04,-1.076316928863525391e+01
2.779066210937500000e+04,-1.073402404785156250e+01
2.781251953125000000e+04,-1.076408290863037109e+01
2.783439648437500000e+04,-1.076811885833740234e+01
2.785628906250000000e+04,-1.076099586486816406e+01
2.787819921875000000e+04,-1.079556274414062500e+01
2.790012695312500000e+04,-1.073427104949951172e+01
2.792207226562500000e+04,-1.074326038360595703e+01
2.794403515625000000e+04,-1.076543426513671875e+01
2.796601367187500000e+04,-1.074230003356933594e+01
2.798800976562500000e+04,-1.085553359985351562e+01
2.801002343750000000e+04,-1.077808856964111328e+01
2.803205468750000000e+04,-1.076234054565429688e+01
2.805410351562500000e+04,-1.083754539489746094e+01
2.807616992187500000e+04,-1.081099605560302734e+01
2.809825390625000000e+04,-1.083455944061279297e+01
2.812035351562500000e+04,-1.082574367523193359e+01
2.814247265625000000e+04,-1.085393810272216797e+01
2.816460742187500000e+04,-1.084230422973632812e+01
2.818676171875000000e+04,-1.085349559783935547e+01
2.820893164062500000e+04,-1.089396381378173828e+01
2.823111914062500000e+04,-1.088687324523925781e+01
2.825332421875000000e+04,-1.089094352722167969e+01
2.827554687500000000e+04,-1.084877490997314453e+01
2.829778710937500000e+04,-1.085974311828613281e+01
2.832004492187500000e+04,-1.091402053833007812e+01
2.834232031250000000e+04,-1.089657878875732422e+01
2.836461328125000000e+04,-1.092609977722167969e+01
2.838692187500000000e+04,-1.087744617462158203e+01
2.840925000000000000e+04,-1.087835693359375000e+01
2.843159570312500000e+04,-1.094691181182861328e+01
2.845395898437500000e+04,-1.090102005004882812e+01
2.847633984375000000e+04,-1.096240043640136719e+01
2.849873828125000000e+04,-1.091630363464355469e+01
2.852115234375000000e+04,-1.094515323638916016e+01
2.854358593750000000e+04,-1.094917297363281250e+01
2.856603710937500000e+04,-1.094994735717773438e+01
2.858850585937500000e+04,-1.096261215209960938e+01
2.861099218750000000e+04,-1.101599788665771484e+01
2.863349609375000000e+04,-1.096060752868652344e+01
2.865601757812500000e+04,-1.095334434509277344e+01
2.867855859375000000e+04,-1.101952171325683594e+01
2.870111523437500000e+04,-1.103121852874755859e+01
2.872368945312500000e+04,-1.097420215606689453e+01
2.874628320312500000e+04,-1.101023769378662109e+01
2.876889257812500000e+04,-1.098529338836669922e+01
2.879152148437500000e+04,-1.097790336608886719e+01
2.881416796875000000e+04,-1.103484725952148438e+01
2.883683007812500000e+04,-1.103943061828613281e+01
2.885951171875000000e+04,-1.104148864746093750e+01
2.888221289062500000e+04,-1.105573177337646484e+01
2.890492968750000000e+04,-1.109603404998779297e+01
2.892766406250000000e+04,-1.104247570037841797e+01
2.895041796875000000e+04,-1.107249736785888672e+01
2.897318945312500000e+04,-1.102619552612304688e+01
2.899597851562500000e+04,-1.108795738220214844e+01
2.901878515625000000e+04,-1.108100986480712891e+01
2.904160937500000000e+04,-1.107494926452636719e+01
2.906445117187500000e+04,-1.111634349822998047e+01
2.908731250000000000e+04,-1.112719154357910156e+01
2.911019140625000000e+04,-1.107094669342041016e+01
2.913308789062500000e+04,-1.106779098510742188e+01
2.915600195312500000e+04,-1.109923362731933594e+01
2.917893554687500000e+04,-1.110611915588378906e+01
2.920188671875000000e+04,-1.110503768920898438e+01
2.922485546875000000e+04,-1.109138107299804688e+01
2.924784179687500000e+04,-1.111600112915039062e+01
2.927084570312500000e+04,-1.113001060485839844e+01
2.929386914062500000e+04,-1.112303161621093750e+01
2.931691015625000000e+04,-1.110022354125976562e+01
2.933997070312500000e+04,-1.115093803405761719e+01
2.936304687500000000e+04,-1.111036682128906250e+01
2.938614257812500000e+04,-1.107920742034912109e+01
2.940925585937500000e+04,-1.111609935760498047e+01
2.943238867187500000e+04,-1.112239933013916016e+01
2.945553906250000000e+04,-1.103075408935546875e+01
2.947870703125000000e+04,-1.111602973937988281e+01
2.950189257812500000e+04,-1.109573554992675781e+01
2.952509765625000000e+04,-1.100939846038818359e+01
2.954832031250000000e+04,-1.105308055877685547e+01
2.957156250000000000e+04,-1.112097549438476562e+01
2.959482226562500000e+04,-1.114584064483642578e+01
2.961809960937500000e+04,-1.110236358642578125e+01
2.964139648437500000e+04,-1.120878982543945312e+01
2.966471093750000000e+04,-1.118653202056884766e+01
2.968804296875000000e+04,-1.117451667785644531e+01
2.971139453125000000e+04,-1.125041580200195312e+01
2.973476367187500000e+04,-1.120600318908691406e+01
2.975815234375000000e+04,-1.125822448730468750e+01
2.978155859375000000e+04,-1.124425125122070312e+01
2.980498242187500000e+04,-1.123727607727050781e+01
2.982842578125000000e+04,-1.126827239990234375e+01
2.985188867187500000e+04,-1.123518371582031250e+01
2.987536718750000000e+04,-1.124334716796875000e+01
2.989886718750000000e+04,-1.132715606689453125e+01
2.992238281250000000e+04,-1.135420894622802734e+01
2.994591796875000000e+04,-1.125482749938964844e+01
2.996947265625000000e+04,-1.133096790313720703e+01
2.999304492187500000e+04,-1.130397796630859375e+01
3.001663671875000000e+04,-1.135840797424316406e+01
3.004024609375000000e+04,-1.132921409606933594e+01
3.006387500000000000e+04,-1.132791900634765625e+01
3.008752148437500000e+04,-1.132521724700927734e+01
3.011118554687500000e+04,-1.134805488586425781e+01
3.013487109375000000e+04,-1.133645248413085938e+01
3.015857226562500000e+04,-1.134652233123779297e+01
3.018229492187500000e+04,-1.137155437469482422e+01
3.020603515625000000e+04,-1.138230514526367188e+01
3.022979296875000000e+04,-1.138446712493896484e+01
3.025357031250000000e+04,-1.143239021301269531e+01
3.027736523437500000e+04,-1.136239814758300781e+01
3.030118164062500000e+04,-1.132365131378173828e+01
3.032501367187500000e+04,-1.138725280761718750e+01
3.034886718750000000e+04,-1.145382022857666016e+01
3.037273828125000000e+04,-1.140848350524902344e+01
3.039662695312500000e+04,-1.143935680389404297e+01
3.042053515625000000e+04,-1.144770240783691406e+01
3.044446289062500000e+04,-1.152564144134521484e+01
3.046840820312500000e+04,-1.142215824127197266e+01
3.049237500000000000e+04,-1.142750549316406250e+01
3.051635742187500000e+04,-1.145431041717529297e+01
3.054036132812500000e+04,-1.142109107971191406e+01
3.056438281250000000e+04,-1.145356655120849609e+01
3.058842187500000000e+04,-1.147402763366699219e+01
3.061248242187500000e+04,-1.146196365356445312e+01
3.063656054687500000e+04,-1.147888565063476562e+01
3.066065820312500000e+04,-1.152612304687500000e+01
3.068477343750000000e+04,-1.145128059387207031e+01
3.070890820312500000e+04,-1.153577423095703125e+01
3.073306250000000000e+04,-1.145725727081298828e+01
3.075723632812500000e+04,-1.144062042236328125e+01
3.078142773437500000e+04,-1.145364856719970703e+01
3.080563867187500000e+04,-1.142868041992187500e+01
3.082986914062500000e+04,-1.142895126342773438e+01
3.085411914062500000e+04,-1.150132656097412109e+01
3.087838671875000000e+04,-1.151963615417480469e+01
3.090267382812500000e+04,-1.144035243988037109e+01
3.092698046875000000e+04,-1.149799728393554688e+01
3.095130664062500000e+04,-1.145119571685791016e+01
3.097565234375000000e+04,-1.142195796966552734e+01
3.100001562500000000e+04,-1.149734020233154297e+01
3.102439843750000000e+04,-1.163066005706787109e+01
3.104880078125000000e+04,-1.152888774871826172e+01
3.107322265625000000e+04,-1.158171558380126953e+01
3.109766406250000000e+04,-1.152841567993164062e+01
3.112212304687500000e+04,-1.157554149627685547e+01
3.114660156250000000e+04,-1.161308479309082031e+01
3.117110156250000000e+04,-1.162052154541015625e+01
3.119561914062500000e+04,-1.159318733215332031e+01
3.122015625000000000e+04,-1.160377407073974609e+01
3.124471093750000000e+04,-1.166263484954833984e+01
3.126928710937500000e+04,-1.167860984802246094e+01
3.129388281250000000e+04,-1.167892646789550781e+01
3.131849609375000000e+04,-1.168380928039550781e+01
3.134313085937500000e+04,-1.173496341705322266e+01
3.136778320312500000e+04,-1.166382408142089844e+01
3.139245507812500000e+04,-1.172814178466796875e+01
3.141714648437500000e+04,-1.171050643920898438e+01
3.144185742187500000e+04,-1.172961807250976562e+01
3.146658984375000000e+04,-1.171878623962402344e+01
3.149133984375000000e+04,-1.175159358978271484e+01
3.151610937500000000e+04,-1.173611545562744141e+01
3.154089843750000000e+04,-1.171374797821044922e+01
3.156570703125000000e+04,-1.180173492431640625e+01
3.159053320312500000e+04,-1.176165103912353516e+01
3.161538085937500000e+04,-1.169036293029785156e+01
3.164024804687500000e+04,-1.177350044250488281e+01
3.166513476562500000e+04,-1.179950714111328125e+01
3.169004101562500000e+04,-1.178074836730957031e+01
3.171496679687500000e+04,-1.174521350860595703e+01
3.173991406250000000e+04,-1.175689697265625000e+01
3.176487890625000000e+04,-1.178075313568115234e+01
3.178986328125000000e+04,-1.184106636047363281e+01
3.181486718750000000e+04,-1.179270267486572266e+01
3.183989062500000000e+04,-1.162163162231445312e+01
3.186493554687500000e+04,-1.175491428375244141e+01
3.188999804687500000e+04,-1.178285694122314453e+01
3.191508203125000000e+04,-1.180462074279785156e+01
3.194018359375000000e+04,-1.176007080078125000e+01
3.196530664062500000e+04,-1.180382537841796875e+01
3.199044921875000000e+04,-1.175252532958984375e+01
3.201561132812500000e+04,-1.168670177459716797e+01
3.204079296875000000e+04,-1.174000549316406250e+01
3.206599609375000000e+04,-1.186570549011230469e+01
3.209121679687500000e+04,-1.179027557373046875e+01
3.211645898437500000e+04,-1.171254634857177734e+01
3.214171875000000000e+04,-1.177090644836425781e+01
3.216700000000000000e+04,-1.174919986724853516e+01
3.219230078125000000e+04,-1.185591793060302734e+01
3.221762304687500000e+04,-1.191963768005371094e+01
3.224296289062500000e+04,-1.183859920501708984e+01
3.226832421875000000e+04,-1.182049751281738281e+01
3.229370507812500000e+04,-1.184499168395996094e+01
3.231910546875000000e+04,-1.184510040283203125e+01
3.234452539062500000e+04,-1.189071464538574219e+01
3.236996679687500000e+04,-1.189378643035888672e+01
3.239542773437500000e+04,-1.189476013183593750e+01
3.242090820312500000e+04,-1.189441585540771484e+01
3.244640820312500000e+04,-1.191868686676025391e+01
3.247192968750000000e+04,-1.190600013732910156e+01
3.249747070312500000e+04,-1.189610862731933594e+01
3.252303125000000000e+04,-1.197625160217285156e+01
3.254861132812500000e+04,-1.203694438934326172e+01
3.257421289062500000e+04,-1.202852821350097656e+01
3.259983398437500000e+04,-1.201860809326171875e+01
3.262547656250000000e+04,-1.203265762329101562e+01
3.265113671875000000e+04,-1.198601722717285156e+01
3.267682031250000000e+04,-1.205962371826171875e+01
3.270252148437500000e+04,-1.199312782287597656e+01
3.272824414062500000e+04,-1.202497673034667969e+01
3.275398632812500000e+04,-1.208664894104003906e+01
3.277975000000000000e+04,-1.208056449890136719e+01
3.280553125000000000e+04,-1.202104949951171875e+01
3.283133593750000000e+04,-1.203679466247558594e+01
3.285716015625000000e+04,-1.205226898193359375e+01
3.288300390625000000e+04,-1.205606651306152344e+01
3.290886718750000000e+04,-1.210730075836181641e+01
3.293475000000000000e+04,-1.209024047851562500e+01
3.296065625000000000e+04,-1.207249832153320312e+01
3.298658203125000000e+04,-1.213882637023925781e+01
3.301252734375000000e+04,-1.208056926727294922e+01
3.303849218750000000e+04,-1.208689212799072266e+01
3.306448046875000000e+04,-1.207369422912597656e+01
3.309048437500000000e+04,-1.216915893554687500e+01
3.311651171875000000e+04,-1.213711166381835938e+01
3.314256250000000000e+04,-1.211435508728027344e+01
3.316862890625000000e+04,-1.212477302551269531e+01
3.319471875000000000e+04,-1.214385986328125000e+01
3.322082812500000000e+04,-1.216879463195800781e+01
3.324695703125000000e+04,-1.218678569793701172e+01
3.327310937500000000e+04,-1.215427780151367188e+01
3.329928125000000000e+04,-1.216847610473632812e+01
3.332547265625000000e+04,-1.213634967803955078e+01
3.335168359375000000e+04,-1.220430183410644531e+01
3.337791406250000000e+04,-1.221980953216552734e+01
3.340416796875000000e+04,-1.218153572082519531e+01
3.343044531250000000e+04,-1.219883346557617188e+01
3.345673828125000000e+04,-1.219837284088134766e+01
3.348305468750000000e+04,-1.220622920989990234e+01
3.350939062500000000e+04,-1.221790790557861328e+01
3.353574609375000000e+04,-1.221390151977539062e+01
3.356212500000000000e+04,-1.219926643371582031e+01
3.358852343750000000e+04,-1.221803283691406250e+01
3.361494140625000000e+04,-1.224028110504150391e+01
3.364138281250000000e+04,-1.225519084930419922e+01
3.366784375000000000e+04,-1.223754024505615234e+01
3.369432421875000000e+04,-1.226035499572753906e+01
3.372082421875000000e+04,-1.228473663330078125e+01
3.374734765625000000e+04,-1.226124286651611328e+01
3.377389453125000000e+04,-1.231440067291259766e+01
3.380045703125000000e+04,-1.226073360443115234e+01
3.382704296875000000e+04,-1.229563236236572266e+01
3.385365234375000000e+04,-1.233596038818359375e+01
3.388027734375000000e+04,-1.232819747924804688e+01
3.390692578125000000e+04,-1.233287239074707031e+01
3.393359765625000000e+04,-1.233712100982666016e+01
3.396028515625000000e+04,-1.227698516845703125e+01
3.398700000000000000e+04,-1.231260871887207031e+01
3.401373046875000000e+04,-1.232998371124267578e+01
3.404048437500000000e+04,-1.232792091369628906e+01
3.406725781250000000e+04,-1.232279777526855469e+01
3.409405468750000000e+04,-1.236095333099365234e+01
3.412087109375000000e+04,-1.236120986938476562e+01
3.414771093750000000e+04,-1.234280109405517578e+01
3.417456640625000000e+04,-1.236984157562255859e+01
3.420144921875000000e+04,-1.240155315399169922e+01
3.422834765625000000e+04,-1.243047142028808594e+01
3.425527343750000000e+04,-1.237175846099853516e+01
3.428221484375000000e+04,-1.236819076538085938e+01
3.430917968750000000e+04,-1.240710735321044922e+01
3.433616796875000000e+04,-1.240573024749755859e+01
3.436317187500000000e+04,-1.234767436981201172e+01
3.439020312500000000e+04,-1.246739959716796875e+01
3.441725000000000000e+04,-1.242396259307861328e+01
3.444432031250000000e+04,-1.240614700317382812e+01
3.447141406250000000e+04,-1.247350120544433594e+01
3.449852734375000000e+04,-1.247406864166259766e+01
3.452566406250000000e+04,-1.248212814331054688e+01
3.455282031250000000e+04,-1.249192810058593750e+01
3.457999609375000000e+04,-1.247041797637939453e+01
3.460719531250000000e+04,-1.243534088134765625e+01
3.463441406250000000e+04,-1.251436042785644531e+01
3.466165625000000000e+04,-1.251306915283203125e+01
3.468892187500000000e+04,-1.249655342102050781e+01
3.471620703125000000e+04,-1.251388740539550781e+01
3.474351171875000000e+04,-1.261285972595214844e+01
3.477083984375000000e+04,-1.252128410339355469e+01
3.479818750000000000e+04,-1.254480934143066406e+01
3.482555859375000000e+04,-1.243095016479492188e+01
3.485294921875000000e+04,-1.252745532989501953e+01
3.488036328125000000e+04,-1.250631809234619141e+01
3.490780078125000000e+04,-1.257345294952392578e+01
3.493525781250000000e+04,-1.253925895690917969e+01
3.496273437500000000e+04,-1.251530838012695312e+01
3.499023437500000000e+04,-1.251129055023193359e+01
3.501775781250000000e+04,-1.255106353759765625e+01
3.504530078125000000e+04,-1.243774223327636719e+01
3.507286328125000000e+04,-1.243909454345703125e+01
3.510045312500000000e+04,-1.252810096740722656e+01
3.512805859375000000e+04,-1.255662441253662109e+01
3.515569140625000000e+04,-1.253349876403808594e+01
3.518333984375000000e+04,-1.255433654785156250e+01
3.521101562500000000e+04,-1.260542869567871094e+01
3.523871093750000000e+04,-1.261176013946533203e+01
3.526642578125000000e+04,-1.258212471008300781e+01
3.529416796875000000e+04,-1.265585517883300781e+01
3.532192578125000000e+04,-1.263803958892822266e+01
3.534971093750000000e+04,-1.261317157745361328e+01
3.537751171875000000e+04,-1.269822025299072266e+01
3.540533984375000000e+04,-1.266049766540527344e+01
3.543318750000000000e+04,-1.271622467041015625e+01
3.546105859375000000e+04,-1.271205902099609375e+01
3.548894921875000000e+04,-1.274212837219238281e+01
3.551686328125000000e+04,-1.273988819122314453e+01
3.554480078125000000e+04,-1.277720069885253906e+01
3.557275781250000000e+04,-1.271234035491943359e+01
3.560073828125000000e+04,-1.270161151885986328e+01
3.562873828125000000e+04,-1.273106956481933594e+01
3.565676171875000000e+04,-1.276468467712402344e+01
3.568480859375000000e+04,-1.272060394287109375e+01
3.571287500000000000e+04,-1.255428123474121094e+01
3.574096484375000000e+04,-1.284291839599609375e+01
3.576907812500000000e+04,-1.283965206146240234e+01
3.579721484375000000e+04,-1.278248596191406250e+01
3.582537109375000000e+04,-1.275862884521484375e+01
3.585354687500000000e+04,-1.271431541442871094e+01
3.588175000000000000e+04,-1.281797409057617188e+01
3.590997265625000000e+04,-1.278261566162109375e+01
3.593821484375000000e+04,-1.281025409698486328e+01
3.596648437500000000e+04,-1.284908294677734375e+01
3.599477343750000000e+04,-1.280060291290283203e+01
3.602308593750000000e+04,-1.289236927032470703e+01
3.605141796875000000e+04,-1.282592391967773438e+01
3.607977343750000000e+04,-1.279376506805419922e+01
3.610815234375000000e+04,-1.281164073944091797e+01
3.613655468750000000e+04,-1.279457092285156250e+01
3.616497656250000000e+04,-1.283482742309570312e+01
3.619342187500000000e+04,-1.281616973876953125e+01
3.622189062500000000e+04,-1.279861450195312500e+01
3.625038281250000000e+04,-1.273761749267578125e+01
3.627889453125000000e+04,-1.279466438293457031e+01
3.630742968750000000e+04,-1.285199069976806641e+01
3.633598828125000000e+04,-1.279850387573242188e+01
3.636456640625000000e+04,-1.287166404724121094e+01
3.639317187500000000e+04,-1.280206489562988281e+01
3.642179687500000000e+04,-1.277499580383300781e+01
3.645044140625000000e+04,-1.286000728607177734e+01
3.647911328125000000e+04,-1.287318801879882812e+01
3.650780468750000000e+04,-1.291588687896728516e+01
3.653651953125000000e+04,-1.291357135772705078e+01
3.656525781250000000e+04,-1.292315387725830078e+01
3.659401953125000000e+04,-1.293004894256591797e+01
3.662280078125000000e+04,-1.291431045532226562e+01
3.665160937500000000e+04,-1.296718025207519531e+01
3.668043750000000000e+04,-1.292391586303710938e+01
3.670928906250000000e+04,-1.294700622558593750e+01
3.673816015625000000e+04,-1.299779891967773438e+01
3.676705859375000000e+04,-1.297876930236816406e+01
3.679597656250000000e+04,-1.299576377868652344e+01
3.682491796875000000e+04,-1.295974826812744141e+01
3.685388281250000000e+04,-1.305368614196777344e+01
3.688287109375000000e+04,-1.298970413208007812e+01
3.691188281250000000e+04,-1.300618076324462891e+01
3.694091406250000000e+04,-1.304580211639404297e+01
3.696996875000000000e+04,-1.296524429321289062e+01
3.699905078125000000e+04,-1.303525924682617188e+01
3.702815234375000000e+04,-1.306117916107177734e+01
3.705727734375000000e+04,-1.306586837768554688e+01
3.708642187500000000e+04,-1.305034255981445312e+01
3.711559375000000000e+04,-1.300637245178222656e+01
3.714478515625000000e+04,-1.307135009765625000e+01
3.717400390625000000e+04,-1.303358078002929688e+01
3.720324218750000000e+04,-1.309385395050048828e+01
3.723250390625000000e+04,-1.309126091003417969e+01
3.726178906250000000e+04,-1.309974765777587891e+01
3.729109765625000000e+04,-1.309318161010742188e+01
3.732042968750000000e+04,-1.308126926422119141e+01
3.734978515625000000e+04,-1.303913211822509766e+01
3.737916015625000000e+04,-1.305490589141845703e+01
3.740856250000000000e+04,-1.311732387542724609e+01
3.743798437500000000e+04,-1.312795639038085938e+01
3.746743359375000000e+04,-1.307656860351562500e+01
3.749690234375000000e+04,-1.304944229125976562e+01
3.752639453125000000e+04,-1.307496452331542969e+01
3.755591406250000000e+04,-1.316220474243164062e+01
3.758545312500000000e+04,-1.302612876892089844e+01
3.761501562500000000e+04,-1.310131263732910156e+01
3.764460156250000000e+04,-1.309947967529296875e+01
3.767421093750000000e+04,-1.321337223052978516e+01
3.770384375000000000e+04,-1.308570289611816406e+01
3.773350000000000000e+04,-1.312354660034179688e+01
3.776317968750000000e+04,-1.306108474731445312e+01
3.779288281250000000e+04,-1.309185218811035156e+01
3.782260546875000000e+04,-1.311417484283447266e+01
3.785235546875000000e+04,-1.309173107147216797e+01
3.788212890625000000e+04,-1.318960666656494141e+01
3.791192578125000000e+04,-1.319380378723144531e+01
3.794174609375000000e+04,-1.315556430816650391e+01
3.797158984375000000e+04,-1.317186355590820312e+01
3.800145703125000000e+04,-1.317666912078857422e+01
3.803134375000000000e+04,-1.320827865600585938e+01
3.806125781250000000e+04,-1.325846099853515625e+01
3.809119531250000000e+04,-1.324316215515136719e+01
3.812115625000000000e+04,-1.327474689483642578e+01
3.815114062500000000e+04,-1.326817893981933594e+01
3.818114843750000000e+04,-1.326583671569824219e+01
3.821117968750000000e+04,-1.327659988403320312e+01
3.824123437500000000e+04,-1.329032135009765625e+01
3.827131250000000000e+04,-1.323496341705322266e+01
3.830141796875000000e+04,-1.336337471008300781e+01
3.833154296875000000e+04,-1.321641826629638672e+01
3.836169140625000000e+04,-1.331176280975341797e+01
3.839186718750000000e+04,-1.330162048339843750e+01
3.842206250000000000e+04,-1.333963775634765625e+01
3.845228515625000000e+04,-1.332384490966796875e+01
3.848252734375000000e+04,-1.337889480590820312e+01
3.851279687500000000e+04,-1.331793022155761719e+01
3.854308984375000000e+04,-1.334812736511230469e+01
3.857340625000000000e+04,-1.335303688049316406e+01
3.860374609375000000e+04,-1.336140537261962891e+01
3.863410937500000000e+04,-1.333621215820312500e+01
3.866449609375000000e+04,-1.334243965148925781e+01
3.869491015625000000e+04,-1.331829261779785156e+01
3.872534375000000000e+04,-1.341453170776367188e+01
3.875580468750000000e+04,-1.339080238342285156e+01
3.878628515625000000e+04,-1.341359138488769531e+01
3.881679296875000000e+04,-1.338369846343994141e+01
3.884732421875000000e+04,-1.340144348144531250e+01
3.887788281250000000e+04,-1.347492790222167969e+01
3.890846093750000000e+04,-1.334302520751953125e+01
3.893906250000000000e+04,-1.343327713012695312e+01
3.896969140625000000e+04,-1.340509510040283203e+01
3.900034375000000000e+04,-1.346448516845703125e+01
3.903101953125000000e+04,-1.347164535522460938e+01
3.906171875000000000e+04,-1.342741394042968750e+01
3.909244140625000000e+04,-1.347076892852783203e+01
3.912319140625000000e+04,-1.353008174896240234e+01
3.915396484375000000e+04,-1.351421356201171875e+01
3.918476171875000000e+04,-1.351338768005371094e+01
3.921558203125000000e+04,-1.350084209442138672e+01
3.924642578125000000e+04,-1.348046207427978516e+01
3.927729687500000000e+04,-1.352139568328857422e+01
3.930818750000000000e+04,-1.355379581451416016e+01
3.933910546875000000e+04,-1.343663024902343750e+01
3.937005078125000000e+04,-1.356399154663085938e+01
3.940101562500000000e+04,-1.348512268066406250e+01
3.943200781250000000e+04,-1.349457836151123047e+01
3.946302343750000000e+04,-1.354176330566406250e+01
3.949406250000000000e+04,-1.360060310363769531e+01
3.952512500000000000e+04,-1.358113861083984375e+01
3.955621484375000000e+04,-1.356797981262207031e+01
3.958732812500000000e+04,-1.355192661285400391e+01
3.961846484375000000e+04,-1.358169364929199219e+01
3.964962500000000000e+04,-1.352597332000732422e+01
3.968081250000000000e+04,-1.361831760406494141e+01
3.971202343750000000e+04,-1.358558654785156250e+01
3.974326171875000000e+04,-1.362598037719726562e+01
3.977451953125000000e+04,-1.363612174987792969e+01
3.980580468750000000e+04,-1.359970092773437500e+01
3.983711328125000000e+04,-1.365504264831542969e+01
3.986844921875000000e+04,-1.363079833984375000e+01
3.989980468750000000e+04,-1.361478996276855469e+01
3.993119140625000000e+04,-1.364433288574218750e+01
3.996259765625000000e+04,-1.360549926757812500e+01
3.999403125000000000e+04,-1.364790534973144531e+01
4.002548828125000000e+04,-1.365732765197753906e+01
4.005696875000000000e+04,-1.366176700592041016e+01
4.008847656250000000e+04,-1.366357326507568359e+01
4.012000781250000000e+04,-1.367360115051269531e+01
4.015156640625000000e+04,-1.371535301208496094e+01
4.018314453125000000e+04,-1.374276638031005859e+01
4.021475390625000000e+04,-1.374155902862548828e+01
4.024638281250000000e+04,-1.367937183380126953e+01
4.027803906250000000e+04,-1.371917152404785156e+01
4.030971875000000000e+04,-1.371562385559082031e+01
4.034142578125000000e+04,-1.368236541748046875e+01
4.037315625000000000e+04,-1.362371635437011719e+01
4.040491015625000000e+04,-1.368556976318359375e+01
4.043669140625000000e+04,-1.370146942138671875e+01
4.046849609375000000e+04,-1.351874256134033203e+01
4.050032812500000000e+04,-1.366438865661621094e+01
4.053218359375000000e+04,-1.364211082458496094e+01
4.056406640625000000e+04,-1.381770229339599609e+01
4.059596875000000000e+04,-1.377397346496582031e+01
4.062790234375000000e+04,-1.379730796813964844e+01
4.065985546875000000e+04,-1.373776245117187500e+01
4.069183984375000000e+04,-1.382035446166992188e+01
4.072384375000000000e+04,-1.377675247192382812e+01
4.075587500000000000e+04,-1.378971099853515625e+01
4.078793359375000000e+04,-1.384932136535644531e+01
4.082001562500000000e+04,-1.385349178314208984e+01
4.085212109375000000e+04,-1.386281967163085938e+01
4.088425390625000000e+04,-1.388818550109863281e+01
4.091641015625000000e+04,-1.377173614501953125e+01
4.094859375000000000e+04,-1.392837715148925781e+01
4.098080078125000000e+04,-1.389888000488281250e+01
4.101303515625000000e+04,-1.383360004425048828e+01
4.104529296875000000e+04,-1.390248489379882812e+01
4.107757812500000000e+04,-1.391105556488037109e+01
4.110988671875000000e+04,-1.387994956970214844e+01
4.114222265625000000e+04,-1.387549018859863281e+01
4.117458203125000000e+04,-1.389033317565917969e+01
4.120696875000000000e+04,-1.396722221374511719e+01
4.123938281250000000e+04,-1.393949031829833984e+01
4.127181640625000000e+04,-1.395898342132568359e+01
4.130428125000000000e+04,-1.386845493316650391e+01
4.133676953125000000e+04,-1.394842624664306641e+01
4.136928125000000000e+04,-1.397537326812744141e+01
4.140182031250000000e+04,-1.398993873596191406e+01
4.143438671875000000e+04,-1.398066043853759766e+01
4.146697656250000000e+04,-1.403938674926757812e+01
4.149958984375000000e+04,-1.394654083251953125e+01
4.153223437500000000e+04,-1.396374702453613281e+01
4.156490234375000000e+04,-1.388982772827148438e+01
4.159759375000000000e+04,-1.403400325775146484e+01
4.163031250000000000e+04,-1.402639770507812500e+01
4.166305468750000000e+04,-1.399810791015625000e+01
4.169582812500000000e+04,-1.404533195495605469e+01
4.172862109375000000e+04,-1.395665550231933594e+01
4.176144531250000000e+04,-1.404063987731933594e+01
4.179429296875000000e+04,-1.397727966308593750e+01
4.182716406250000000e+04,-1.399599170684814453e+01
4.186006250000000000e+04,-1.407002830505371094e+01
4.189298828125000000e+04,-1.390863800048828125e+01
4.192594140625000000e+04,-1.399548721313476562e+01
4.195891796875000000e+04,-1.398812866210937500e+01
4.199192187500000000e+04,-1.405602931976318359e+01
4.202494921875000000e+04,-1.398889732360839844e+01
4.205800390625000000e+04,-1.404001331329345703e+01
4.209108593750000000e+04,-1.407310485839843750e+01
4.212419140625000000e+04,-1.412171554565429688e+01
4.215732421875000000e+04,-1.412692928314208984e+01
4.219048437500000000e+04,-1.413405227661132812e+01
4.222366796875000000e+04,-1.415353965759277344e+01
4.225687890625000000e+04,-1.418864822387695312e+01
4.229011718750000000e+04,-1.415184020996093750e+01
4.232337890625000000e+04,-1.413516139984130859e+01
4.235666796875000000e+04,-1.414431953430175781e+01
4.238998437500000000e+04,-1.423791885375976562e+01
4.242332812500000000e+04,-1.415820598602294922e+01
4.245669531250000000e+04,-1.421787071228027344e+01
4.249008984375000000e+04,-1.418861770629882812e+01
4.252351171875000000e+04,-1.420432472229003906e+01
4.255695703125000000e+04,-1.421278095245361328e+01
4.259042968750000000e+04,-1.422169113159179688e+01
4.262392968750000000e+04,-1.411500835418701172e+01
4.265745703125000000e+04,-1.422633552551269531e+01
4.269100781250000000e+04,-1.426798629760742188e+01
4.272458593750000000e+04,-1.422369861602783203e+01
4.275819140625000000e+04,-1.421463394165039062e+01
4.279182421875000000e+04,-1.417975521087646484e+01
4.282548046875000000e+04,-1.417031192779541016e+01
4.285916406250000000e+04,-1.423894977569580078e+01
4.289287500000000000e+04,-1.420319461822509766e+01
4.292661328125000000e+04,-1.422714424133300781e+01
4.296037890625000000e+04,-1.417141151428222656e+01
4.299416796875000000e+04,-1.421961402893066406e+01
4.302798437500000000e+04,-1.422275924682617188e+01
4.306182812500000000e+04,-1.426187324523925781e+01
4.309569921875000000e+04,-1.411113357543945312e+01
4.312959765625000000e+04,-1.418566322326660156e+01
4.316351953125000000e+04,-1.422853374481201172e+01
4.319746875000000000e+04,-1.420264148712158203e+01
4.323144921875000000e+04,-1.419225502014160156e+01
4.326545312500000000e+04,-1.419340133666992188e+01
4.329948046875000000e+04,-1.426362133026123047e+01
4.333353906250000000e+04,-1.427202224731445312e+01
4.336762500000000000e+04,-1.427911758422851562e+01
4.340173437500000000e+04,-1.417669105529785156e+01
4.343587109375000000e+04,-1.424731826782226562e+01
4.347003515625000000e+04,-1.422091579437255859e+01
4.350422656250000000e+04,-1.421490287780761719e+01
4.353844531250000000e+04,-1.436825847625732422e+01
4.357269140625000000e+04,-1.438104152679443359e+01
4.360696484375000000e+04,-1.444841957092285156e+01
4.364126171875000000e+04,-1.429081916809082031e+01
4.367558984375000000e+04,-1.436808490753173828e+01
4.370994140625000000e+04,-1.437801265716552734e+01
4.374432031250000000e+04,-1.439294338226318359e+01
4.377873046875000000e+04,-1.439578247070312500e+01
4.381316406250000000e+04,-1.440210247039794922e+01
4.384762500000000000e+04,-1.439142417907714844e+01
4.388211328125000000e+04,-1.441499710083007812e+01
4.391662890625000000e+04,-1.444869613647460938e+01
4.395117187500000000e+04,-1.444614887237548828e+01
4.398574218750000000e+04,-1.438837242126464844e+01
4.402033984375000000e+04,-1.440906047821044922e+01
4.405496093750000000e+04,-1.447951221466064453e+01
4.408961328125000000e+04,-1.446001243591308594e+01
4.412429296875000000e+04,-1.448885917663574219e+01
4.415900000000000000e+04,-1.441788673400878906e+01
4.419373046875000000e+04,-1.445245838165283203e+01
4.422849218750000000e+04,-1.444990158081054688e+01
4.426328125000000000e+04,-1.450493907928466797e+01
4.429809765625000000e+04,-1.452019882202148438e+01
4.433293750000000000e+04,-1.452863121032714844e+01
4.436780859375000000e+04,-1.454736709594726562e+01
4.440270703125000000e+04,-1.459393501281738281e+01
4.443763281250000000e+04,-1.449816703796386719e+01
4.447258203125000000e+04,-1.449247837066650391e+01
4.450756250000000000e+04,-1.449925231933593750e+01
4.454257031250000000e+04,-1.458429813385009766e+01
4.457760546875000000e+04,-1.445657920837402344e+01
4.461266796875000000e+04,-1.451353931427001953e+01
4.464775781250000000e+04,-1.445829391479492188e+01
4.468287500000000000e+04,-1.456292629241943359e+01
4.471802343750000000e+04,-1.465484428405761719e+01
4.475319531250000000e+04,-1.461331748962402344e+01
4.478839453125000000e+04,-1.453798389434814453e+01
4.482362500000000000e+04,-1.460588264465332031e+01
4.485887890625000000e+04,-1.456077194213867188e+01
4.489416406250000000e+04,-1.460464286804199219e+01
4.492947656250000000e+04,-1.461954021453857422e+01
4.496481640625000000e+04,-1.460329151153564453e+01
4.500018359375000000e+04,-1.465957450866699219e+01
4.503557812500000000e+04,-1.458421325683593750e+01
4.507100000000000000e+04,-1.462865734100341797e+01
4.510644921875000000e+04,-1.469536876678466797e+01
4.514192968750000000e+04,-1.465802192687988281e+01
4.517743750000000000e+04,-1.467255401611328125e+01
4.521296875000000000e+04,-1.464392662048339844e+01
4.524853125000000000e+04,-1.473475933074951172e+01
4.528412109375000000e+04,-1.472353553771972656e+01
4.531974218750000000e+04,-1.468684196472167969e+01
4.535538671875000000e+04,-1.469488620758056641e+01
4.539106250000000000e+04,-1.468671703338623047e+01
4.542676562500000000e+04,-1.475674819946289062e+01
4.546249609375000000e+04,-1.473949623107910156e+01
4.549825390625000000e+04,-1.481996631622314453e+01
4.553403906250000000e+04,-1.472093009948730469e+01
4.556985546875000000e+04,-1.473538970947265625e+01
4.560569921875000000e+04,-1.476307106018066406e+01
4.564157031250000000e+04,-1.477874660491943359e+01
4.567746875000000000e+04,-1.475879096984863281e+01
4.571339453125000000e+04,-1.479686737060546875e+01
4.574935156250000000e+04,-1.479122543334960938e+01
4.578533593750000000e+04,-1.476547813415527344e+01
4.582134765625000000e+04,-1.480509185791015625e+01
4.585739062500000000e+04,-1.484318256378173828e+01
4.589345703125000000e+04,-1.482765197753906250e+01
4.592955468750000000e+04,-1.475683116912841797e+01
4.596568359375000000e+04,-1.482446861267089844e+01
4.600183593750000000e+04,-1.487530326843261719e+01
4.603801953125000000e+04,-1.484092521667480469e+01
4.607423046875000000e+04,-1.485942649841308594e+01
4.611046875000000000e+04,-1.483583354949951172e+01
4.614673828125000000e+04,-1.491586685180664062e+01
4.618303515625000000e+04,-1.489561843872070312e+01
4.621935937500000000e+04,-1.484167194366455078e+01
4.625571484375000000e+04,-1.491340827941894531e+01
4.629209765625000000e+04,-1.492477512359619141e+01
4.632850781250000000e+04,-1.490726375579833984e+01
4.636494921875000000e+04,-1.495636558532714844e+01
4.640141796875000000e+04,-1.491381454467773438e+01
4.643791406250000000e+04,-1.494754028320312500e+01
4.647444140625000000e+04,-1.488543319702148438e+01
4.651099218750000000e+04,-1.492244625091552734e+01
4.654757812500000000e+04,-1.493166828155517578e+01
4.658419140625000000e+04,-1.507552909851074219e+01
4.662083203125000000e+04,-1.501827239990234375e+01
4.665750000000000000e+04,-1.498689460754394531e+01
4.669419921875000000e+04,-1.502384090423583984e+01
4.673092578125000000e+04,-1.500552082061767578e+01
4.676768359375000000e+04,-1.502105236053466797e+01
4.680446875000000000e+04,-1.505667591094970703e+01
4.684128125000000000e+04,-1.505041217803955078e+01
4.687812500000000000e+04,-1.503057479858398438e+01
4.691499609375000000e+04,-1.501077270507812500e+01
4.695189843750000000e+04,-1.490701580047607422e+01
4.698882812500000000e+04,-1.511694526672363281e+01
4.702578515625000000e+04,-1.500060462951660156e+01
4.706277343750000000e+04,-1.502443408966064453e+01
4.709979296875000000e+04,-1.506415271759033203e+01
4.713683984375000000e+04,-1.504529953002929688e+01
4.717391406250000000e+04,-1.502869796752929688e+01
4.721101953125000000e+04,-1.499139022827148438e+01
4.724815234375000000e+04,-1.500609207153320312e+01
4.728531640625000000e+04,-1.498472404479980469e+01
4.732250781250000000e+04,-1.507661056518554688e+01
4.735973046875000000e+04,-1.504595184326171875e+01
4.739698046875000000e+04,-1.504798507690429688e+01
4.743426171875000000e+04,-1.505075263977050781e+01
4.747157031250000000e+04,-1.508584976196289062e+01
4.750891015625000000e+04,-1.514103698730468750e+01
4.754627734375000000e+04,-1.516758823394775391e+01
4.758367578125000000e+04,-1.516382789611816406e+01
4.762110156250000000e+04,-1.520829677581787109e+01
4.765855859375000000e+04,-1.517386245727539062e+01
4.769604296875000000e+04,-1.513971519470214844e+01
4.773355859375000000e+04,-1.517107486724853516e+01
4.777110546875000000e+04,-1.520759391784667969e+01
4.780867968750000000e+04,-1.522131347656250000e+01
4.784628125000000000e+04,-1.532725429534912109e+01
4.788391796875000000e+04,-1.525027751922607422e+01
4.792157812500000000e+04,-1.522135543823242188e+01
4.795927343750000000e+04,-1.521508598327636719e+01
4.799699609375000000e+04,-1.530134963989257812e+01
4.803474609375000000e+04,-1.524277210235595703e+01
4.807252734375000000e+04,-1.514715766906738281e+01
4.811033984375000000e+04,-1.526237487792968750e+01
4.814818359375000000e+04,-1.527929687500000000e+01
4.818605468750000000e+04,-1.528093147277832031e+01
4.822395312500000000e+04,-1.533237934112548828e+01
4.826188281250000000e+04,-1.527394771575927734e+01
4.829984375000000000e+04,-1.528017044067382812e+01
4.833783593750000000e+04,-1.527509593963623047e+01
4.837585546875000000e+04,-1.534582042694091797e+01
4.841390625000000000e+04,-1.533293724060058594e+01
4.845198437500000000e+04,-1.527282333374023438e+01
4.849009375000000000e+04,-1.529604816436767578e+01
4.852823437500000000e+04,-1.529409885406494141e+01
4.856640625000000000e+04,-1.525543785095214844e+01
4.860460546875000000e+04,-1.526458549499511719e+01
4.864283593750000000e+04,-1.524460029602050781e+01
4.868109375000000000e+04,-1.532217216491699219e+01
4.871938671875000000e+04,-1.530006790161132812e+01
4.875770703125000000e+04,-1.514630889892578125e+01
4.879605468750000000e+04,-1.533360290527343750e+01
4.883443750000000000e+04,-1.540095520019531250e+01
4.887284765625000000e+04,-1.537289714813232422e+01
4.891128906250000000e+04,-1.544536972045898438e+01
4.894976171875000000e+04,-1.534621334075927734e+01
4.898826171875000000e+04,-1.554820632934570312e+01
4.902679296875000000e+04,-1.541429519653320312e+01
4.906535546875000000e+04,-1.545780658721923828e+01
4.910394921875000000e+04,-1.542924785614013672e+01
4.914257031250000000e+04,-1.536398792266845703e+01
4.918122265625000000e+04,-1.541328430175781250e+01
4.921990625000000000e+04,-1.539477825164794922e+01
4.925862109375000000e+04,-1.541574478149414062e+01
4.929736718750000000e+04,-1.551024627685546875e+01
4.933614062500000000e+04,-1.549049949645996094e+01
4.937494531250000000e+04,-1.540305614471435547e+01
4.941378125000000000e+04,-1.548622989654541016e+01
4.945264843750000000e+04,-1.547420883178710938e+01
4.949154687500000000e+04,-1.544923210144042969e+01
4.953047265625000000e+04,-1.558414936065673828e+01
4.956942968750000000e+04,-1.546656513214111328e+01
4.960842187500000000e+04,-1.549363613128662109e+01
4.964744140625000000e+04,-1.554692459106445312e+01
4.968648828125000000e+04,-1.544156265258789062e+01
4.972557031250000000e+04,-1.552308845520019531e+01
4.976468359375000000e+04,-1.552128696441650391e+01
4.980382421875000000e+04,-1.554894924163818359e+01
4.984300000000000000e+04,-1.554954910278320312e+01
4.988220312500000000e+04,-1.552772140502929688e+01
4.992143750000000000e+04,-1.556244659423828125e+01
4.996070312500000000e+04,-1.551727867126464844e+01
5.000000000000000000e+04,-1.564000701904296875e+01
