k,freq_hz,xr,xi,yr,yi,x_mag_db,y_mag_db
0,0,-9.15527344e-05,0,-9.15527344e-05,0,-80.766571,-80.766571
1,48.828125,-0.000518798828,9.15527344e-05,-0.000701904297,0.000183105469,-65.5668335,-62.7885132
2,97.65625,-0.000518798828,-3.05175781e-05,-0.000701904297,6.10351562e-05,-65.6850204,-63.0417252
3,146.484375,-0.000518798828,-6.10351562e-05,-0.000671386719,-6.10351562e-05,-65.6403198,-63.4248009
4,195.3125,-0.000457763672,-9.15527344e-05,-0.000640869141,-9.15527344e-05,-66.6168365,-63.7768745
5,244.140625,-0.000549316406,-9.15527344e-05,-0.000671386719,-3.05175781e-05,-65.0845566,-63.45158
6,292.96875,-0.00048828125,-0.000122070312,-0.000640869141,0,-65.9633102,-63.8646126
7,341.796875,-0.00048828125,-0.000244140625,-0.000732421875,-0.000152587891,-65.2574997,-62.520256
8,390.625,-0.000518798828,-0.000183105469,-0.000732421875,-0.000122070312,-65.1901703,-62.5857849
9,439.453125,-0.000579833984,-0.000274658203,-0.000762939453,-0.000213623047,-63.8547745,-62.0223999
10,488.28125,-0.000579833984,-0.000274658203,-0.000762939453,-0.000183105469,-63.8547745,-62.106987
11,537.109375,-0.000640869141,-0.000274658203,-0.000793457031,-0.000213623047,-63.1322899,-61.7056198
12,585.9375,-0.000640869141,-0.000366210938,-0.000885009766,-0.000335693359,-62.6374397,-60.4772491
13,634.765625,-0.000762939453,-0.000366210938,-0.000946044922,-0.000274658203,-61.4497337,-60.1303177
14,683.59375,-0.000732421875,-0.000335693359,-0.000885009766,-0.000274658203,-61.8766708,-60.6616898
15,732.421875,-0.000793457031,-0.000457763672,-0.00100708008,-0.000305175781,-60.7617531,-59.5571823
16,781.25,-0.000823974609,-0.000427246094,-0.00103759766,-0.000274658203,-60.647583,-59.3853035
17,830.078125,-0.000915527344,-0.000396728516,-0.00112915039,-0.000244140625,-60.0192223,-58.7465363
18,878.90625,-0.000946044922,-0.000457763672,-0.00112915039,-0.000274658203,-59.5681534,-58.6953201
19,927.734375,-0.00100708008,-0.00048828125,-0.0012512207,-0.000366210938,-59.0217781,-57.696373
20,976.5625,-0.00106811523,-0.000427246094,-0.0012512207,-0.000244140625,-58.7830582,-57.8910446
21,1025.39062,-0.00122070312,-0.000457763672,-0.00137329102,-0.000274658203,-57.696373,-57.0744133
22,1074.21875,-0.00122070312,-0.000396728516,-0.00137329102,-0.000213623047,-57.8317223,-57.1409149
23,1123.04688,-0.00137329102,-0.000427246094,-0.00155639648,-0.000244140625,-56.8435135,-56.0520248
24,1171.875,-0.00146484375,-0.000366210938,-0.00158691406,-6.10351562e-05,-56.4208832,-55.9825134
25,1220.70312,-0.00146484375,-0.000335693359,-0.00164794922,-6.10351562e-05,-56.4618835,-55.6551704
26,1269.53125,-0.00161743164,-0.000274658203,-0.00170898438,0,-55.7000198,-55.3452377
27,1318.35938,-0.00170898438,-0.000183105469,-0.00180053711,9.15527344e-05,-55.2956696,-54.8807449
28,1367.1875,-0.00180053711,-6.10351562e-05,-0.00198364258,0.000244140625,-54.8869705,-53.9854393
29,1416.01562,-0.00186157227,-9.15527344e-05,-0.00192260742,0.000305175781,-54.5919075,-54.214119
30,1464.84375,-0.00192260742,-3.05175781e-05,-0.00198364258,0.000335693359,-54.3210945,-53.9281044
31,1513.67188,-0.00204467773,0.000122070312,-0.00204467773,0.000457763672,-53.772049,-53.5750999
32,1562.5,-0.00210571289,0.000244140625,-0.00213623047,0.000640869141,-53.4740257,-53.0327759
33,1611.32812,-0.00213623047,0.000518798828,-0.00210571289,0.000946044922,-53.1581573,-52.7335205
34,1660.15625,-0.00216674805,0.000671386719,-0.00216674805,0.00115966797,-52.8856735,-52.1898994
35,1708.98438,-0.00228881836,0.000762939453,-0.00216674805,0.00122070312,-52.3501968,-52.0866623
36,1757.8125,-0.00228881836,0.00106811523,-0.00207519531,0.00149536133,-51.952095,-51.8425369
37,1806.64062,-0.00228881836,0.00131225586,-0.00198364258,0.00180053711,-51.5734673,-51.440712
38,1855.46875,-0.00225830078,0.00158691406,-0.00192260742,0.001953125,-51.1814651,-51.2429581
39,1904.29688,-0.00210571289,0.00180053711,-0.00177001953,0.00219726562,-51.148674,-50.9903526
40,1953.125,-0.00198364258,0.00207519531,-0.00152587891,0.00247192383,-50.8400574,-50.737236
41,2001.95312,-0.00177001953,0.00225830078,-0.00131225586,0.00253295898,-50.8444786,-50.8948822
42,2050.78125,-0.00158691406,0.00253295898,-0.0009765625,0.00271606445,-50.4894562,-50.7931938
43,2099.60938,-0.00131225586,0.0026550293,-0.000701904297,0.00283813477,-50.5694122,-50.6815186
44,2148.4375,-0.00103759766,0.00296020508,-0.000396728516,0.00308227539,-50.0703049,-50.1512108
45,2197.26562,-0.000610351562,0.00302124023,9.15527344e-05,0.00296020508,-50.2225723,-50.5694122
46,2246.09375,-0.000335693359,0.00296020508,0.000427246094,0.00271606445,-50.5180702,-51.2150421
47,2294.92188,9.15527344e-05,0.00308227539,0.000793457031,0.00277709961,-50.2187386,-50.7873726
48,2343.75,0.000579833984,0.00305175781,0.00122070312,0.0026550293,-50.1549835,-50.6857758
49,2392.57812,0.0009765625,0.00283813477,0.00146484375,0.00228881836,-50.4533844,-51.3168144
50,2441.40625,0.00128173828,0.00268554688,0.00180053711,0.00207519531,-50.5281067,-51.2214661
51,2490.23438,0.00173950195,0.00241088867,0.00204467773,0.00170898438,-50.5363388,-51.4866028
52,2539.0625,0.00198364258,0.00186157227,0.00210571289,0.00115966797,-51.3075104,-52.3815842
53,2587.89062,0.00219726562,0.00143432617,0.00231933594,0.000640869141,-51.6207924,-52.3731918
54,2636.71875,0.00244140625,0.00112915039,0.00231933594,0.000274658203,-51.4053497,-52.6322479
55,2685.54688,0.00250244141,0.00048828125,0.00210571289,-0.000366210938,-51.8704453,-53.4026108
56,2734.375,0.00238037109,-0.000122070312,0.00189208984,-0.000885009766,-52.4557037,-53.6019058
57,2783.20312,0.0022277832,-0.000579833984,0.00161743164,-0.0012512207,-52.7578773,-53.7865372
58,2832.03125,0.00189208984,-0.00106811523,0.00115966797,-0.00152587891,-53.2597771,-54.3496284
59,2880.85938,0.00149536133,-0.00143432617,0.000701904297,-0.00170898438,-53.6719894,-54.6682587
60,2929.6875,0.00100708008,-0.00186157227,0.000122070312,-0.00189208984,-53.4875488,-54.4431267
61,2978.51562,0.000396728516,-0.00201416016,-0.00048828125,-0.00186157227,-53.7528152,-54.313446
62,3027.34375,-0.000305175781,-0.00201416016,-0.00109863281,-0.00155639648,-53.8195457,-54.4016953
63,3076.17188,-0.000823974609,-0.00192260742,-0.00149536133,-0.0012512207,-53.5898666,-54.2002678
64,3125,-0.00149536133,-0.00152587891,-0.00204467773,-0.000762939453,-53.4061508,-53.2213936
65,3173.82812,-0.00201416016,-0.00112915039,-0.00228881836,-0.000213623047,-52.7312431,-52.7701035
66,3222.65625,-0.00234985352,-0.00048828125,-0.00228881836,0.000396728516,-52.3955994,-52.6792145
67,3271.48438,-0.00241088867,0.000152587891,-0.00210571289,0.0009765625,-52.3390961,-52.6859665
68,3320.3125,-0.00238037109,0.000946044922,-0.00177001953,0.00173950195,-51.8301849,-52.105011
69,3369.14062,-0.00210571289,0.00158691406,-0.00131225586,0.00213623047,-51.5787048,-52.0166054
70,3417.96875,-0.00173950195,0.00216674805,-0.000823974609,0.00244140625,-51.1234512,-51.7787132
71,3466.79688,-0.0009765625,0.0026550293,6.10351562e-05,0.00262451172,-50.9675522,-51.616684
72,3515.625,-0.000213623047,0.00286865234,0.000762939453,0.00234985352,-50.8224258,-52.1439362
73,3564.45312,0.000640869141,0.00271606445,0.00149536133,0.00207519531,-51.0858955,-51.8425369
74,3613.28125,0.00131225586,0.00244140625,0.00177001953,0.00155639648,-51.1449852,-52.5528946
75,3662.10938,0.00189208984,0.00192260742,0.00207519531,0.000823974609,-51.3808212,-53.0230293
76,3710.9375,0.00228881836,0.00103759766,0.00204467773,0,-51.9960594,-53.7875023
77,3759.76562,0.00247192383,0.000152587891,0.00192260742,-0.000823974609,-52.1227837,-53.5898666
78,3808.59375,0.00225830078,-0.000701904297,0.00137329102,-0.00143432617,-52.5238724,-54.0414886
79,3857.42188,0.00173950195,-0.00137329102,0.000610351562,-0.0016784668,-53.0875969,-54.9623909
80,3906.25,0.00100708008,-0.001953125,-0.000152587891,-0.00189208984,-53.1615105,-54.4330139
81,3955.07812,3.05175781e-05,-0.00219726562,-0.0009765625,-0.00173950195,-53.1615105,-54.0016708
82,4003.90625,-0.000823974609,-0.00198364258,-0.00158691406,-0.0012512207,-53.359436,-53.8893051
83,4052.73438,-0.00158691406,-0.00152587891,-0.001953125,-0.00048828125,-53.1456299,-53.9221115
84,4101.5625,-0.00225830078,-0.000701904297,-0.00219726562,0.000457763672,-52.5238724,-52.977829
85,4150.39062,-0.00247192383,0.000152587891,-0.00198364258,0.00122070312,-52.1227837,-52.6560402
86,4199.21875,-0.00228881836,0.00112915039,-0.00140380859,0.00183105469,-51.8617439,-52.7380753
87,4248.04688,-0.00180053711,0.00198364258,-0.000701904297,0.00225830078,-51.440712,-52.5238724
88,4296.875,-0.000885009766,0.00250244141,0.000244140625,0.00231933594,-51.5209122,-52.6448746
89,4345.70312,9.15527344e-05,0.00268554688,0.00109863281,0.00189208984,-51.414299,-53.1993675
90,4394.53125,0.00112915039,0.00247192383,0.00173950195,0.00134277344,-51.3162651,-53.1615105
91,4443.35938,0.00189208984,0.00164794922,0.00198364258,0.000457763672,-52.0095291,-53.8253975
92,4492.1875,0.00225830078,0.000732421875,0.00177001953,-0.00048828125,-52.4900093,-54.7219124
93,4541.01562,0.00231933594,-0.000427246094,0.00146484375,-0.00131225586,-52.547802,-54.1253815
94,4589.84375,0.00189208984,-0.00143432617,0.000671386719,-0.00177001953,-52.4892883,-54.4566498
95,4638.67188,0.000823974609,-0.00201416016,-0.000457763672,-0.00183105469,-53.2460861,-54.4826851
96,4687.5,-0.000244140625,-0.00213623047,-0.00119018555,-0.00140380859,-53.3506813,-54.7015686
97,4736.32812,-0.00131225586,-0.00186157227,-0.00186157227,-0.000671386719,-52.8504486,-54.0713425
98,4785.15625,-0.00213623047,-0.000946044922,-0.00207519531,0.000274658203,-52.6292801,-53.5834045
99,4833.98438,-0.00244140625,0.000244140625,-0.00177001953,0.00128173828,-52.2039833,-53.2095184
100,4882.8125,-0.00219726562,0.00143432617,-0.00103759766,0.00201416016,-51.6207924,-52.8959045
101,4931.64062,-0.00134277344,0.00241088867,-0.000122070312,0.00241088867,-51.1830559,-52.3453369
102,4980.46875,-0.000213623047,0.00268554688,0.000946044922,0.00207519531,-51.3919487,-52.838768
103,5029.29688,0.00103759766,0.00241088867,0.00170898438,0.00122070312,-51.6184425,-53.554882
104,5078.125,0.00201416016,0.00164794922,0.00201416016,0.000274658203,-51.6924629,-53.8381042
105,5126.95312,0.00241088867,0.000396728516,0.00164794922,-0.000793457031,-52.2404175,-54.7556343
106,5175.78125,0.00225830078,-0.000854492188,0.00100708008,-0.00152587891,-52.3432541,-54.7592621
107,5224.60938,0.00137329102,-0.00186157227,-6.10351562e-05,-0.00183105469,-52.7153435,-54.7411499
108,5273.4375,3.05175781e-05,-0.00228881836,-0.00119018555,-0.00152587891,-52.807003,-54.2656555
109,5322.26562,-0.0012512207,-0.00192260742,-0.00186157227,-0.000640869141,-52.7885132,-54.1159782
110,5371.09375,-0.00216674805,-0.000946044922,-0.00201416016,0.000457763672,-52.5260391,-53.699398
111,5419.92188,-0.00241088867,0.000427246094,-0.00152587891,0.00149536133,-52.2221603,-53.4061508
112,5468.75,-0.00204467773,0.00161743164,-0.000701904297,0.00207519531,-51.67696,-53.1883965
113,5517.57812,-0.000854492188,0.00250244141,0.000457763672,0.00210571289,-51.5537567,-53.3314743
114,5566.40625,0.000579833984,0.00247192383,0.00140380859,0.00143432617,-51.9066811,-53.9491348
115,5615.23438,0.00170898438,0.00177001953,0.00183105469,0.000427246094,-52.1798668,-54.5157394
116,5664.0625,0.00231933594,0.00048828125,0.00161743164,-0.000732421875,-52.5043869,-55.0134125
117,5712.89062,0.00213623047,-0.000946044922,0.000823974609,-0.00152587891,-52.6292801,-55.2183189
118,5761.71875,0.00115966797,-0.00201416016,-0.000305175781,-0.00173950195,-52.6747169,-55.0598488
119,5810.54688,-0.000396728516,-0.00225830078,-0.00143432617,-0.00131225586,-52.7923584,-54.2258797
120,5859.375,-0.0016784668,-0.00161743164,-0.00192260742,-0.000152587891,-52.6493378,-54.2949219
121,5908.20312,-0.00234985352,-0.000274658203,-0.00170898438,0.0009765625,-52.5202522,-54.1180649
122,5957.03125,-0.00228881836,0.00128173828,-0.000946044922,0.00186157227,-51.6231461,-53.6046829
123,6005.85938,-0.00115966797,0.00238037109,0.000274658203,0.00207519531,-51.542202,-53.5834045
124,6054.6875,0.000366210938,0.00262451172,0.00131225586,0.00143432617,-51.5352859,-54.2258797
125,6103.51562,0.00177001953,0.00192260742,0.00189208984,0.000366210938,-51.6561852,-54.3014488
126,6152.34375,0.00241088867,0.00048828125,0.00155639648,-0.000823974609,-52.1818695,-55.0845566
127,6201.17188,0.00204467773,-0.00103759766,0.000640869141,-0.00152587891,-52.7923584,-55.6240463
128,6250,0.000762939453,-0.00210571289,-0.000640869141,-0.00155639648,-52.9963341,-55.4774055
129,6298.82812,-0.000854492188,-0.00210571289,-0.00164794922,-0.000823974609,-52.8699837,-54.6920242
130,6347.65625,-0.00210571289,-0.00106811523,-0.00189208984,0.000427246094,-52.537632,-54.2451859
131,6396.48438,-0.00244140625,0.000518798828,-0.00131225586,0.00152587891,-52.0553894,-53.9251022
132,6445.3125,-0.00161743164,0.001953125,-6.10351562e-05,0.001953125,-51.9173622,-54.18116
133,6494.14062,-6.10351562e-05,0.00244140625,0.00100708008,0.00146484375,-52.2444878,-55.0031624
134,6542.96875,0.00155639648,0.00207519531,0.0016784668,0.000518798828,-51.7206192,-55.1054726
135,6591.79688,0.00247192383,0.000549316406,0.00149536133,-0.000793457031,-51.9299622,-55.4277229
136,6640.625,0.00204467773,-0.00112915039,0.00048828125,-0.00152587891,-52.6315079,-55.9062042
137,6689.45312,0.000610351562,-0.0022277832,-0.000793457031,-0.00152587891,-52.7282104,-55.2901917
138,6738.28125,-0.00109863281,-0.00198364258,-0.0016784668,-0.000549316406,-52.8888245,-55.0598488
139,6787.10938,-0.00228881836,-0.000701904297,-0.00173950195,0.000732421875,-52.4174271,-54.4826851
140,6835.9375,-0.00238037109,0.00106811523,-0.000885009766,0.00170898438,-51.6704178,-54.3134384
141,6884.76562,-0.00106811523,0.00231933594,0.000457763672,0.00189208984,-51.857399,-54.214119
142,6933.59375,0.000610351562,0.00241088867,0.00143432617,0.0009765625,-52.0866623,-55.2129402
143,6982.42188,0.00207519531,0.00131225586,0.00170898438,-0.000213623047,-52.1979446,-55.2779045
144,7031.25,0.00231933594,-0.000549316406,0.000885009766,-0.00137329102,-52.4557037,-55.7362366
145,7080.07812,0.00119018555,-0.001953125,-0.000457763672,-0.00155639648,-52.8139534,-55.7972755
146,7128.90625,-0.000732421875,-0.00216674805,-0.00161743164,-0.000762939453,-52.8139534,-54.9509964
147,7177.73438,-0.00216674805,-0.00100708008,-0.00173950195,0.000579833984,-52.4343948,-54.7339249
148,7226.5625,-0.00241088867,0.000946044922,-0.000885009766,0.00170898438,-51.7344666,-54.3134384
149,7275.39062,-0.00115966797,0.00238037109,0.000427246094,0.00189208984,-51.542202,-54.2451859
150,7324.21875,0.000823974609,0.00241088867,0.00149536133,0.0009765625,-51.8766747,-54.9623909
151,7373.04688,0.00216674805,0.00112915039,0.00152587891,-0.000427246094,-52.2404175,-56.0018005
152,7421.875,0.00228881836,-0.000793457031,0.000762939453,-0.00143432617,-52.3149071,-55.784996
153,7470.70312,0.000732421875,-0.00216674805,-0.000762939453,-0.00137329102,-52.8139534,-56.0765419
154,7519.53125,-0.00122070312,-0.00198364258,-0.0016784668,-0.000305175781,-52.6560402,-55.3604965
155,7568.35938,-0.00244140625,-0.000396728516,-0.00152587891,0.00103759766,-52.1340103,-54.678936
156,7617.1875,-0.00201416016,0.00146484375,-0.000335693359,0.00170898438,-52.0742569,-55.1808205
157,7666.01562,-0.000305175781,0.00256347656,0.000946044922,0.00143432617,-51.7622948,-55.2984047
158,7714.84375,0.00164794922,0.00192260742,0.0016784668,0.000213623047,-51.9299622,-55.4319611
159,7763.67188,0.00238037109,3.05175781e-05,0.00112915039,-0.00109863281,-52.4663925,-56.0520248
160,7812.5,0.00137329102,-0.00189208984,-0.000366210938,-0.00161743164,-52.6233597,-55.6063652
161,7861.32812,-0.000579833984,-0.0022277832,-0.00146484375,-0.000732421875,-52.7578773,-55.7150726
162,7910.15625,-0.00225830078,-0.000915527344,-0.00161743164,0.000579833984,-52.2635193,-55.2984047
163,7958.98438,-0.00228881836,0.0012512207,-0.000610351562,0.00170898438,-51.6722031,-54.8238754
164,8007.8125,-0.000610351562,0.00250244141,0.000793457031,0.00149536133,-51.7817612,-55.4277229
165,8056.64062,0.00149536133,0.00207519531,0.00161743164,0.000244140625,-51.8425369,-55.7256393
166,8105.46875,0.00244140625,0.000152587891,0.00106811523,-0.00106811523,-52.2302666,-56.4173355
167,8154.29688,0.00146484375,-0.00177001953,-0.000274658203,-0.00146484375,-52.7747002,-56.5341148
168,8203.125,-0.000701904297,-0.00219726562,-0.00149536133,-0.000671386719,-52.7403603,-55.7075424
169,8251.95312,-0.00231933594,-0.000793457031,-0.00158691406,0.000671386719,-52.212059,-55.2738152
170,8300.78125,-0.00204467773,0.00143432617,-0.000335693359,0.0016784668,-52.0495453,-55.3314133
171,8349.60938,-0.000183105469,0.00259399414,0.00100708008,0.00137329102,-51.6990318,-55.3758163
172,8398.4375,0.00189208984,0.0016784668,0.00158691406,0,-51.9400635,-55.9889297
173,8447.26562,0.00231933594,-0.000610351562,0.000671386719,-0.00140380859,-52.4019241,-56.1592674
174,8496.09375,0.000793457031,-0.00228881836,-0.000823974609,-0.00134277344,-52.3149071,-56.0520248
175,8544.92188,-0.00152587891,-0.00177001953,-0.00170898438,0,-52.6270599,-55.3452377
176,8593.75,-0.00247192383,0.000213623047,-0.00112915039,0.00137329102,-52.106987,-55.0018768
177,8642.57812,-0.00134277344,0.00231933594,0.000335693359,0.00173950195,-51.4373322,-55.0326996
178,8691.40625,0.0009765625,0.0022277832,0.00137329102,0.000610351562,-52.2792091,-56.4618835
179,8740.23438,0.00244140625,0.000427246094,0.00119018555,-0.000885009766,-52.1161957,-56.5761986
180,8789.0625,0.00152587891,-0.00170898438,-0.000244140625,-0.00143432617,-52.7992859,-56.7430077
181,8837.89062,-0.000732421875,-0.00216674805,-0.00143432617,-0.000457763672,-52.8139534,-56.4457932
182,8886.71875,-0.00238037109,-0.000579833984,-0.00137329102,0.0009765625,-52.2167664,-55.4674225
183,8935.54688,-0.00183105469,0.00177001953,0,0.0016784668,-51.8804131,-55.5017471
184,8984.375,0.000366210938,0.00247192383,0.00115966797,0.000885009766,-52.0450134,-56.7201385
185,9033.20312,0.00219726562,0.000915527344,0.00128173828,-0.000701904297,-52.4671097,-56.7049599
186,9082.03125,0.00173950195,-0.00146484375,0,-0.00146484375,-52.8637238,-56.6841736
187,9130.85938,-0.000396728516,-0.00225830078,-0.00137329102,-0.000671386719,-52.7923584,-56.3139915
188,9179.6875,-0.00234985352,-0.000732421875,-0.00140380859,0.000854492188,-52.1765289,-55.6850204
189,9228.51562,-0.00189208984,0.00164794922,-9.15527344e-05,0.00161743164,-52.0095291,-55.8095894
190,9277.34375,0.000305175781,0.00250244141,0.00119018555,0.000823974609,-51.9686089,-56.7871704
191,9326.17188,0.00216674805,0.000854492188,0.00119018555,-0.000762939453,-52.6560402,-56.9927025
192,9375,0.00170898438,-0.00146484375,-9.15527344e-05,-0.00131225586,-52.9530106,-57.6185417
193,9423.82812,-0.000671386719,-0.00216674805,-0.00140380859,-0.00048828125,-52.8856735,-56.5578499
194,9472.65625,-0.00234985352,-0.000366210938,-0.00128173828,0.00100708008,-52.474968,-55.7559814
195,9521.48438,-0.00164794922,0.001953125,6.10351562e-05,0.00158691406,-51.8505821,-55.9825134
196,9570.3125,0.000915527344,0.00231933594,0.00146484375,0.000549316406,-52.0638351,-56.1127472
197,9619.14062,0.00238037109,0.000335693359,0.0009765625,-0.000915527344,-52.3815842,-57.4669456
198,9667.96875,0.00122070312,-0.00192260742,-0.000579833984,-0.00131225586,-52.8512268,-56.865078
199,9716.79688,-0.00140380859,-0.00186157227,-0.00158691406,-6.10351562e-05,-52.6470985,-55.9825134
200,9765.625,-0.00244140625,0.000427246094,-0.000823974609,0.00134277344,-52.1161957,-56.0520248
201,9814.45312,-0.000793457031,0.00231933594,0.000762939453,0.00122070312,-52.212059,-56.835701
202,9863.28125,0.00173950195,0.00173950195,0.00134277344,-0.000122070312,-52.1812019,-57.4041977
203,9912.10938,0.00216674805,-0.000793457031,0.000305175781,-0.0012512207,-52.7373161,-57.8023567
204,9960.9375,0,-0.00225830078,-0.0012512207,-0.000823974609,-52.924366,-56.4888306
205,10009.7656,-0.00216674805,-0.000915527344,-0.00140380859,0.000762939453,-52.5704041,-55.9299088
206,10058.5938,-0.00186157227,0.00173950195,0,0.00158691406,-51.8766708,-55.9889297
207,10107.4219,0.000732421875,0.00234985352,0.00143432617,0.000549316406,-52.1765289,-56.272644
208,10156.25,0.00228881836,0.000274658203,0.000854492188,-0.0009765625,-52.7456818,-57.737011
209,10205.0781,0.00112915039,-0.00198364258,-0.000701904297,-0.00119018555,-52.8317719,-57.1914597
210,10253.9062,-0.00158691406,-0.00173950195,-0.00161743164,0.000152587891,-52.5616417,-55.7850037
211,10302.7344,-0.0022277832,0.000854492188,-0.000427246094,0.00149536133,-52.4464569,-56.1642799
212,10351.5625,-0.000244140625,0.00244140625,0.0009765625,0.000946044922,-52.2039833,-57.3313942
213,10400.3906,0.00210571289,0.00106811523,0.00112915039,-0.000549316406,-52.537632,-58.0224266
214,10449.2188,0.0016784668,-0.00170898438,-0.000244140625,-0.00134277344,-52.412487,-57.2986984
215,10498.0469,-0.00109863281,-0.00213623047,-0.00149536133,-0.000183105469,-52.387886,-56.4404449
216,10546.875,-0.00241088867,0.000335693359,-0.000823974609,0.00128173828,-52.2730598,-56.3417778
217,10595.7031,-0.000762939453,0.00250244141,0.000793457031,0.0012512207,-51.6467133,-56.5854034
218,10644.5312,0.00198364258,0.00134277344,0.00131225586,-0.000396728516,-52.412487,-57.2597885
219,10693.3594,0.001953125,-0.00140380859,6.10351562e-05,-0.00134277344,-52.3766861,-57.4309845
220,10742.1875,-0.000823974609,-0.00219726562,-0.00134277344,-0.000335693359,-52.5909195,-57.1766586
221,10791.0156,-0.00241088867,0.000122070312,-0.000885009766,0.00128173828,-52.3453369,-56.1509247
222,10839.8438,-0.000854492188,0.00234985352,0.000793457031,0.00112915039,-52.0398331,-57.2020683
223,10888.6719,0.001953125,0.00140380859,0.00128173828,-0.000366210938,-52.3766861,-57.503212
224,10937.5,0.00186157227,-0.00134277344,-9.15527344e-05,-0.00122070312,-52.7831345,-58.2434387
225,10986.3281,-0.0009765625,-0.00216674805,-0.00143432617,-0.000305175781,-52.48069,-56.6747589
226,11035.1562,-0.00253295898,0.000335693359,-0.000885009766,0.0012512207,-51.8518219,-56.2915459
227,11083.9844,-0.000518798828,0.00250244141,0.000823974609,0.00106811523,-51.8499603,-57.3997536
228,11132.8125,0.00204467773,0.00119018555,0.00109863281,-0.000549316406,-52.520256,-58.2138481
229,11181.6406,0.00155639648,-0.0016784668,-0.000366210938,-0.00115966797,-52.807003,-58.3004951
230,11230.4688,-0.00143432617,-0.00189208984,-0.00146484375,-3.05175781e-05,-52.4892883,-56.6822891
231,11279.2969,-0.00238037109,0.000946044922,-0.00048828125,0.00128173828,-51.8301849,-57.2554855
232,11328.125,0.000152587891,0.00256347656,0.00100708008,0.000823974609,-51.8080521,-57.7130585
233,11376.9531,0.00234985352,0.000610351562,0.000885009766,-0.000793457031,-52.2956467,-58.4991417
234,11425.7812,0.0009765625,-0.00216674805,-0.000671386719,-0.00106811523,-52.48069,-57.981575
235,11474.6094,-0.001953125,-0.00134277344,-0.00128173828,0.00048828125,-52.5043869,-57.2554855
236,11523.4375,-0.00183105469,0.00164794922,0.000122070312,0.00137329102,-52.1691895,-57.2105713
237,11572.2656,0.00103759766,0.00219726562,0.00119018555,0.000213623047,-52.2881088,-58.3499985
238,11621.0938,0.00228881836,-0.000579833984,0.000335693359,-0.00112915039,-52.537632,-58.577137
239,11669.9219,-0.000305175781,-0.00225830078,-0.00122070312,-0.00048828125,-52.845768,-57.6232185
240,11718.75,-0.00247192383,-0.000274658203,-0.000946044922,0.000946044922,-52.08601,-57.4714661
241,11767.5781,-0.000732421875,0.00238037109,0.000762939453,0.00103759766,-52.0742569,-57.8023605
242,11816.4062,0.00216674805,0.00115966797,0.00112915039,-0.000549316406,-52.1898994,-58.0224266
243,11865.2344,0.00146484375,-0.00183105469,-0.000366210938,-0.00115966797,-52.597538,-58.3004951
244,11914.0625,-0.0016784668,-0.00164794922,-0.00131225586,0.000305175781,-52.5704041,-57.410881
245,11962.8906,-0.00216674805,0.00134277344,-6.10351562e-05,0.00134277344,-51.8723106,-57.4309845
246,12011.7188,0.000885009766,0.00234985352,0.00115966797,0.000335693359,-52.0031128,-58.3638535
247,12060.5469,0.0022277832,-0.000640869141,0.000305175781,-0.00119018555,-52.6972389,-58.2111702
248,12109.375,-0.000274658203,-0.00228881836,-0.00112915039,-0.000457763672,-52.7456818,-58.2841148
249,12158.2031,-0.00244140625,-6.10351562e-05,-0.000762939453,0.00106811523,-52.2444878,-57.6372833
250,12207.0312,-0.000427246094,0.00247192383,0.000793457031,0.000946044922,-52.0114594,-58.1685104
251,12255.8594,0.00219726562,0.000823974609,0.000915527344,-0.000671386719,-52.5909195,-58.8976364
252,12304.6875,0.000915527344,-0.00210571289,-0.000732421875,-0.00100708008,-52.7800674,-58.0948601
253,12353.5156,-0.00207519531,-0.00119018555,-0.00112915039,0.000610351562,-52.4237823,-57.8317223
254,12402.3438,-0.00149536133,0.00189208984,0.000274658203,0.00112915039,-52.353672,-58.6953201
255,12451.1719,0.00170898438,0.00173950195,0.00109863281,-0.000183105469,-52.2573891,-59.0639534
256,12500,0.00177001953,-0.00149536133,-0.000183105469,-0.00103759766,-52.701004,-59.5462379
257,12548.8281,-0.00146484375,-0.00177001953,-0.00128173828,0.000244140625,-52.7747002,-57.6892395
258,12597.6562,-0.00207519531,0.0012512207,0,0.00122070312,-52.312149,-58.2677994
259,12646.4844,0.00100708008,0.00225830078,0.00119018555,0.000183105469,-52.1366501,-58.3861122
260,12695.3125,0.00213623047,-0.000885009766,9.15527344e-05,-0.00112915039,-52.71912,-58.9165077
261,12744.1406,-0.000823974609,-0.00216674805,-0.00122070312,-0.000183105469,-52.6972389,-58.1711655
262,12792.9688,-0.00231933594,0.000762939453,-0.000427246094,0.00131225586,-52.2465172,-57.2020683
263,12841.7969,0.000549316406,0.00241088867,0.00112915039,0.000457763672,-52.1366501,-58.2841148
264,12890.625,0.00234985352,-0.000335693359,0.000457763672,-0.00100708008,-52.4914474,-59.1230431
265,12939.4531,-0.000396728516,-0.00234985352,-0.00122070312,-0.000518798828,-52.4571228,-57.5466766
266,12988.2812,-0.00244140625,0.000335693359,-0.000610351562,0.00119018555,-52.1658554,-57.4737244
267,13037.1094,9.15527344e-05,0.00244140625,0.000946044922,0.000610351562,-52.2410965,-58.970417
268,13085.9375,0.00238037109,0,0.000579833984,-0.000915527344,-52.4671097,-59.3018494
269,13134.7656,-3.05175781e-05,-0.00231933594,-0.00109863281,-0.00048828125,-52.6919746,-58.4000816
270,13183.5938,-0.00238037109,0.000122070312,-0.000579833984,0.00109863281,-52.4557037,-58.1157722
271,13232.4219,-3.05175781e-05,0.00241088867,0.0009765625,0.000671386719,-52.3557625,-58.5249863
272,13281.25,0.00234985352,0,0.000671386719,-0.000946044922,-52.5791855,-58.7103233
273,13330.0781,-6.10351562e-05,-0.00228881836,-0.00112915039,-0.000518798828,-52.8046837,-58.1131554
274,13378.9062,-0.00253295898,0.000183105469,-0.000701904297,0.00112915039,-51.9048004,-57.5260353
275,13427.7344,0.000122070312,0.00250244141,0.000946044922,0.000610351562,-52.0223999,-58.970417
276,13476.5625,0.00234985352,-0.000152587891,0.00048828125,-0.00106811523,-52.5609131,-58.603447
277,13525.3906,-0.000335693359,-0.00228881836,-0.00112915039,-0.000396728516,-52.7153435,-58.4394379
278,13574.2188,-0.00234985352,0.000457763672,-0.00048828125,0.00115966797,-52.4174271,-58.004509
279,13623.0469,0.000427246094,0.00247192383,0.00100708008,0.000549316406,-52.0114594,-58.807579
280,13671.875,0.00234985352,-0.000518798828,0.000305175781,-0.00112915039,-52.3724899,-58.6387825
281,13720.7031,-0.000762939453,-0.0022277832,-0.0012512207,-0.000244140625,-52.5609131,-57.8910446
282,13769.5312,-0.00225830078,0.000946044922,-0.000274658203,0.00119018555,-52.2221603,-58.2623711
283,13818.3594,0.00106811523,0.00228881836,0.00112915039,0.000213623047,-51.952095,-58.7922363
284,13867.1875,0.00207519531,-0.00112915039,6.10351562e-05,-0.00103759766,-52.5325546,-59.6644211
285,13916.0156,-0.00143432617,-0.00198364258,-0.00122070312,9.15527344e-05,-52.2241898,-58.2434387
286,13964.8438,-0.00189208984,0.00158691406,0.000152587891,0.00119018555,-52.1479111,-58.4169044
287,14013.6719,0.00164794922,0.00170898438,0.00109863281,-0.000274658203,-52.4900093,-58.9196587
288,14062.5,0.00140380859,-0.00177001953,-0.000549316406,-0.000946044922,-52.921196,-59.2199669
289,14111.3281,-0.00210571289,-0.00128173828,-0.00115966797,0.000610351562,-52.1631966,-57.6513901
290,14160.1562,-0.00112915039,0.00228881836,0.000610351562,0.00106811523,-51.8617439,-58.2004623
291,14208.9844,0.00225830078,0.000885009766,0.000854492188,-0.000579833984,-52.3038902,-59.7209473
292,14257.8125,0.000427246094,-0.00219726562,-0.000854492188,-0.000701904297,-53.0011749,-59.1263542
293,14306.6406,-0.00241088867,-0.000122070312,-0.000732421875,0.00100708008,-52.3453369,-58.0948601
294,14355.4688,9.15527344e-05,0.00247192383,0.000915527344,0.000518798828,-52.1333466,-59.5571823
295,14404.2969,0.00234985352,-0.000396728516,0.000305175781,-0.00100708008,-52.4571228,-59.5571823
296,14453.125,-0.0009765625,-0.0022277832,-0.00119018555,-0.000152587891,-52.2792091,-58.4169044
297,14501.9531,-0.00219726562,0.00131225586,-6.10351562e-05,0.00119018555,-51.8375931,-58.4762993
298,14550.7812,0.00146484375,0.00192260742,0.00109863281,-9.15527344e-05,-52.3342476,-59.1528931
299,14599.6094,0.00152587891,-0.0016784668,-0.00048828125,-0.000946044922,-52.8856735,-59.4560966
300,14648.4375,-0.00207519531,-0.00119018555,-0.000915527344,0.000579833984,-52.4237823,-59.3018494
301,14697.2656,-0.000885009766,0.00228881836,0.000732421875,0.000854492188,-52.2026443,-58.9736099
302,14746.0938,0.00234985352,0.000427246094,0.000610351562,-0.000793457031,-52.4379387,-59.9908752
303,14794.9219,-9.15527344e-05,-0.00231933594,-0.00103759766,-0.000457763672,-52.6859665,-58.9070587
304,14843.75,-0.00231933594,0.000671386719,-0.000335693359,0.00112915039,-52.3432541,-58.577137
305,14892.5781,0.00100708008,0.0022277832,0.00103759766,0.000152587891,-52.2350006,-59.5865021
306,14941.4062,0.00186157227,-0.00140380859,-0.000213623047,-0.00100708008,-52.6470985,-59.7475777
307,14990.2344,-0.00183105469,-0.00146484375,-0.00103759766,0.000457763672,-52.597538,-58.9070587
308,15039.0625,-0.00109863281,0.00225830078,0.000640869141,0.00103759766,-52.0018311,-58.2759476
309,15087.8906,0.00231933594,0.000610351562,0.000671386719,-0.000762939453,-52.4019241,-59.8596802
310,15136.7188,-3.05175781e-05,-0.00231933594,-0.00103759766,-0.00048828125,-52.6919746,-58.8106537
311,15185.5469,-0.00231933594,0.000610351562,-0.000244140625,0.00103759766,-52.4019241,-59.4454002
312,15234.375,0.00106811523,0.00213623047,0.00100708008,9.15527344e-05,-52.4379387,-59.902977
313,15283.2031,0.00170898438,-0.00149536133,-0.000213623047,-0.000885009766,-52.8762512,-60.8151016
314,15332.0312,-0.00210571289,-0.00115966797,-0.000946044922,0.000579833984,-52.3815842,-59.0966835
315,15380.8594,-0.000701904297,0.00241088867,0.000671386719,0.000793457031,-52.0031128,-59.6644211
316,15429.6875,0.00234985352,0.000122070312,0.000396728516,-0.000915527344,-52.567482,-60.0192223
317,15478.5156,-0.000640869141,-0.00219726562,-0.00100708008,-0.000183105469,-52.8077736,-59.7974739
318,15527.3438,-0.00198364258,0.00128173828,0.000183105469,0.00103759766,-52.5354538,-59.5462379
319,15576.1719,0.00183105469,0.00164794922,0.000885009766,-0.000366210938,-52.1691895,-60.3746376
320,15625,0.000915527344,-0.00216674805,-0.000701904297,-0.000793457031,-52.5704041,-59.4991302
321,15673.8281,-0.00250244141,-0.000213623047,-0.000610351562,0.000885009766,-52.0011864,-59.3712807
322,15722.6562,0.00048828125,0.00241088867,0.0009765625,0.000427246094,-52.1818695,-59.4454002
323,15771.4844,0.00204467773,-0.00119018555,-0.000152587891,-0.0009765625,-52.520256,-60.1012421
324,15820.3125,-0.00198364258,-0.00143432617,-0.00115966797,0.000518798828,-52.2241898,-57.9210129
325,15869.1406,-0.000946044922,0.00228881836,0.000610351562,0.000885009766,-52.1227837,-59.3712807
326,15917.9688,0.00231933594,0.000122070312,0.000305175781,-0.000854492188,-52.6807098,-60.8444748
327,15966.7969,-0.000854492188,-0.00225830078,-0.00119018555,-0.000183105469,-52.3432541,-58.3861122
328,16015.625,-0.00189208984,0.00155639648,0.000152587891,0.00103759766,-52.2167664,-59.5865021
329,16064.4531,0.00204467773,0.00137329102,0.000823974609,-0.000427246094,-52.1705208,-60.647583
330,16113.2812,0.00048828125,-0.00234985352,-0.000854492188,-0.000549316406,-52.3955994,-59.8636017
331,16162.1094,-0.00234985352,0.00048828125,-0.000335693359,0.00106811523,-52.3955994,-59.0185509
332,16210.9375,0.0012512207,0.00204467773,0.00100708008,-0.000152587891,-52.4061508,-59.8401451
333,16259.7656,0.00140380859,-0.00180053711,-0.00048828125,-0.000793457031,-52.8294449,-60.6148376
334,16308.5938,-0.00231933594,-0.000457763672,-0.000701904297,0.000823974609,-52.5267639,-59.312191
335,16357.4219,0.000335693359,0.00253295898,0.000854492188,0.000366210938,-51.8518219,-60.633522
336,16406.25,0.00204467773,-0.00128173828,-6.10351562e-05,-0.00103759766,-52.348114,-59.6644211
337,16455.0781,-0.00201416016,-0.00128173828,-0.000885009766,0.000579833984,-52.4414825,-59.5099564
338,16503.9062,-0.000427246094,0.00244140625,0.000732421875,0.000701904297,-52.1161957,-59.8753777
339,16552.7344,0.00231933594,-0.00048828125,0.000274658203,-0.000915527344,-52.5043869,-60.3923073
340,16601.5625,-0.00158691406,-0.00180053711,-0.00106811523,0.000213623047,-52.3955994,-59.257309
341,16650.3906,-0.00115966797,0.00219726562,0.000518798828,0.000823974609,-52.0951767,-60.2315178
342,16699.2188,0.00231933594,0.000122070312,0.000396728516,-0.000762939453,-52.6807098,-61.3107986
343,16748.0469,-0.00106811523,-0.00216674805,-0.00109863281,-3.05175781e-05,-52.3390961,-59.1795959
344,16796.875,-0.00155639648,0.00189208984,0.000274658203,0.000946044922,-52.2167664,-60.1303177
345,16845.7031,0.00228881836,0.000640869141,0.000640869141,-0.000640869141,-52.4799728,-60.8543091
346,16894.5312,-0.000610351562,-0.00225830078,-0.00106811523,-0.000122070312,-52.6181793,-59.3712807
347,16943.3594,-0.00186157227,0.00161743164,0.000244140625,0.00100708008,-52.1598663,-59.6907043
348,16992.1875,0.00213623047,0.00103759766,0.000640869141,-0.000549316406,-52.4871407,-61.4723816
349,17041.0156,-0.000213623047,-0.00231933594,-0.0009765625,-0.000335693359,-52.6560402,-59.7209473
350,17089.8438,-0.00204467773,0.00140380859,6.10351562e-05,0.00103759766,-52.1102715,-59.6644211
351,17138.6719,0.00207519531,0.00128173828,0.000793457031,-0.000427246094,-52.2553482,-60.9038353
352,17187.5,0,-0.00241088867,-0.000946044922,-0.000366210938,-52.3564568,-59.8753777
353,17236.3281,-0.00213623047,0.00106811523,0,0.000915527344,-52.4379387,-60.766571
354,17285.1562,0.00204467773,0.00122070312,0.000823974609,-0.000549316406,-52.4635391,-60.0847168
355,17333.9844,-9.15527344e-05,-0.00225830078,-0.00100708008,-0.000274658203,-52.9172325,-59.6271439
356,17382.8125,-0.0022277832,0.00122070312,-6.10351562e-05,0.00100708008,-51.9022942,-59.9227943
357,17431.6406,0.00204467773,0.00115966797,0.000793457031,-0.000640869141,-52.5762558,-59.8284683
358,17480.4688,-9.15527344e-05,-0.00228881836,-0.000946044922,-0.000305175781,-52.8008308,-60.0518456
359,17529.2969,-0.00207519531,0.00131225586,6.10351562e-05,0.0009765625,-52.1979446,-60.189064
360,17578.125,0.00210571289,0.00112915039,0.000640869141,-0.000579833984,-52.4343948,-61.2672577
361,17626.9531,-0.000244140625,-0.0022277832,-0.000915527344,-0.000244140625,-52.9906921,-60.4682236
362,17675.7812,-0.00192260742,0.00161743164,9.15527344e-05,0.00106811523,-51.997982,-59.3958473
363,17724.6094,0.0022277832,0.000823974609,0.000640869141,-0.000701904297,-52.4857025,-60.4412804
364,17773.4375,-0.000610351562,-0.00219726562,-0.0009765625,-0.000152587891,-52.8395462,-60.1012421
365,17822.2656,-0.00158691406,0.00183105469,0.000457763672,0.00100708008,-52.3128357,-59.1230431
366,17871.0938,0.00234985352,0.000427246094,0.000518798828,-0.000701904297,-52.4379387,-61.1814651
367,17919.9219,-0.00100708008,-0.00207519531,-0.000946044922,-3.05175781e-05,-52.7403603,-60.4772491
368,17968.75,-0.00122070312,0.00210571289,0.000457763672,0.000762939453,-52.2737465,-61.0148087
369,18017.5781,0.00234985352,-0.000122070312,0.000274658203,-0.000793457031,-52.567482,-61.5180397
370,18066.4062,-0.00152587891,-0.00170898438,-0.000915527344,0.000305175781,-52.7992859,-60.3089981
371,18115.2344,-0.000579833984,0.00234985352,0.000762939453,0.000579833984,-52.3224945,-60.3702316
372,18164.0625,0.00213623047,-0.000762939453,-6.10351562e-05,-0.000793457031,-52.8856735,-61.9839096
373,18212.8906,-0.00213623047,-0.0012512207,-0.000854492188,0.000457763672,-52.1260796,-60.2700844
374,18261.7188,0.000183105469,0.00234985352,0.000885009766,0.000183105469,-52.5528946,-60.8790016
375,18310.5469,0.00173950195,-0.00149536133,-0.000305175781,-0.000762939453,-52.7885132,-61.7056198
376,18359.375,-0.00244140625,-0.000366210938,-0.000640869141,0.000854492188,-52.1505661,-59.427639
377,18408.2031,0.00103759766,0.00216674805,0.000885009766,3.05175781e-05,-52.3871841,-61.0558777
378,18457.0312,0.0009765625,-0.00213623047,-0.000701904297,-0.000701904297,-52.5828514,-60.0641441
379,18505.8594,-0.00241088867,0.000610351562,-0.000274658203,0.000915527344,-52.0866623,-60.3923073
380,18554.6875,0.00189208984,0.00149536133,0.000701904297,-0.000457763672,-52.353672,-61.5352859
381,18603.5156,0,-0.00225830078,-0.000823974609,-0.000305175781,-52.924366,-61.1234512
382,18652.3438,-0.00180053711,0.00158691406,0.000213623047,0.000885009766,-52.3955994,-60.8151016
383,18701.1719,0.00231933594,0.000457763672,0.000366210938,-0.000701904297,-52.5267639,-62.0288467
384,18750,-0.00128173828,-0.00201416016,-0.000915527344,0.000183105469,-52.4414825,-60.596241
385,18798.8281,-0.000762939453,0.00238037109,0.000701904297,0.000732421875,-52.0424232,-59.8753777
386,18847.6562,0.00213623047,-0.000885009766,-3.05175781e-05,-0.000854492188,-52.71912,-61.360302
387,18896.4844,-0.00219726562,-0.000915527344,-0.000671386719,0.000701904297,-52.4671097,-60.2529068
388,18945.3125,0.000701904297,0.00238037109,0.000854492188,0.000183105469,-52.105011,-61.1708603
389,18994.1406,0.0012512207,-0.001953125,-0.000518798828,-0.000701904297,-52.6919746,-61.1814651
390,19042.9688,-0.00241088867,0.000427246094,-0.000274658203,0.000885009766,-52.2221603,-60.6616898
391,19091.7969,0.00198364258,0.00146484375,0.000793457031,-0.000366210938,-52.1605301,-61.1708603
392,19140.625,-0.000366210938,-0.00238037109,-0.000854492188,-0.000244140625,-52.3655128,-61.0250435
393,19189.4531,-0.00155639648,0.00189208984,0.000366210938,0.000823974609,-52.2167664,-60.8988571
394,19238.2812,0.00238037109,-0.000122070312,0.000305175781,-0.000793457031,-52.4557037,-61.4103775
395,19287.1094,-0.00186157227,-0.00161743164,-0.000854492188,0.000396728516,-52.1598663,-60.5180702
396,19335.9375,0,0.00244140625,0.000762939453,0.000427246094,-52.2472,-61.1655655
397,19384.7656,0.00155639648,-0.00173950195,-0.000305175781,-0.000732421875,-52.6374397,-62.0095291
398,19433.5938,-0.00244140625,0.000183105469,-0.000396728516,0.000915527344,-52.2228394,-60.0192223
399,19482.4219,0.00177001953,0.00170898438,0.000640869141,-0.000244140625,-52.1798668,-63.2760849
400,19531.25,-0.000244140625,-0.00228881836,-0.000854492188,-0.000213623047,-52.7586403,-61.1025467
401,19580.0781,-0.00161743164,0.00192260742,0.000396728516,0.000885009766,-51.997982,-60.2657852
402,19628.9062,0.00238037109,-0.000244140625,0.000213623047,-0.000854492188,-52.4216614,-61.1025467
403,19677.7344,-0.00201416016,-0.00131225586,-0.000793457031,0.00048828125,-52.3815842,-60.6148376
404,19726.5625,0.000457763672,0.00247192383,0.000823974609,0.000274658203,-51.9928589,-61.2241516
405,19775.3906,0.00119018555,-0.00204467773,-0.000518798828,-0.000640869141,-52.520256,-61.675766
406,19824.2188,-0.00228881836,0.000762939453,-0.000152587891,0.000823974609,-52.3501968,-61.5352859
407,19873.0469,0.00216674805,0.00100708008,0.000549316406,-0.000549316406,-52.4343948,-62.1932526
408,19921.875,-0.00103759766,-0.00210571289,-0.000854492188,6.10351562e-05,-52.5879822,-61.3437347
409,19970.7031,-0.000671386719,0.00238037109,0.000579833984,0.000518798828,-52.1346664,-62.1798668
410,20019.5312,0.001953125,-0.00131225586,-0.000152587891,-0.000854492188,-52.567482,-61.2295151
411,20068.3594,-0.00238037109,-0.000213623047,-0.000366210938,0.000762939453,-52.4322701,-61.4497337
412,20117.1875,0.00161743164,0.00177001953,0.000762939453,-0.000305175781,-52.4040375,-61.7056198
413,20166.0156,-0.000274658203,-0.00231933594,-0.000762939453,-0.000152587891,-52.6322479,-62.1798668
414,20214.8438,-0.00137329102,0.00204467773,0.000366210938,0.000701904297,-52.1705208,-62.0288467
415,20263.6719,0.00225830078,-0.000640869141,3.05175781e-05,-0.000854492188,-52.5879822,-61.360302
416,20312.5,-0.00225830078,-0.000823974609,-0.000671386719,0.000671386719,-52.3815842,-60.4502449
417,20361.3281,0.00122070312,0.00210571289,0.000762939453,-6.10351562e-05,-52.2737465,-62.3224945
418,20410.1562,0.000213623047,-0.00238037109,-0.000793457031,-0.000396728516,-52.4322701,-61.0404282
419,20458.9844,-0.00170898438,0.00177001953,0.000213623047,0.000793457031,-52.1798668,-61.7056198
420,20507.8125,0.00228881836,-0.00048828125,0.000152587891,-0.000854492188,-52.6144867,-61.2295151
421,20556.6406,-0.0022277832,-0.0009765625,-0.000701904297,0.000549316406,-52.2792091,-60.9995079
422,20605.4688,0.00115966797,0.00225830078,0.000823974609,6.10351562e-05,-51.9079399,-61.657959
423,20654.2969,0.000274658203,-0.00228881836,-0.000732421875,-0.000335693359,-52.7456818,-61.8766708
424,20703.125,-0.00170898438,0.00186157227,0.000305175781,0.000885009766,-51.9476547,-60.573101
425,20751.9531,0.00231933594,-0.000396728516,0.000152587891,-0.000762939453,-52.567482,-62.1798668
426,20800.7812,-0.00219726562,-0.000885009766,-0.000610351562,0.000549316406,-52.5094261,-61.7116127
427,20849.6094,0.00131225586,0.00207519531,0.000793457031,-0.000122070312,-52.1979446,-61.9079399
428,20898.4375,3.05175781e-05,-0.00234985352,-0.000762939453,-0.000366210938,-52.5784531,-61.4497337
429,20947.2656,-0.00146484375,0.00198364258,0.000366210938,0.000701904297,-52.1605301,-62.0288467
430,20996.0938,0.00228881836,-0.000793457031,6.10351562e-05,-0.000762939453,-52.3149071,-62.3224945
431,21044.9219,-0.00231933594,-0.000396728516,-0.00048828125,0.000762939453,-52.567482,-60.8592415
432,21093.75,0.00170898438,0.0016784668,0.000671386719,-0.000335693359,-52.412487,-62.4914474
433,21142.5781,-0.000579833984,-0.00225830078,-0.000823974609,-6.10351562e-05,-52.6470985,-61.657959
434,21191.4062,-0.000732421875,0.00228881836,0.000671386719,0.000579833984,-52.3843803,-61.0404282
435,21240.2344,0.00170898438,-0.00149536133,-0.000396728516,-0.000671386719,-52.8762512,-62.1598663
436,21289.0625,-0.00238037109,0.000518798828,-0.000244140625,0.000885009766,-52.2655563,-60.7425117
437,21337.8906,0.00216674805,0.000885009766,0.000427246094,-0.000610351562,-52.6137505,-62.5565376
438,21386.7188,-0.00158691406,-0.00180053711,-0.000823974609,0.000305175781,-52.3955994,-61.1234512
439,21435.5469,0.000274658203,0.00244140625,0.000732421875,0.000274658203,-52.1925774,-62.1333466
440,21484.375,0.000823974609,-0.00213623047,-0.000640869141,-0.000396728516,-52.8046837,-62.4557037
441,21533.2031,-0.00186157227,0.00161743164,0.000183105469,0.000854492188,-52.1598663,-61.1708603
442,21582.0312,0.00238037109,-0.000366210938,0.000183105469,-0.000671386719,-52.3655128,-63.1489639
443,21630.8594,-0.00234985352,-0.000701904297,-0.000610351562,0.000579833984,-52.2080193,-61.4951515
444,21679.6875,0.0016784668,0.00183105469,0.000762939453,-0.000213623047,-52.0971375,-62.0223999
445,21728.5156,-0.000671386719,-0.0022277832,-0.000793457031,0,-52.6649933,-62.0095291
446,21777.3438,-0.000610351562,0.00238037109,0.000579833984,0.000427246094,-52.1905708,-62.8504486
447,21826.1719,0.00146484375,-0.00180053711,-0.000396728516,-0.000701904297,-52.6859665,-61.8704453
448,21875,-0.00213623047,0.00109863281,3.05175781e-05,0.000823974609,-52.387886,-61.675766
449,21923.8281,0.00234985352,6.10351562e-05,0.000244140625,-0.000762939453,-52.5762558,-61.9268074
450,21972.6562,-0.00210571289,-0.00109863281,-0.000671386719,0.000518798828,-52.4864235,-61.4272003
451,22021.4844,0.00143432617,0.00201416016,0.000610351562,-0.000122070312,-52.1366501,-64.1180649
452,22070.3125,-0.00048828125,-0.00228881836,-0.000701904297,-9.15527344e-05,-52.6144867,-63.0011749
453,22119.1406,-0.000701904297,0.00238037109,0.00048828125,0.000457763672,-52.105011,-63.4875488
454,22167.9688,0.00149536133,-0.00189208984,-0.000427246094,-0.000732421875,-52.353672,-61.4328232
455,22216.7969,-0.00219726562,0.00115966797,3.05175781e-05,0.000885009766,-52.0951767,-61.0558777
456,22265.625,0.00234985352,-3.05175781e-05,0.000152587891,-0.000640869141,-52.5784531,-63.6251411
457,22314.4531,-0.00228881836,-0.000854492188,-0.000640869141,0.000518798828,-52.2410965,-61.675766
458,22363.2812,0.00173950195,0.0016784668,0.000671386719,-0.000305175781,-52.3335571,-62.6448669
459,22412.1094,-0.00100708008,-0.00210571289,-0.000793457031,9.15527344e-05,-52.6374397,-61.9520912
460,22460.9375,6.10351562e-05,0.00250244141,0.000732421875,0.000366210938,-52.0301399,-61.735672
461,22509.7656,0.000885009766,-0.00219726562,-0.000579833984,-0.000518798828,-52.5094261,-62.1798668
462,22558.5938,-0.00161743164,0.00183105469,0.000366210938,0.000793457031,-52.2410965,-61.1708603
463,22607.4219,0.00210571289,-0.00100708008,-9.15527344e-05,-0.000701904297,-52.6374397,-63.0011749
464,22656.25,-0.00244140625,0.000213623047,-0.000274658203,0.000701904297,-52.2140732,-62.4557037
465,22705.0781,0.00234985352,0.000793457031,0.000396728516,-0.000518798828,-52.1102715,-63.7003403
466,22753.9062,-0.00198364258,-0.00140380859,-0.000671386719,0.000396728516,-52.2874222,-62.1598663
467,22802.7344,0.0012512207,0.00204467773,0.000579833984,-0.000213623047,-52.4061508,-64.18116
468,22851.5625,-0.000640869141,-0.00231933594,-0.000793457031,-9.15527344e-05,-52.3731918,-61.9520912
469,22900.3906,-0.000335693359,0.00247192383,0.000549316406,0.000396728516,-52.0599365,-63.3805275
470,22949.2188,0.000915527344,-0.00210571289,-0.000579833984,-0.00048828125,-52.7800674,-62.4061508
471,22998.0469,-0.00164794922,0.00173950195,0.000274658203,0.000610351562,-52.409668,-63.4875488
472,23046.875,0.00204467773,-0.00115966797,-0.000213623047,-0.000732421875,-52.5762558,-62.3501968
473,23095.7031,-0.00250244141,0.000549316406,-0.000244140625,0.000793457031,-51.8283424,-61.616684
474,23144.5312,0.00238037109,0.000305175781,0.000335693359,-0.000610351562,-52.3963013,-63.1406212
475,23193.3594,-0.0022277832,-0.000885009766,-0.000549316406,0.000549316406,-52.4061508,-62.1932526
476,23242.1875,0.00180053711,0.00158691406,0.000610351562,-0.000244140625,-52.3955994,-63.6438179
477,23291.0156,-0.00137329102,-0.001953125,-0.000793457031,0.000152587891,-52.4407768,-61.8518143
478,23339.8438,0.000701904297,0.00241088867,0.000701904297,0.000213623047,-52.0031128,-62.6897202
479,23388.6719,-3.05175781e-05,-0.00241088867,-0.000610351562,-0.000183105469,-52.3557625,-63.9141312
480,23437.5,-0.000549316406,0.00238037109,0.000610351562,0.000457763672,-52.2417755,-62.3501968
481,23486.3281,0.00109863281,-0.00204467773,-0.000518798828,-0.00048828125,-52.6859665,-62.9450302
482,23535.1562,-0.0016784668,0.00173950195,0.000244140625,0.000640869141,-52.3335571,-63.2760849
483,23583.9844,0.001953125,-0.00128173828,-0.000213623047,-0.000732421875,-52.630024,-62.3501968
484,23632.8125,-0.0022277832,0.000854492188,0,0.000823974609,-52.4464569,-61.6817245
485,23681.6406,0.00238037109,-0.000244140625,0.000152587891,-0.000640869141,-52.4216614,-63.6251411
486,23730.4688,-0.00250244141,-0.000274658203,-0.000427246094,0.000671386719,-51.9807205,-61.9839096
487,23779.2969,0.00225830078,0.000915527344,0.000427246094,-0.000457763672,-52.2635193,-64.0661774
488,23828.125,-0.00204467773,-0.0012512207,-0.000640869141,0.000396728516,-52.4061508,-62.4557037
489,23876.9531,0.00161743164,0.00170898438,0.000610351562,-0.000274658203,-52.567482,-63.4875488
490,23925.7812,-0.00140380859,-0.00192260742,-0.000793457031,0.000213623047,-52.4663925,-61.7056198
491,23974.6094,0.000823974609,0.00225830078,0.000640869141,0,-52.3815842,-63.8646126
492,24023.4375,-0.000549316406,-0.00231933594,-0.000823974609,-9.15527344e-05,-52.4557037,-61.6284332
493,24072.2656,-6.10351562e-05,0.00238037109,0.000579833984,0.000244140625,-52.4642525,-64.0251083
494,24121.0938,0.000396728516,-0.00231933594,-0.000671386719,-0.000305175781,-52.567482,-62.6448669
495,24169.9219,-0.000854492188,0.00234985352,0.00048828125,0.000549316406,-52.0398331,-62.6747169
496,24218.75,0.00112915039,-0.00201416016,-0.000518798828,-0.000518798828,-52.7312431,-62.6897202
497,24267.5781,-0.00149536133,0.001953125,0.000366210938,0.000671386719,-52.1818695,-62.3294029
498,24316.4062,0.00170898438,-0.00155639648,-0.000305175781,-0.000732421875,-52.7221489,-62.0095291
499,24365.2344,-0.00201416016,0.00134277344,9.15527344e-05,0.000701904297,-52.3211098,-63.0011749
500,24414.0625,0.00216674805,-0.0009765625,-6.10351562e-05,-0.000701904297,-52.48069,-63.0417252
501,24462.8906,-0.0022277832,0.000793457031,0,0.000793457031,-52.5238724,-62.0095291
502,24511.7188,0.00231933594,-0.000427246094,6.10351562e-05,-0.000732421875,-52.547802,-62.6747169
503,24560.5469,-0.00247192383,0.000122070312,-0.000305175781,0.000701904297,-52.1287193,-62.3224945
504,24609.375,0.00234985352,0.000152587891,0.000244140625,-0.000671386719,-52.5609131,-62.921196
505,24658.2031,-0.00241088867,-0.000366210938,-0.000366210938,0.000671386719,-52.2573891,-62.3294029
506,24707.0312,0.00225830078,0.000671386719,0.000396728516,-0.000610351562,-52.5565376,-62.7578735
507,24755.8594,-0.00231933594,-0.000793457031,-0.000579833984,0.000579833984,-52.212059,-61.723629
508,24804.6875,0.00207519531,0.00119018555,0.000457763672,-0.000396728516,-52.4237823,-64.3540344
509,24853.5156,-0.00210571289,-0.00131225586,-0.000610351562,0.000366210938,-52.106987,-62.9530106
510,24902.3438,0.00183105469,0.00137329102,0.000518798828,-0.00048828125,-52.8077736,-62.9450302
511,24951.1719,-0.00177001953,-0.00146484375,-0.000579833984,0.000427246094,-52.7747002,-62.8504486
512,25000,0.0016784668,0.00177001953,0.000610351562,-0.000183105469,-52.254673,-63.9141312
513,25048.8281,-0.00164794922,-0.00164794922,-0.000732421875,0.000396728516,-52.6508255,-61.5874329
514,25097.6562,0.00146484375,0.00192260742,0.000610351562,-0.000213623047,-52.3342476,-63.7865372
515,25146.4844,-0.00146484375,-0.00189208984,-0.000793457031,0.000274658203,-52.4216614,-61.5180397
516,25195.3125,0.00131225586,0.00204467773,0.000549316406,-6.10351562e-05,-52.2894745,-65.1502609
517,25244.1406,-0.00128173828,-0.00198364258,-0.000701904297,0.000183105469,-52.5354538,-62.7885132
518,25292.9688,0.00122070312,0.00210571289,0.000732421875,-0.000152587891,-52.2737465,-62.520256
519,25341.7969,-0.00122070312,-0.00204467773,-0.000732421875,0.000152587891,-52.4635391,-62.520256
520,25390.625,0.00103759766,0.00207519531,0.000549316406,-0.000122070312,-52.6897202,-64.9942093
521,25439.4531,-0.00109863281,-0.00210571289,-0.000671386719,9.15527344e-05,-52.4864235,-63.3805275
522,25488.2812,0.00109863281,0.00216674805,0.000701904297,-3.05175781e-05,-52.2901611,-63.0662384
523,25537.1094,-0.00115966797,-0.00213623047,-0.000793457031,3.05175781e-05,-52.2853661,-62.0031128
524,25585.9375,0.00103759766,0.00216674805,0.000549316406,-6.10351562e-05,-52.3871841,-65.1502609
525,25634.7656,-0.00122070312,-0.00201416016,-0.000762939453,9.15527344e-05,-52.5594521,-62.2881088
526,25683.5938,0.00109863281,0.00216674805,0.000640869141,-3.05175781e-05,-52.2901611,-63.8547745
527,25732.4219,-0.0012512207,-0.00198364258,-0.000732421875,0.000152587891,-52.5960617,-62.520256
528,25781.25,0.00128173828,0.00201416016,0.000640869141,-9.15527344e-05,-52.4414825,-63.7768745
529,25830.0781,-0.00149536133,-0.00186157227,-0.000701904297,0.000305175781,-52.4400673,-62.3224945
530,25878.9062,0.00137329102,0.00186157227,0.000579833984,-0.000244140625,-52.7153435,-64.0251083
531,25927.7344,-0.00161743164,-0.00170898438,-0.000793457031,0.000244140625,-52.567482,-61.616684
532,25976.5625,0.0016784668,0.00180053711,0.000579833984,-0.000213623047,-52.1758575,-64.18116
533,26025.3906,-0.00183105469,-0.00149536133,-0.000610351562,0.000366210938,-52.5267601,-62.9530106
534,26074.2188,0.00186157227,0.00143432617,0.000549316406,-0.000335693359,-52.5784492,-63.8253975
535,26123.0469,-0.00198364258,-0.0012512207,-0.000518798828,0.000427246094,-52.5960617,-63.45158
536,26171.875,0.00210571289,0.00119018555,0.000366210938,-0.000305175781,-52.3280182,-66.4350967
537,26220.7031,-0.00228881836,-0.000854492188,-0.000579833984,0.000518798828,-52.2410965,-62.1798668
538,26269.5312,0.00216674805,0.000793457031,0.000366210938,-0.00048828125,-52.7373161,-64.2883987
539,26318.3594,-0.00238037109,-0.000427246094,-0.000427246094,0.000610351562,-52.3294029,-62.5565376
540,26367.1875,0.00234985352,0.000213623047,0.000274658203,-0.000671386719,-52.5434418,-62.7885132
541,26416.0156,-0.00244140625,0,-0.000244140625,0.000579833984,-52.2472,-64.0251083
542,26464.8438,0.00238037109,-0.000244140625,6.10351562e-05,-0.000549316406,-52.4216614,-65.1502609
543,26513.6719,-0.00241088867,0.000671386719,-0.000152587891,0.000732421875,-52.032074,-62.520256
544,26562.5,0.0022277832,-0.000885009766,-3.05175781e-05,-0.000671386719,-52.4061508,-63.45158
545,26611.3281,-0.00210571289,0.0012512207,9.15527344e-05,0.000640869141,-52.2187881,-63.7768745
546,26660.1562,0.00189208984,-0.00143432617,-0.000274658203,-0.000579833984,-52.4892883,-63.8547745
547,26708.9844,-0.00155639648,0.00186157227,0.000305175781,0.000671386719,-52.3004532,-62.6448669
548,26757.8125,0.0012512207,-0.00198364258,-0.000427246094,-0.00048828125,-52.5960617,-63.7576141
549,26806.6406,-0.00103759766,0.0022277832,0.000427246094,0.000518798828,-52.1898994,-63.45158
550,26855.4688,0.000518798828,-0.0022277832,-0.000610351562,-0.000366210938,-52.8131828,-62.9530106
551,26904.2969,-0.000152587891,0.00244140625,0.000549316406,0.000274658203,-52.2302666,-64.2344513
552,26953.125,-0.000335693359,-0.00234985352,-0.000732421875,-3.05175781e-05,-52.4914474,-62.6972389
553,27001.9531,0.000640869141,0.00228881836,0.000610351562,3.05175781e-05,-52.4799728,-64.2775574
554,27050.7812,-0.0012512207,-0.00204467773,-0.000671386719,0.000122070312,-52.4061508,-63.3192978
555,27099.6094,0.00158691406,0.00183105469,0.000579833984,-0.000305175781,-52.3128357,-63.6719894
556,27148.4375,-0.00189208984,-0.00137329102,-0.000549316406,0.000366210938,-52.6233597,-63.6065369
557,27197.2656,0.00207519531,0.00100708008,0.000335693359,-0.000518798828,-52.7403603,-64.18116
558,27246.0938,-0.00241088867,-0.00048828125,-0.000396728516,0.000579833984,-52.1818695,-63.0662384
559,27294.9219,0.00234985352,3.05175781e-05,0.000213623047,-0.000518798828,-52.5784531,-65.0198288
560,27343.75,-0.00231933594,0.000610351562,-9.15527344e-05,0.000701904297,-52.4019241,-63.0011749
561,27392.5781,0.00207519531,-0.00103759766,-0.000213623047,-0.000549316406,-52.6897202,-64.5919113
562,27441.4062,-0.00180053711,0.00164794922,0.000244140625,0.000610351562,-52.2492371,-63.6438179
563,27490.2344,0.00134277344,-0.001953125,-0.000427246094,-0.00048828125,-52.5043869,-63.7576141
564,27539.0625,-0.000823974609,0.00228881836,0.000427246094,0.000457763672,-52.2785263,-64.0661774
565,27587.8906,9.15527344e-05,-0.00234985352,-0.000671386719,-0.000183105469,-52.5725937,-63.1489639
566,27636.7188,0.000457763672,0.00238037109,0.000701904297,0.000152587891,-52.3093948,-62.8739014
567,27685.5469,-0.00115966797,-0.00207519531,-0.000640869141,6.10351562e-05,-52.4785423,-63.8253975
568,27734.375,0.00155639648,0.00177001953,0.000610351562,-0.000274658203,-52.5528946,-63.4875488
569,27783.2031,-0.00216674805,-0.00115966797,-0.000518798828,0.00048828125,-52.1898994,-62.9450302
570,27832.0312,0.00228881836,0.000701904297,0.000244140625,-0.000396728516,-52.4174271,-66.6354446
571,27880.8594,-0.00238037109,0.000183105469,-0.000122070312,0.000610351562,-52.4414825,-64.1180649
572,27929.6875,0.00216674805,-0.000854492188,-6.10351562e-05,-0.000579833984,-52.6560402,-64.6860657
573,27978.5156,-0.00186157227,0.00161743164,0.000183105469,0.000549316406,-52.1598663,-64.7459717
574,28027.3438,0.0012512207,-0.00192260742,-0.000396728516,-0.000427246094,-52.7885132,-64.6860657
575,28076.1719,-0.000640869141,0.00241088867,0.000427246094,0.000335693359,-52.0599327,-65.2984009
576,28125,-0.000274658203,-0.00228881836,-0.000610351562,-0.000152587891,-52.7456818,-64.0251083
577,28173.8281,0.00100708008,0.00225830078,0.000640869141,3.05175781e-05,-52.1366501,-63.8547745
578,28222.6562,-0.00177001953,-0.00164794922,-0.000610351562,0.000274658203,-52.3294029,-63.4875488
579,28271.4844,0.00213623047,0.00100708008,0.000427246094,-0.000427246094,-52.5354576,-64.3761368
580,28320.3125,-0.00241088867,-0.000183105469,-0.000274658203,0.00048828125,-52.3314743,-65.0326996
581,28369.1406,0.00225830078,-0.000579833984,-0.000152587891,-0.000579833984,-52.6470985,-64.4431229
582,28417.9688,-0.00192260742,0.00146484375,0.000122070312,0.000610351562,-52.3342476,-64.1180649
583,28466.7969,0.0012512207,-0.001953125,-0.000396728516,-0.000335693359,-52.6919746,-65.6850204
584,28515.625,-0.000457763672,0.00234985352,0.000518798828,0.000244140625,-52.4174271,-64.8312531
585,28564.4531,-0.000640869141,-0.00228881836,-0.000701904297,-6.10351562e-05,-52.4799728,-63.0417252
586,28613.2812,0.00140380859,0.001953125,0.00048828125,-0.000213623047,-52.3766861,-65.4659958
587,28662.1094,-0.00213623047,-0.00115966797,-0.000579833984,0.000427246094,-52.2853661,-62.8504486
588,28710.9375,0.00231933594,0.000366210938,0.000152587891,-0.000427246094,-52.5857849,-66.8650742
589,28759.7656,-0.00225830078,0.000671386719,0,0.000610351562,-52.5565376,-64.2883987
590,28808.5938,0.00180053711,-0.00155639648,-0.000244140625,-0.000579833984,-52.4685326,-64.0251083
591,28857.4219,-0.00103759766,0.00219726562,0.000366210938,0.000457763672,-52.2881088,-64.6387329
592,28906.25,-3.05175781e-05,-0.00231933594,-0.000640869141,-0.000122070312,-52.6919746,-63.7098351
593,28955.0781,0.00103759766,0.0022277832,0.000579833984,-6.10351562e-05,-52.1898994,-64.6860657
594,29003.9062,-0.00192260742,-0.00146484375,-0.000549316406,0.000335693359,-52.3342476,-63.8253975
595,29052.7344,0.00228881836,0.000549316406,0.000335693359,-0.000518798828,-52.5645599,-64.18116
596,29101.5625,-0.00234985352,0.000579833984,-9.15527344e-05,0.000640869141,-52.3224945,-63.7768745
597,29150.3906,0.00180053711,-0.00146484375,-0.000213623047,-0.000579833984,-52.6859665,-64.18116
598,29199.2188,-0.00100708008,0.00219726562,0.000335693359,0.000427246094,-52.3342476,-65.2984009
599,29248.0469,-0.000213623047,-0.00234985352,-0.000671386719,-0.000122070312,-52.5434418,-63.3192978
600,29296.875,0.0012512207,0.00210571289,0.000579833984,-6.10351562e-05,-52.2187881,-64.6860657
601,29345.7031,-0.00213623047,-0.00115966797,-0.00048828125,0.000335693359,-52.2853661,-64.5455856
602,29394.5312,0.00234985352,0.000122070312,0.000152587891,-0.000610351562,-52.567482,-64.0251083
603,29443.3594,-0.00210571289,0.00119018555,0,0.000640869141,-52.3280182,-63.8646126
604,29492.1875,0.00128173828,-0.001953125,-0.000396728516,-0.000396728516,-52.630024,-65.0198288
605,29541.0156,-0.000183105469,0.00247192383,0.000579833984,0.000366210938,-52.1155319,-63.2760849
606,29589.8438,-0.00112915039,-0.00213623047,-0.000701904297,6.10351562e-05,-52.3370171,-63.0417252
607,29638.6719,0.00198364258,0.00134277344,0.000457763672,-0.000366210938,-52.412487,-64.6387329
608,29687.5,-0.00241088867,-0.000122070312,-0.000274658203,0.00048828125,-52.3453369,-65.0326996
609,29736.3281,0.00213623047,-0.00112915039,-0.000122070312,-0.000671386719,-52.3370171,-63.3192978
610,29785.1562,-0.00131225586,0.00207519531,0.000305175781,0.00048828125,-52.1979446,-64.7944946
611,29833.9844,0,-0.00231933594,-0.000549316406,-0.000122070312,-52.6927261,-64.9942093
612,29882.8125,0.00128173828,0.00201416016,0.00048828125,-0.000213623047,-52.4414825,-65.4659958
613,29931.6406,-0.00213623047,-0.00103759766,-0.000396728516,0.000396728516,-52.4871407,-65.0198288
614,29980.4688,0.00231933594,-0.000244140625,3.05175781e-05,-0.000610351562,-52.6448746,-64.2775574
615,30029.2969,-0.00189208984,0.00155639648,0,0.000549316406,-52.2167664,-65.2035446
616,30078.125,0.000610351562,-0.00225830078,-0.000579833984,-0.000244140625,-52.6181793,-64.0251083
617,30126.9531,0.000701904297,0.00234985352,0.000671386719,0,-52.2080193,-63.4605446
618,30175.7812,-0.00189208984,-0.00137329102,-0.000457763672,0.000427246094,-52.6233597,-64.0661774
619,30224.6094,0.00241088867,0.000183105469,0.000122070312,-0.000579833984,-52.3314743,-64.5455856
620,30273.4375,-0.00213623047,0.00131225586,6.10351562e-05,0.000610351562,-52.0166054,-64.2451859
621,30322.2656,0.000946044922,-0.00216674805,-0.000457763672,-0.000305175781,-52.5260391,-65.1901703
622,30371.0938,0.00048828125,0.00234985352,0.000640869141,9.15527344e-05,-52.3955994,-63.7768745
623,30419.9219,-0.00183105469,-0.00158691406,-0.000549316406,0.000305175781,-52.3128357,-64.0353394
624,30468.75,0.00238037109,0.000274658203,0.000213623047,-0.000549316406,-52.409668,-64.5919113
625,30517.5781,-0.00201416016,0.00134277344,0.000122070312,0.000610351562,-52.3211098,-64.1180649
626,30566.4062,0.000854492188,-0.00228881836,-0.000518798828,-0.000427246094,-52.2410965,-63.45158
627,30615.2344,0.000579833984,0.00234985352,0.000549316406,9.15527344e-05,-52.3224945,-65.0845566
628,30664.0625,-0.001953125,-0.00143432617,-0.000579833984,0.000366210938,-52.312149,-63.2760849
629,30712.8906,0.00241088867,6.10351562e-05,0.000152587891,-0.00048828125,-52.353672,-65.8219299
630,30761.7188,-0.00186157227,0.00155639648,0.000183105469,0.000579833984,-52.3004532,-64.3210907
631,30810.5469,0.00048828125,-0.00225830078,-0.000518798828,-0.000335693359,-52.7259369,-64.18116
632,30859.375,0.00106811523,0.00219726562,0.000549316406,-6.10351562e-05,-52.2410965,-65.1502609
633,30908.2031,-0.00228881836,-0.000915527344,-0.000457763672,0.000457763672,-52.1631966,-63.7768745
634,30957.0312,0.00228881836,-0.000701904297,-6.10351562e-05,-0.000579833984,-52.4174271,-64.6860657
635,31005.8594,-0.00131225586,0.00204467773,0.000366210938,0.000457763672,-52.2894745,-64.6387329
636,31054.6875,-0.000335693359,-0.00225830078,-0.000549316406,-3.05175781e-05,-52.8294449,-65.1901627
637,31103.5156,0.00173950195,0.00158691406,0.000396728516,-0.000305175781,-52.5616417,-66.0114746
638,31152.3438,-0.00244140625,3.05175781e-05,-0.000244140625,0.000549316406,-52.246521,-64.4206848
639,31201.1719,0.00173950195,-0.00149536133,-0.000305175781,-0.000427246094,-52.7885132,-65.596077
640,31250,-0.000244140625,0.00247192383,0.000457763672,0.000244140625,-52.0971375,-65.7000198
641,31298.8281,-0.00140380859,-0.001953125,-0.000671386719,0.000152587891,-52.3766861,-63.2418213
642,31347.6562,0.00234985352,0.000457763672,0.000244140625,-0.000518798828,-52.4174271,-64.8312531
643,31396.4844,-0.00207519531,0.00128173828,3.05175781e-05,0.000518798828,-52.2553482,-65.6850204
644,31445.3125,0.000518798828,-0.00225830078,-0.000549316406,-0.000244140625,-52.701004,-64.4206848
645,31494.1406,0.00106811523,0.00219726562,0.000457763672,0,-52.2410965,-66.7871704
646,31542.9688,-0.00228881836,-0.000610351562,-0.000366210938,0.000549316406,-52.5094261,-63.6065369
647,31591.7969,0.00219726562,-0.00106811523,-6.10351562e-05,-0.000549316406,-52.2410965,-65.1502609
648,31640.625,-0.000762939453,0.0022277832,0.000366210938,0.000305175781,-52.5609131,-66.4350967
649,31689.4531,-0.00112915039,-0.00201416016,-0.000610351562,0.000244140625,-52.7312431,-63.6438179
650,31738.2812,0.00228881836,0.000793457031,0.000274658203,-0.000366210938,-52.3149071,-66.7871704
651,31787.1094,-0.00207519531,0.0012512207,9.15527344e-05,0.000579833984,-52.312149,-64.6269836
652,31835.9375,0.000579833984,-0.00228881836,-0.00048828125,-0.000366210938,-52.537632,-64.2883987
653,31884.7656,0.0012512207,0.00204467773,0.000457763672,-6.10351562e-05,-52.4061508,-66.7106476
654,31933.5938,-0.00238037109,-0.000274658203,-0.000305175781,0.000518798828,-52.409668,-64.4095001
655,31982.4219,0.00186157227,-0.00146484375,-0.000274658203,-0.00048828125,-52.5094261,-65.0326996
656,32031.25,-0.000183105469,0.00250244141,0.000549316406,0.000305175781,-52.0095291,-64.0353394
657,32080.0781,-0.00170898438,-0.00158691406,-0.000610351562,0.000335693359,-52.6448746,-63.1406212
658,32128.9062,0.00241088867,-3.05175781e-05,0.000152587891,-0.000427246094,-52.3557625,-66.8650742
659,32177.7344,-0.00155639648,0.00183105469,0.000183105469,0.000427246094,-52.3843803,-66.6541214
660,32226.5625,-0.000396728516,-0.00231933594,-0.000610351562,-6.10351562e-05,-52.567482,-64.2451859
661,32275.3906,0.00204467773,0.00128173828,0.000366210938,-0.000396728516,-52.348114,-65.3535538
662,32324.2188,-0.00234985352,0.000793457031,-0.000122070312,0.000640869141,-52.1102715,-63.7098351
663,32373.0469,0.000854492188,-0.00216674805,-0.00048828125,-0.000274658203,-52.6560402,-65.0326996
664,32421.875,0.00119018555,0.00216674805,0.000549316406,-6.10351562e-05,-52.1386375,-65.1502609
665,32470.7031,-0.00244140625,-0.000274658203,-0.000305175781,0.00048828125,-52.1925774,-64.7944946
666,32519.5312,0.00170898438,-0.00152587891,-0.000427246094,-0.000457763672,-52.7992859,-64.0661774
667,32568.3594,0.000183105469,0.00247192383,0.000549316406,0.000183105469,-52.1155319,-64.7459717
668,32617.1875,-0.00201416016,-0.00134277344,-0.000427246094,0.000335693359,-52.3211098,-65.2984009
669,32666.0156,0.00231933594,-0.000732421875,3.05175781e-05,-0.000549316406,-52.279892,-65.1901627
670,32714.8438,-0.000793457031,0.00231933594,0.000427246094,0.000335693359,-52.212059,-65.2984009
671,32763.6719,-0.00143432617,-0.00192260742,-0.000640869141,6.10351562e-05,-52.4005165,-63.8253975
672,32812.5,0.00238037109,0.000122070312,9.15527344e-05,-0.000396728516,-52.4557037,-67.8048019
673,32861.3281,-0.00161743164,0.00189208984,0.000152587891,0.000457763672,-52.0788231,-66.3295975
674,32910.1562,-0.000701904297,-0.00225830078,-0.000549316406,0,-52.5238724,-65.2035446
675,32958.9844,0.00225830078,0.000885009766,0.000335693359,-0.000427246094,-52.3038902,-65.2984009
676,33007.8125,-0.00204467773,0.00143432617,0.000152587891,0.000518798828,-52.0495453,-65.3397064
677,33056.6406,-9.15527344e-05,-0.00231933594,-0.000610351562,-3.05175781e-05,-52.6859665,-64.2775574
678,33105.4688,0.00192260742,0.00140380859,0.000396728516,-0.000274658203,-52.4663925,-66.3295975
679,33154.2969,-0.00225830078,0.0009765625,-3.05175781e-05,0.000579833984,-52.1798668,-64.7219162
680,33203.125,0.000427246094,-0.00228881836,-0.000518798828,-0.000244140625,-52.6590195,-64.8312531
681,33251.9531,0.00164794922,0.00173950195,0.000396728516,-0.000213623047,-52.409668,-66.9244308
682,33300.7812,-0.00241088867,0.000518798828,-0.000152587891,0.000549316406,-52.1598663,-64.8807449
683,33349.6094,0.000732421875,-0.0022277832,-0.000427246094,-0.000305175781,-52.5967979,-65.596077
684,33398.4375,0.00143432617,0.001953125,0.00048828125,-0.000183105469,-52.312149,-65.6551666
685,33447.2656,-0.00241088867,0.000244140625,-0.000122070312,0.000518798828,-52.312149,-65.4659958
686,33496.0938,0.00103759766,-0.00207519531,-0.000427246094,-0.000274658203,-52.6897202,-65.884201
687,33544.9219,0.00137329102,0.00207519531,0.00048828125,-0.000152587891,-52.0814362,-65.8219299
688,33593.75,-0.00247192383,0.000152587891,-0.000183105469,0.00048828125,-52.1227837,-65.6551666
689,33642.5781,0.00106811523,-0.00204467773,-0.000518798828,-0.000366210938,-52.7395973,-63.9441223
690,33691.4062,0.0012512207,0.00210571289,0.00048828125,-9.15527344e-05,-52.2187881,-66.0765381
691,33740.2344,-0.00244140625,0.000152587891,-0.000122070312,0.00048828125,-52.2302666,-65.9633102
692,33789.0625,0.0009765625,-0.00207519531,-0.000396728516,-0.000335693359,-52.7900505,-65.6850204
693,33837.8906,0.00128173828,0.001953125,0.000396728516,-0.000183105469,-52.630024,-67.1914597
694,33886.7188,-0.00238037109,0.000274658203,-0.000183105469,0.000518798828,-52.409668,-65.1901703
695,33935.5469,0.000854492188,-0.00216674805,-0.00048828125,-0.000305175781,-52.6560402,-64.7944946
696,33984.375,0.00152587891,0.00189208984,0.000335693359,-0.000213623047,-52.2853661,-68.004509
697,34033.2031,-0.00238037109,0.000610351562,0,0.000579833984,-52.1905708,-64.7339249
698,34082.0312,0.000640869141,-0.00219726562,-0.000427246094,-0.000183105469,-52.8077736,-66.6541214
699,34130.8594,0.00170898438,0.0016784668,0.000335693359,-0.000213623047,-52.412487,-68.004509
700,34179.6875,-0.00219726562,0.000946044922,3.05175781e-05,0.000518798828,-52.4237785,-65.6850204
701,34228.5156,0.000183105469,-0.00231933594,-0.000518798828,-0.000122070312,-52.6657448,-65.4659958
702,34277.3438,0.00204467773,0.00128173828,0.000335693359,-0.000305175781,-52.348114,-66.8650742
703,34326.1719,-0.00201416016,0.00137329102,3.05175781e-05,0.00048828125,-52.2601128,-66.209671
704,34375,-0.000427246094,-0.00238037109,-0.000549316406,-9.15527344e-05,-52.3294029,-65.0845566
705,34423.8281,0.00231933594,0.000671386719,0.000244140625,-0.00048828125,-52.3432541,-65.2574997
706,34472.6562,-0.00152587891,0.00189208984,0.000274658203,0.000457763672,-52.2853661,-65.4517822
707,34521.4844,-0.00112915039,-0.00204467773,-0.000579833984,9.15527344e-05,-52.6315079,-64.6269836
708,34570.3125,0.00241088867,-9.15527344e-05,0.000122070312,-0.000579833984,-52.3501968,-64.5455856
709,34619.1406,-0.000823974609,0.00228881836,0.000335693359,0.000396728516,-52.2785263,-65.6850204
710,34667.9688,-0.00180053711,-0.00158691406,-0.000549316406,0.000366210938,-52.3955994,-63.6065369
711,34716.7969,0.00219726562,-0.000915527344,-6.10351562e-05,-0.000457763672,-52.4671097,-66.7106476
712,34765.625,9.15527344e-05,0.00241088867,0.000457763672,0.000183105469,-52.3501968,-66.1425934
713,34814.4531,-0.00225830078,-0.000732421875,-0.000305175781,0.000457763672,-52.4900093,-65.1901703
714,34863.2812,0.00152587891,-0.00173950195,-0.000396728516,-0.000396728516,-52.7130737,-65.0198288
715,34912.1094,0.00106811523,0.00213623047,0.000457763672,-3.05175781e-05,-52.4379387,-66.7679138
716,34960.9375,-0.00241088867,0.000366210938,-0.000183105469,0.000579833984,-52.2573891,-64.3210907
717,35009.7656,0.000427246094,-0.00238037109,-0.000549316406,-0.000305175781,-52.3294029,-64.0353394
718,35058.5938,0.00192260742,0.00134277344,0.000305175781,-0.000335693359,-52.5967979,-66.8650742
719,35107.4219,-0.00189208984,0.00152587891,9.15527344e-05,0.000610351562,-52.2853661,-64.1917648
720,35156.25,-0.000762939453,-0.0022277832,-0.00048828125,0,-52.5609131,-66.226593
721,35205.0781,0.00234985352,9.15527344e-05,9.15527344e-05,-0.000427246094,-52.5725937,-67.1914597
722,35253.9062,-0.000885009766,0.0022277832,0.000366210938,0.000274658203,-52.4061508,-66.7871704
723,35302.7344,-0.00189208984,-0.00140380859,-0.000457763672,0.000274658203,-52.5565376,-65.4517822
724,35351.5625,0.001953125,-0.00122070312,-0.000183105469,-0.000457763672,-52.7532997,-66.1425934
725,35400.3906,0.000640869141,0.00228881836,0.000549316406,0,-52.4799728,-65.2035446
726,35449.2188,-0.00244140625,3.05175781e-05,-0.000244140625,0.00048828125,-52.246521,-65.2574997
727,35498.0469,0.000671386719,-0.00225830078,-0.000549316406,-0.000274658203,-52.5565376,-64.2344513
728,35546.875,0.00192260742,0.00140380859,0.000305175781,-0.000274658203,-52.4663925,-67.7322083
729,35595.7031,-0.00183105469,0.00155639648,0.000213623047,0.000457763672,-52.3843803,-65.931488
730,35644.5312,-0.0009765625,-0.00213623047,-0.000518798828,9.15527344e-05,-52.5828514,-65.5668335
731,35693.3594,0.00231933594,-0.000274658203,3.05175781e-05,-0.000518798828,-52.6322479,-65.6850204
732,35742.1875,-0.000335693359,0.00247192383,0.000335693359,0.000213623047,-52.0599365,-68.004509
733,35791.0156,-0.00225830078,-0.000854492188,-0.000305175781,0.000396728516,-52.3432541,-66.0114746
734,35839.8438,0.00140380859,-0.00189208984,-0.000335693359,-0.000396728516,-52.5565376,-65.6850204
735,35888.6719,0.00155639648,0.00183105469,0.000427246094,-0.000213623047,-52.3843803,-66.4173355
736,35937.5,-0.00213623047,0.00115966797,0.000122070312,0.000518798828,-52.2853661,-65.4659958
737,35986.3281,-0.000701904297,-0.00234985352,-0.000579833984,-3.05175781e-05,-52.2080193,-64.7219162
738,36035.1562,0.00231933594,6.10351562e-05,9.15527344e-05,-0.00048828125,-52.6897202,-66.0765381
739,36083.9844,-0.000579833984,0.00238037109,0.000335693359,0.000183105469,-52.2167664,-68.3499985
740,36132.8125,-0.00225830078,-0.000885009766,-0.000366210938,0.000396728516,-52.3038902,-65.3535538
741,36181.6406,0.00140380859,-0.00183105469,-0.000396728516,-0.000305175781,-52.7380753,-66.0114746
742,36230.4688,0.00158691406,0.00180053711,0.000335693359,-0.000244140625,-52.3955994,-67.6372833
743,36279.2969,-0.00216674805,0.00128173828,0,0.00048828125,-51.9807205,-66.226593
744,36328.125,-0.000885009766,-0.00225830078,-0.000549316406,3.05175781e-05,-52.3038902,-65.1901627
745,36376.9531,0.00241088867,-0.000396728516,3.05175781e-05,-0.000457763672,-52.2404175,-66.7679138
746,36425.7812,0,0.00241088867,0.000396728516,0.000122070312,-52.3564568,-67.6372833
747,36474.6094,-0.00231933594,-0.000274658203,-0.000244140625,0.000579833984,-52.6322479,-64.0251083
748,36523.4375,0.000671386719,-0.0022277832,-0.000396728516,-0.000274658203,-52.6649933,-66.3295975
749,36572.2656,0.00201416016,0.00119018555,0.000244140625,-0.000305175781,-52.6174393,-68.1605606
750,36621.0938,-0.00134277344,0.00204467773,0.000335693359,0.000427246094,-52.2302666,-65.2984009
751,36669.9219,-0.00173950195,-0.00158691406,-0.00048828125,0.000244140625,-52.5616417,-65.2574997
752,36718.75,0.00186157227,-0.00143432617,-0.000183105469,-0.00048828125,-52.5784492,-65.6551666
753,36767.5781,0.00115966797,0.00207519531,0.000427246094,-0.000183105469,-52.4785423,-66.6541214
754,36816.4062,-0.0022277832,0.0009765625,6.10351562e-05,0.00048828125,-52.2792091,-66.1592712
755,36865.2344,-0.000762939453,-0.00231933594,-0.000579833984,-3.05175781e-05,-52.2465172,-64.7219162
756,36914.0625,0.00234985352,-0.000366210938,0.000122070312,-0.000427246094,-52.474968,-67.045639
757,36962.8906,0.000122070312,0.00241088867,0.000335693359,6.10351562e-05,-52.3453369,-69.3398972
758,37011.7188,-0.00238037109,3.05175781e-05,-0.000213623047,0.000549316406,-52.4663925,-64.5919113
759,37060.5469,0.000213623047,-0.00234985352,-0.000518798828,-0.000244140625,-52.5434418,-64.8312531
760,37109.375,0.00228881836,0.00048828125,0.000183105469,-0.00048828125,-52.6144867,-65.6551666
761,37158.2031,-0.000701904297,0.00241088867,0.000335693359,0.000244140625,-52.0031128,-67.6372833
762,37207.0312,-0.00225830078,-0.000671386719,-0.000396728516,0.000518798828,-52.5565376,-63.7003403
763,37255.8594,0.000915527344,-0.00207519531,-0.000549316406,-0.000305175781,-52.8864632,-64.0353394
764,37304.6875,0.00204467773,0.00112915039,0.000274658203,-0.000335693359,-52.6315079,-67.2554855
765,37353.5156,-0.00122070312,0.00219726562,0.000366210938,0.000457763672,-51.9941368,-64.6387329
766,37402.3438,-0.00207519531,-0.00122070312,-0.000335693359,0.00048828125,-52.3683014,-64.5455856
767,37451.1719,0.00131225586,-0.00183105469,-0.000366210938,-0.000396728516,-52.9458313,-65.3535538
768,37500,0.00189208984,0.00146484375,0.000335693359,-0.000244140625,-52.4216614,-67.6372833
769,37548.8281,-0.00155639648,0.00186157227,9.15527344e-05,0.000396728516,-52.3004532,-67.8048019
770,37597.6562,-0.00186157227,-0.00149536133,-0.00048828125,0.000305175781,-52.4400673,-64.7944946
771,37646.4844,0.00158691406,-0.00177001953,-0.000274658203,-0.000396728516,-52.4785423,-66.3295975
772,37695.3125,0.00180053711,0.0016784668,0.000518798828,-0.000152587891,-52.1758575,-65.3397064
773,37744.1406,-0.00170898438,0.00180053711,0.000152587891,0.000396728516,-52.1023903,-67.4309845
774,37792.9688,-0.00183105469,-0.00158691406,-0.000518798828,0.000274658203,-52.3128357,-64.6269836
775,37841.7969,0.00158691406,-0.00170898438,-0.000305175781,-0.000366210938,-52.6448746,-66.4350967
776,37890.625,0.0016784668,0.00170898438,0.000244140625,-0.000213623047,-52.412487,-69.7782135
777,37939.4531,-0.00158691406,0.00192260742,0.000213623047,0.000457763672,-52.0657883,-65.931488
778,37988.2812,-0.001953125,-0.00146484375,-0.000457763672,0.000305175781,-52.2472,-65.1901703
779,38037.1094,0.00137329102,-0.00180053711,-0.000396728516,-0.000335693359,-52.9006348,-65.6850204
780,38085.9375,0.00189208984,0.00149536133,0.000213623047,-0.000244140625,-52.353672,-69.7782135
781,38134.7656,-0.00128173828,0.00207519531,0.000335693359,0.000305175781,-52.2553482,-66.8650742
782,38183.5938,-0.00207519531,-0.00103759766,-0.000305175781,0.000396728516,-52.6897202,-66.0114746
783,38232.4219,0.000946044922,-0.00201416016,-0.00048828125,-0.000152587891,-53.0523338,-65.8219299
784,38281.25,0.00216674805,0.0009765625,0.000244140625,-0.000335693359,-52.48069,-67.6372833
785,38330.0781,-0.000732421875,0.00231933594,0.000396728516,0.000213623047,-52.279892,-66.9244308
786,38378.9062,-0.00238037109,-0.00048828125,-0.000274658203,0.00048828125,-52.2881088,-65.0326996
787,38427.7344,0.000305175781,-0.0022277832,-0.000518798828,-6.10351562e-05,-52.9618034,-65.6403198
788,38476.5625,0.00234985352,0.000274658203,0.000152587891,-0.000335693359,-52.5202522,-68.6654739
789,38525.3906,9.15527344e-05,0.00247192383,0.000457763672,0.000152587891,-52.1333466,-66.3295975
790,38574.2188,-0.00244140625,0.000396728516,-0.000213623047,0.000518798828,-52.1340103,-65.0198288
791,38623.0469,-0.000640869141,-0.00231933594,-0.000518798828,-3.05175781e-05,-52.3731918,-65.6850204
792,38671.875,0.00225830078,-0.000732421875,-3.05175781e-05,-0.000457763672,-52.4900093,-66.7679138
793,38720.7031,0.00109863281,0.00216674805,0.000427246094,-9.15527344e-05,-52.2901611,-67.1914597
794,38769.5312,-0.00207519531,0.00140380859,6.10351562e-05,0.000427246094,-52.0223999,-67.2986984
795,38818.3594,-0.0016784668,-0.0016784668,-0.000427246094,0.000183105469,-52.4914474,-66.6541214
796,38867.1875,0.00143432617,-0.00177001953,-0.000335693359,-0.000396728516,-52.8481102,-65.6850204
797,38916.0156,0.00198364258,0.00128173828,0.000305175781,-0.000335693359,-52.5354538,-66.8650742
798,38964.8438,-0.00106811523,0.00231933594,0.000274658203,0.000335693359,-51.857399,-67.2554855
799,39013.6719,-0.00234985352,-0.000518798828,-0.000213623047,0.000427246094,-52.3724899,-66.4173355
800,39062.5,0.000122070312,-0.00225830078,-0.000457763672,-9.15527344e-05,-52.9116898,-66.6168365
801,39111.3281,0.00238037109,-6.10351562e-05,0,-0.000457763672,-52.4642525,-66.7871704
802,39160.1562,0.000671386719,0.00238037109,0.000366210938,6.10351562e-05,-52.1346664,-68.6063843
803,39208.9844,-0.00225830078,0.00115966797,9.15527344e-05,0.000518798828,-51.9079399,-65.5668335
804,39257.8125,-0.00140380859,-0.00189208984,-0.000457763672,0.000213623047,-52.5565376,-65.931488
805,39306.6406,0.00158691406,-0.0016784668,-0.000305175781,-0.000366210938,-52.7282104,-66.4350967
806,39355.4688,0.00198364258,0.00137329102,0.000213623047,-0.000244140625,-52.3501968,-69.7782135
807,39404.2969,-0.000793457031,0.00241088867,0.000305175781,0.000274658203,-51.9098206,-67.7322083
808,39453.125,-0.00238037109,-0.000213623047,-0.000152587891,0.000366210938,-52.4322701,-68.0301361
809,39501.9531,-0.000244140625,-0.00231933594,-0.000427246094,-9.15527344e-05,-52.6448746,-67.1914597
810,39550.7812,0.00225830078,-0.000732421875,-9.15527344e-05,-0.000396728516,-52.4900093,-67.8048019
811,39599.6094,0.00128173828,0.00207519531,0.000335693359,-0.000122070312,-52.2553482,-68.9417953
812,39648.4375,-0.00177001953,0.00180053711,0.000152587891,0.000396728516,-51.955265,-67.4309845
813,39697.2656,-0.00207519531,-0.00112915039,-0.000366210938,0.000305175781,-52.5325546,-66.4350967
814,39746.0938,0.000549316406,-0.00225830078,-0.000579833984,-0.000213623047,-52.6747169,-64.18116
815,39794.9219,0.00231933594,0.000122070312,6.10351562e-05,-0.000335693359,-52.6807098,-69.3398972
816,39843.75,0.000549316406,0.00238037109,0.000427246094,3.05175781e-05,-52.2417755,-67.3643341
817,39892.5781,-0.00210571289,0.00128173828,0,0.000457763672,-52.1631966,-66.7871704
818,39941.4062,-0.00183105469,-0.00158691406,-0.00048828125,0.000183105469,-52.3128357,-65.6551666
819,39990.2344,0.00106811523,-0.00207519531,-0.000335693359,-0.000274658203,-52.6381836,-67.2554855
820,40039.0625,0.00234985352,0.000549316406,9.15527344e-05,-0.000335693359,-52.348114,-69.1695633
821,40087.8906,0.000183105469,0.00247192383,0.000396728516,0.000122070312,-52.1155319,-67.6372833
822,40136.7188,-0.00216674805,0.00103759766,9.15527344e-05,0.000396728516,-52.3871841,-67.8048019
823,40185.5469,-0.00161743164,-0.00173950195,-0.000396728516,0.000213623047,-52.4857025,-66.9244308
824,40234.375,0.00122070312,-0.00189208984,-0.000366210938,-0.000274658203,-52.9498138,-66.7871704
825,40283.2031,0.00234985352,0.000579833984,0.000213623047,-0.000335693359,-52.3224945,-68.004509
826,40332.0312,0.000274658203,0.00241088867,0.000396728516,3.05175781e-05,-52.3004532,-68.004509
827,40380.8594,-0.00219726562,0.00109863281,0,0.00048828125,-52.1932449,-66.226593
828,40429.6875,-0.00173950195,-0.00158691406,-0.000427246094,0.000244140625,-52.5616417,-66.1592712
829,40478.5156,0.00103759766,-0.00201416016,-0.000366210938,-0.000213623047,-52.8959045,-67.4534302
830,40527.3438,0.00238037109,0.000274658203,0.000152587891,-0.000396728516,-52.409668,-67.4309845
831,40576.1719,0.000549316406,0.00241088867,0.000305175781,0,-52.1366501,-70.3089981
832,40625,-0.00201416016,0.00149536133,0.000122070312,0.000457763672,-52.0114594,-66.4888306
833,40673.8281,-0.00201416016,-0.00119018555,-0.000305175781,0.000396728516,-52.6174393,-66.0114746
834,40722.6562,0.000366210938,-0.00228881836,-0.000457763672,-0.000244140625,-52.6979904,-65.7000198
835,40771.4844,0.00219726562,-0.000335693359,-0.000122070312,-0.000335693359,-53.0621414,-68.9417953
836,40820.3125,0.00128173828,0.00210571289,0.000457763672,-0.000122070312,-52.1631966,-66.4888306
837,40869.1406,-0.00143432617,0.00210571289,0.000152587891,0.000366210938,-51.8766708,-68.0301361
838,40917.9688,-0.00231933594,-0.000396728516,-9.15527344e-05,0.000457763672,-52.567482,-66.6168365
839,40966.7969,-0.000579833984,-0.00219726562,-0.000518798828,9.15527344e-05,-52.8699837,-65.5668335
840,41015.625,0.00183105469,-0.00128173828,-0.000244140625,-0.000335693359,-53.0141106,-67.6372833
841,41064.4531,0.00216674805,0.00128173828,0.000305175781,-0.000244140625,-51.9807205,-68.1605606
842,41113.2812,-0.000244140625,0.00238037109,0.000335693359,0.000152587891,-52.4216614,-68.6654739
843,41162.1094,-0.00234985352,0.000885009766,-9.15527344e-05,0.000457763672,-52.0031128,-66.6168365
844,41210.9375,-0.0016784668,-0.00158691406,-0.000335693359,0.000244140625,-52.7282104,-67.6372833
845,41259.7656,0.000793457031,-0.00231933594,-0.000366210938,-0.000335693359,-52.212059,-66.0765381
846,41308.5938,0.00231933594,-0.000244140625,0,-0.000457763672,-52.6448746,-66.7871704
847,41357.4219,0.00128173828,0.00207519531,0.000396728516,-0.000152587891,-52.2553482,-67.4309845
848,41406.25,-0.00128173828,0.00210571289,0.000244140625,0.000213623047,-52.1631966,-69.7782135
849,41455.0781,-0.00244140625,-6.10351562e-05,-0.000183105469,0.000427246094,-52.2444878,-66.6541214
850,41503.9062,-0.00103759766,-0.00213623047,-0.000549316406,6.10351562e-05,-52.4871407,-65.1502609
851,41552.7344,0.00146484375,-0.00177001953,-0.000274658203,-0.000366210938,-52.7747002,-66.7871704
852,41601.5625,0.00238037109,0.00048828125,0.000183105469,-0.000335693359,-52.2881088,-68.3499985
853,41650.3906,0.000640869141,0.00231933594,0.000305175781,0,-52.3731918,-70.3089981
854,41699.2188,-0.00173950195,0.00177001953,0.000183105469,0.000274658203,-52.105011,-69.6271439
855,41748.0469,-0.00225830078,-0.000457763672,-0.000213623047,0.00048828125,-52.749485,-65.4659958
856,41796.875,-0.000701904297,-0.00219726562,-0.00048828125,0.000122070312,-52.7403603,-65.9633102
857,41845.7031,0.00152587891,-0.00164794922,-0.000366210938,-0.000396728516,-52.9722137,-65.3535538
858,41894.5312,0.00231933594,0.000732421875,0.000213623047,-0.000335693359,-52.279892,-68.004509
859,41943.3594,0.000640869141,0.00247192383,0.000396728516,3.05175781e-05,-51.8567734,-68.004509
860,41992.1875,-0.0016784668,0.00183105469,0.000244140625,0.000427246094,-52.0971375,-66.1592712
861,42041.0156,-0.00241088867,-0.000335693359,-0.000213623047,0.000427246094,-52.2730598,-66.4173355
862,42089.8438,-0.000854492188,-0.00213623047,-0.00048828125,6.10351562e-05,-52.7624588,-66.1592712
863,42138.6719,0.00149536133,-0.00164794922,-0.000305175781,-0.000183105469,-53.05233,-68.9736099
864,42187.5,0.00234985352,0.000305175781,0.000122070312,-0.000335693359,-52.506546,-68.9417953
865,42236.3281,0.00103759766,0.00213623047,0.000335693359,-0.000183105469,-52.4871407,-68.3499985
866,42285.1562,-0.00128173828,0.00225830078,0.000244140625,0.000396728516,-51.7116127,-66.6354446
867,42333.9844,-0.00241088867,0.000244140625,-0.000213623047,0.00048828125,-52.312149,-65.4659958
868,42382.8125,-0.00149536133,-0.00186157227,-0.000549316406,0.000122070312,-52.4400673,-64.9942093
869,42431.6406,0.000671386719,-0.00225830078,-0.000396728516,-0.000244140625,-52.5565376,-66.6354446
870,42480.4688,0.00228881836,-0.000518798828,3.05175781e-05,-0.000396728516,-52.5901833,-68.004509
871,42529.2969,0.00170898438,0.00158691406,0.000183105469,-0.000274658203,-52.6448746,-69.6271439
872,42578.125,-0.000213623047,0.00259399414,0.000366210938,0.000305175781,-51.6912651,-66.4350967
873,42626.9531,-0.00207519531,0.00137329102,9.15527344e-05,0.000610351562,-52.0814362,-64.1917648
874,42675.7812,-0.00231933594,-0.000854492188,-0.000366210938,0.000335693359,-52.1399612,-66.0765381
875,42724.6094,-0.000579833984,-0.00219726562,-0.000549316406,0,-52.8699837,-65.2035446
876,42773.4375,0.00152587891,-0.0016784668,-0.000274658203,-0.000305175781,-52.8856735,-67.7322083
877,42822.2656,0.00238037109,0.000274658203,0.000152587891,-0.000335693359,-52.409668,-68.6654739
878,42871.0938,0.00128173828,0.00207519531,0.000305175781,-3.05175781e-05,-52.2553482,-70.2657852
879,42919.9219,-0.000732421875,0.00231933594,0.000366210938,0.000183105469,-52.279892,-67.7562714
880,42968.75,-0.0022277832,0.000946044922,0,0.000549316406,-52.3224945,-65.2035446
881,43017.5781,-0.00201416016,-0.00106811523,-0.000366210938,0.000366210938,-52.841877,-65.7150726
882,43066.4062,-0.000274658203,-0.00231933594,-0.000427246094,-3.05175781e-05,-52.6322479,-67.3643341
883,43115.2344,0.00155639648,-0.00164794922,-0.000244140625,-0.000305175781,-52.8919678,-68.1605606
884,43164.0625,0.00238037109,0.000213623047,0.000152587891,-0.000396728516,-52.4322701,-67.4309845
885,43212.8906,0.00134277344,0.00201416016,0.000335693359,-0.000122070312,-52.3211098,-68.9417953
886,43261.7188,-0.000610351562,0.00250244141,0.000366210938,0.000274658203,-51.7817612,-66.7871704
887,43310.5469,-0.00213623047,0.0012512207,0.000122070312,0.00048828125,-52.1260796,-65.9633102
888,43359.375,-0.0022277832,-0.000732421875,-0.000396728516,0.000396728516,-52.5967979,-65.0198288
889,43408.2031,-0.000915527344,-0.0022277832,-0.000518798828,3.05175781e-05,-52.3648148,-65.6850204
890,43457.0312,0.00115966797,-0.00204467773,-0.000305175781,-0.000152587891,-52.5762558,-69.3398972
891,43505.8594,0.00231933594,-0.000457763672,0,-0.000335693359,-52.5267639,-69.4811401
892,43554.6875,0.00189208984,0.00149536133,0.000213623047,-9.15527344e-05,-52.353672,-72.6747208
893,43603.5156,0.000244140625,0.00250244141,0.000366210938,0.000122070312,-51.991581,-68.2677994
894,43652.3438,-0.00158691406,0.001953125,0.000152587891,0.000366210938,-51.9839096,-68.0301361
895,43701.1719,-0.00244140625,0.000366210938,-0.000122070312,0.000396728516,-52.1505661,-67.6372833
896,43750,-0.00177001953,-0.00146484375,-0.000396728516,0.000213623047,-52.7747002,-66.9244308
897,43798.8281,-9.15527344e-05,-0.00231933594,-0.000396728516,-9.15527344e-05,-52.6859665,-67.8048019
898,43847.6562,0.00161743164,-0.0016784668,-0.000366210938,-0.000213623047,-52.6493378,-67.4534302
899,43896.4844,0.00238037109,3.05175781e-05,9.15527344e-05,-0.000427246094,-52.4663925,-67.1914597
900,43945.3125,0.00170898438,0.00180053711,0.000305175781,-0.000213623047,-52.1023903,-68.5771332
901,43994.1406,9.15527344e-05,0.00247192383,0.000396728516,9.15527344e-05,-52.1333466,-67.8048019
902,44042.9688,-0.00158691406,0.00192260742,0.000213623047,0.000396728516,-52.0657883,-66.9244308
903,44091.7969,-0.00244140625,0.000335693359,-0.000213623047,0.000518798828,-52.1658554,-65.0198288
904,44140.625,-0.00192260742,-0.00131225586,-0.000366210938,0.000305175781,-52.6612625,-66.4350967
905,44189.4531,-0.000427246094,-0.00225830078,-0.000518798828,0,-52.771637,-65.7000198
906,44238.2812,0.00122070312,-0.00183105469,-0.000335693359,-0.000335693359,-53.1489639,-66.4708481
907,44287.1094,0.00234985352,-0.000457763672,3.05175781e-05,-0.000427246094,-52.4174271,-67.3643341
908,44335.9375,0.00207519531,0.0012512207,0.000152587891,-0.000244140625,-52.312149,-70.8151016
909,44384.7656,0.000762939453,0.00247192383,0.000274658203,6.10351562e-05,-51.7441254,-71.0148087
910,44433.5938,-0.000915527344,0.00244140625,0.000152587891,0.000366210938,-51.6757736,-68.0301361
911,44482.4219,-0.00219726562,0.00128173828,6.10351562e-05,0.000457763672,-51.8904037,-66.7106476
912,44531.25,-0.00234985352,-0.000396728516,-0.000183105469,0.000366210938,-52.4571228,-67.7562714
913,44580.0781,-0.00152587891,-0.0016784668,-0.000427246094,0.000244140625,-52.8856735,-66.1592712
914,44628.9062,-3.05175781e-05,-0.00225830078,-0.000549316406,-6.10351562e-05,-52.9235687,-65.1502609
915,44677.7344,0.00155639648,-0.0016784668,-0.000244140625,-0.000183105469,-52.807003,-70.3089981
916,44726.5625,0.00238037109,-0.000335693359,0,-0.000335693359,-52.3815842,-69.4811401
917,44775.3906,0.00210571289,0.00128173828,0.000183105469,-0.000274658203,-52.1631966,-69.6271439
918,44824.2188,0.0009765625,0.00234985352,0.000396728516,-6.10351562e-05,-51.8872795,-67.9285355
919,44873.0469,-0.000610351562,0.00253295898,0.000305175781,0.000305175781,-51.6823196,-67.2986984
920,44921.875,-0.00198364258,0.00170898438,3.05175781e-05,0.000518798828,-51.6396294,-65.6850204
921,44970.7031,-0.00244140625,9.15527344e-05,-9.15527344e-05,0.000366210938,-52.2410965,-68.4620819
922,45019.5312,-0.00204467773,-0.00134277344,-0.000396728516,0.000213623047,-52.2302666,-66.9244308
923,45068.3594,-0.000762939453,-0.00213623047,-0.000457763672,0.000152587891,-52.8856735,-66.3295975
924,45117.1875,0.000732421875,-0.00219726562,-0.000366210938,-0.000213623047,-52.7047729,-67.4534302
925,45166.0156,0.00192260742,-0.00134277344,-0.000213623047,-0.00048828125,-52.5967979,-65.4659958
926,45214.8438,0.00238037109,9.15527344e-05,3.05175781e-05,-0.000396728516,-52.4606857,-68.004509
927,45263.6719,0.00201416016,0.00146484375,0.000274658203,-0.000244140625,-52.0742569,-68.6953125
928,45312.5,0.000885009766,0.00241088867,0.000396728516,0,-51.8074379,-68.0301361
929,45361.3281,-0.00048828125,0.00250244141,0.000396728516,0.000274658203,-51.8704453,-66.3295975
930,45410.1562,-0.00180053711,0.00186157227,6.10351562e-05,0.000518798828,-51.7344666,-65.6403198
931,45458.9844,-0.00241088867,0.000549316406,-0.000152587891,0.000427246094,-52.1366501,-66.8650742
932,45507.8125,-0.00219726562,-0.000823974609,-0.000244140625,0.000366210938,-52.5909195,-67.1283646
933,45556.6406,-0.00137329102,-0.00183105469,-0.000396728516,0.000152587891,-52.8077736,-67.4309845
934,45605.4688,-9.15527344e-05,-0.00225830078,-0.000457763672,-6.10351562e-05,-52.9172325,-66.7106476
935,45654.2969,0.00122070312,-0.00189208984,-0.000305175781,-0.000305175781,-52.9498138,-67.2986984
936,45703.125,0.00213623047,-0.000946044922,-9.15527344e-05,-0.000366210938,-52.6292801,-68.4620819
937,45751.9531,0.00231933594,0.000366210938,3.05175781e-05,-0.000335693359,-52.5857849,-69.4454041
938,45800.7812,0.00189208984,0.00155639648,0.000152587891,-0.000213623047,-52.2167664,-71.616684
939,45849.6094,0.0009765625,0.00234985352,0.000335693359,-3.05175781e-05,-51.8872795,-69.4454041
940,45898.4375,-0.000244140625,0.00253295898,0.000305175781,0.000183105469,-51.8872795,-68.9736099
941,45947.2656,-0.00146484375,0.00210571289,0.000122070312,0.000305175781,-51.8178787,-69.6644211
942,45996.0938,-0.00216674805,0.00122070312,6.10351562e-05,0.000457763672,-52.0866623,-66.7106476
943,46044.9219,-0.00241088867,6.10351562e-05,-0.000122070312,0.000457763672,-52.353672,-66.4888306
944,46093.75,-0.00207519531,-0.00109863281,-0.000335693359,0.000396728516,-52.5857849,-65.6850204
945,46142.5781,-0.0012512207,-0.00189208984,-0.000518798828,0.000152587891,-52.8856735,-65.3397064
946,46191.4062,-3.05175781e-05,-0.0022277832,-0.000366210938,0,-53.0417252,-68.7253723
947,46240.2344,0.00100708008,-0.001953125,-0.000366210938,-0.000305175781,-53.1615105,-66.4350967
948,46289.0625,0.00186157227,-0.00115966797,-0.000152587891,-0.000305175781,-53.1782951,-69.3398972
949,46337.8906,0.00234985352,-0.000183105469,-3.05175781e-05,-0.000427246094,-52.5528946,-67.3643341
950,46386.7188,0.00216674805,0.000946044922,0.000213623047,-0.000213623047,-52.5260391,-70.3967361
951,46435.5469,0.0016784668,0.00186157227,0.000244140625,-9.15527344e-05,-52.0185318,-71.6757736
952,46484.375,0.000762939453,0.00238037109,0.000274658203,-0.000152587891,-52.0424232,-70.0559387
953,46533.2031,-0.000274658203,0.00262451172,0.000305175781,0.000274658203,-51.5717278,-67.7322083
954,46582.0312,-0.00128173828,0.00228881836,0.000244140625,0.000335693359,-51.6231461,-67.6372833
955,46630.8594,-0.00204467773,0.00161743164,3.05175781e-05,0.000518798828,-51.67696,-65.6850204
956,46679.6875,-0.00234985352,0.000610351562,-3.05175781e-05,0.000457763672,-52.2956467,-66.7679138
957,46728.5156,-0.00241088867,-0.000366210938,-0.000274658203,0.000396728516,-52.2573891,-66.3295975
958,46777.3438,-0.00192260742,-0.0012512207,-0.000427246094,0.000305175781,-52.7885132,-65.596077
959,46826.1719,-0.00119018555,-0.00198364258,-0.000396728516,0.000152587891,-52.7153435,-67.4309845
960,46875,-0.000305175781,-0.00216674805,-0.000518798828,3.05175781e-05,-53.1985245,-65.6850204
961,46923.8281,0.000671386719,-0.00216674805,-0.000335693359,-0.000213623047,-52.8856735,-68.004509
962,46972.6562,0.00155639648,-0.00158691406,-0.000274658203,-0.000122070312,-53.0621414,-70.4412766
963,47021.4844,0.00213623047,-0.000946044922,-0.000152587891,-0.000457763672,-52.6292801,-66.3295975
964,47070.3125,0.00231933594,3.05175781e-05,-9.15527344e-05,-0.000213623047,-52.6919746,-72.6747208
965,47119.1406,0.00228881836,0.000854492188,6.10351562e-05,-0.000213623047,-52.2410965,-73.0662384
966,47167.9688,0.00198364258,0.00158691406,0.000335693359,-0.000213623047,-51.9022942,-68.004509
967,47216.7969,0.00134277344,0.00225830078,0.000305175781,-9.15527344e-05,-51.6096458,-69.9347382
968,47265.625,0.000518798828,0.00262451172,0.000366210938,6.10351562e-05,-51.4525604,-68.6063843
969,47314.4531,-0.000305175781,0.00271606445,0.000335693359,0.000274658203,-51.2667122,-67.2554855
970,47363.2812,-0.00115966797,0.00241088867,0.000244140625,0.000274658203,-51.4525604,-68.6953125
971,47412.1094,-0.00173950195,0.001953125,0.000213623047,0.000366210938,-51.6490784,-67.4534302
972,47460.9375,-0.00210571289,0.00134277344,6.10351562e-05,0.000457763672,-52.0501938,-66.7106476
973,47509.7656,-0.00241088867,0.000671386719,-9.15527344e-05,0.000518798828,-52.032074,-65.5668335
974,47558.5938,-0.00231933594,-0.000183105469,-0.000152587891,0.000427246094,-52.6657448,-66.8650742
975,47607.4219,-0.00219726562,-0.000854492188,-0.000366210938,0.000335693359,-52.5507126,-66.0765381
976,47656.25,-0.00170898438,-0.00134277344,-0.000335693359,0.000335693359,-53.2572098,-66.4708481
977,47705.0781,-0.00119018555,-0.00177001953,-0.000396728516,0.000152587891,-53.4203529,-67.4309845
978,47753.9062,-0.000518798828,-0.00204467773,-0.000457763672,3.05175781e-05,-53.5165367,-66.7679138
979,47802.7344,0.000122070312,-0.00207519531,-0.000427246094,-9.15527344e-05,-53.6438179,-67.1914597
980,47851.5625,0.000762939453,-0.00189208984,-0.000366210938,-6.10351562e-05,-53.8068962,-68.6063843
981,47900.3906,0.00137329102,-0.00158691406,-0.000213623047,-0.000244140625,-53.561306,-69.7782135
982,47949.2188,0.00180053711,-0.00109863281,-0.000213623047,-0.000183105469,-53.5174484,-71.0148087
983,47998.0469,0.00204467773,-0.000640869141,-0.000152587891,-0.000305175781,-53.3805275,-69.3398972
984,48046.875,0.00234985352,3.05175781e-05,6.10351562e-05,-0.000244140625,-52.5784531,-71.9839096
985,48095.7031,0.00238037109,0.000579833984,6.10351562e-05,-0.000335693359,-52.2167664,-69.3398972
986,48144.5312,0.00216674805,0.00115966797,9.15527344e-05,-0.000244140625,-52.1898994,-71.6757736
987,48193.3594,0.00198364258,0.00161743164,0.000152587891,-0.000183105469,-51.8369713,-72.4557037
988,48242.1875,0.00158691406,0.00204467773,0.000305175781,-9.15527344e-05,-51.7398987,-69.9347382
989,48291.0156,0.00128173828,0.00256347656,0.000305175781,0.000183105469,-50.8543091,-68.9736099
990,48339.8438,0.000762939453,0.00268554688,0.000274658203,6.10351562e-05,-51.0822639,-71.0148087
991,48388.6719,0.000335693359,0.00280761719,0.000366210938,9.15527344e-05,-50.9715958,-68.4620819
992,48437.5,-0.000244140625,0.00274658203,0.000152587891,0.000244140625,-51.1899643,-70.8151016
993,48486.3281,-0.000640869141,0.00274658203,0.000274658203,0.000335693359,-50.9939117,-67.2554855
994,48535.1562,-0.00112915039,0.00268554688,0.000305175781,0.00048828125,-50.7123871,-64.7944946
995,48583.9844,-0.00143432617,0.00244140625,0.000335693359,0.000579833984,-50.9594727,-63.4785271
996,48632.8125,-0.00173950195,0.00213623047,9.15527344e-05,0.000396728516,-51.1979523,-67.8048019
997,48681.6406,-0.00198364258,0.00177001953,9.15527344e-05,0.000427246094,-51.5071526,-67.1914597
998,48730.4688,-0.00219726562,0.00155639648,0,0.000518798828,-51.3964119,-65.7000198
999,48779.2969,-0.00234985352,0.00122070312,-9.15527344e-05,0.000549316406,-51.541626,-65.0845566
1000,48828.125,-0.00241088867,0.000854492188,-0.000122070312,0.00048828125,-51.8425369,-65.9633102
1001,48876.9531,-0.00234985352,0.000549316406,-0.000213623047,0.00048828125,-52.348114,-65.4659958
1002,48925.7812,-0.00231933594,0.000244140625,-0.000274658203,0.000518798828,-52.6448746,-64.6269836
1003,48974.6094,-0.00228881836,-3.05175781e-05,-0.000213623047,0.000427246094,-52.807003,-66.4173355
1004,49023.4375,-0.00210571289,-0.000274658203,-0.000305175781,0.00048828125,-53.4587517,-64.7944946
1005,49072.2656,-0.00201416016,-0.00048828125,-0.000335693359,0.000396728516,-53.670105,-65.6850204
1006,49121.0938,-0.00183105469,-0.000701904297,-0.000335693359,0.000427246094,-54.150547,-65.2984009
1007,49169.9219,-0.00164794922,-0.000823974609,-0.000396728516,0.000396728516,-54.6920242,-65.0198288
1008,49218.75,-0.00140380859,-0.0009765625,-0.000335693359,0.000244140625,-55.3397026,-67.6372833
1009,49267.5781,-0.00128173828,-0.00103759766,-0.000427246094,0.000244140625,-55.6551704,-66.1592712
1010,49316.4062,-0.00103759766,-0.00106811523,-0.000335693359,0.000305175781,-56.5414047,-66.8650742
1011,49365.2344,-0.000823974609,-0.00103759766,-0.000335693359,0.000274658203,-57.5558853,-67.2554855
1012,49414.0625,-0.000671386719,-0.00112915039,-0.000518798828,0.000183105469,-57.6302414,-65.1901703
1013,49462.8906,-0.00048828125,-0.00109863281,-0.000335693359,0.000152587891,-58.4000816,-68.6654739
1014,49511.7188,-0.000457763672,-0.00109863281,-0.000518798828,0.000152587891,-58.4877052,-65.3397064
1015,49560.5469,-0.000213623047,-0.0009765625,-0.000335693359,0.000122070312,-60.0029984,-68.9417953
1016,49609.375,-9.15527344e-05,-0.000854492188,-0.00048828125,0.000122070312,-61.3162651,-65.9633102
1017,49658.2031,3.05175781e-05,-0.000793457031,-0.000457763672,6.10351562e-05,-62.0031128,-66.7106476
1018,49707.0312,0.000183105469,-0.000701904297,-0.000366210938,3.05175781e-05,-62.7885132,-68.6953125
1019,49755.8594,0.000305175781,-0.000610351562,-0.000366210938,9.15527344e-05,-63.3192978,-68.4620819
1020,49804.6875,0.000335693359,-0.000579833984,-0.000366210938,-6.10351562e-05,-63.4785271,-68.6063843
1021,49853.5156,0.000305175781,-0.000396728516,-0.000366210938,0.000122070312,-66.0114746,-68.2677994
1022,49902.3438,0.000457763672,-0.000244140625,-0.000396728516,3.05175781e-05,-65.7000198,-68.004509
1023,49951.1719,0.000396728516,-0.000122070312,-0.000427246094,3.05175781e-05,-67.6372833,-67.3643341
1024,50000,0.000518798828,0,-0.000366210938,0,-65.7000198,-68.7253723
